1 3 1
1 1936 0
1 1174 0
1 2878 0
1 1905 0
1 3514 0
1 1123 0
1 1131 0
1 4444 0
1 3711 0
1 4425 0
2 3627 1
2 2191 1
2 4473 1
2 3943 1
2 2950 0
2 2670 0
2 2597 0
2 795 0
2 2801 0
2 2497 0
2 1687 0
2 1161 0
2 2595 0
2 1466 0
3 3919 0
3 314 0
3 3740 0
3 4120 0
3 3903 0
3 3995 0
3 1287 0
3 2616 0
3 4112 0
3 1350 0
3 3228 0
3 1069 0
3 2347 0
3 3166 0
3 569 1
3 138 0
3 1730 1
3 882 1
3 2067 1
4 3 1
4 4 1
4 5029 0
4 593 0
4 1388 0
4 1936 0
4 1889 0
4 2541 0
4 3055 0
4 1747 0
5 6304 1
5 2878 1
5 1905 1
5 3514 1
5 1123 1
5 3711 1
5 4444 1
5 1131 1
5 4425 1
5 2984 0
5 1920 1
5 4259 1
5 894 1
5 2982 0
5 2182 1
5 4195 1
5 323 1
5 3516 1
5 4594 1
5 4442 1
5 2877 1
5 163 1
5 635 1
5 27 1
5 612 1
5 1122 1
5 1786 1
5 2075 1
5 2654 1
5 4763 1
5 1628 1
5 1980 1
5 5259 1
5 1174 1
5 2979 1
5 2978 1
5 593 1
5 1892 1
5 3689 1
5 1238 1
5 3528 1
5 1451 1
5 5239 1
5 5287 1
5 4392 1
5 4674 1
5 28 0
5 29 0
5 2981 0
5 1383 1
6 6304 1
6 2878 1
6 1905 1
6 3514 1
6 1123 1
6 3711 1
6 4444 1
6 1131 1
6 4425 1
6 2984 0
6 1920 1
6 4259 1
6 894 1
6 2982 0
6 2182 1
6 4195 1
6 323 1
6 3516 1
6 4594 1
6 4442 1
6 2877 1
6 163 1
6 635 1
6 27 1
6 612 1
6 1122 1
6 1786 1
6 2075 1
6 2654 1
6 4763 1
6 1628 1
6 1980 1
6 5259 1
6 1174 1
6 2979 1
6 2978 1
6 593 1
6 1892 1
6 3689 1
6 1238 1
6 3528 1
6 1451 1
6 5239 1
6 5287 1
6 4392 1
6 4674 1
6 28 0
6 29 0
6 2981 0
6 1383 1
7 9 1
7 1554 0
7 224 0
7 4978 0
7 1255 0
7 6450 0
7 1926 0
7 3474 0
7 2980 0
7 640 1
8 1998 1
8 970 1
8 3106 1
8 5408 1
8 5567 1
8 3969 1
8 6711 1
8 1021 1
8 4409 1
8 6534 1
8 266 1
8 2142 1
8 5365 1
8 764 1
8 5446 1
8 1477 1
8 3539 1
8 6319 1
8 3835 1
8 5388 1
8 3957 1
8 3703 1
8 281 1
8 4098 1
8 2854 1
8 3606 1
8 474 1
8 5542 1
8 3374 1
8 3649 1
8 6436 1
8 6066 1
8 1149 1
8 1637 1
8 546 1
8 3628 1
8 4414 1
8 1022 1
8 5398 1
8 1002 1
8 6472 1
8 3165 1
8 838 1
8 6718 1
8 5516 1
8 291 1
8 866 1
8 867 1
8 1908 1
8 3888 1
9 6436 0
9 2033 1
9 2067 1
9 6374 1
9 3562 1
9 6488 1
9 1730 1
9 2345 1
9 5277 1
9 4963 1
9 327 1
9 2034 1
9 6797 1
9 2758 1
9 5717 1
9 3271 1
9 3875 1
9 6301 1
9 3443 1
9 996 1
9 5580 1
9 2062 1
9 6492 1
9 6005 1
9 6507 1
9 5613 0
9 6292 1
9 379 1
9 2061 1
9 5638 1
9 380 1
9 6288 1
9 4114 1
9 4924 1
9 6756 1
9 5693 1
9 4307 1
9 3428 1
9 6568 1
9 6617 1
9 3877 1
9 182 1
9 5595 0
9 2347 1
9 1105 1
9 5591 0
9 1115 1
9 6801 0
9 1993 0
9 5470 0
10 3583 1
10 3739 1
10 4200 1
10 6023 1
10 2284 0
10 3580 0
10 640 1
10 2446 0
10 3592 1
10 2953 0
10 4411 0
10 541 0
10 2969 0
10 2685 0
10 4337 0
10 566 0
10 494 1
10 2502 0
10 4646 0
10 1915 1
10 13 1
10 1840 1
10 5323 1
10 6050 1
10 6866 1
10 5853 1
10 3525 1
10 5509 1
10 4710 1
10 6218 0
10 1848 0
10 809 1
10 5291 1
10 3098 1
10 3452 0
10 5755 1
10 4376 0
10 2697 0
10 617 0
10 3867 1
10 153 0
10 4325 1
10 2293 0
10 4923 1
10 5356 1
10 1172 1
10 4884 0
10 4978 1
10 1926 1
10 2378 1
11 2042 1
11 777 0
11 5576 1
11 6505 0
11 6456 1
11 6767 0
11 3343 0
11 5031 1
11 4166 1
11 2961 0
11 3538 1
11 1745 1
11 3400 1
11 1934 1
11 4763 1
11 1746 0
11 2092 0
11 5456 0
11 56 0
11 4000 0
11 4724 0
11 204 0
11 3859 0
11 3359 1
11 6773 1
11 6580 1
11 3715 1
11 2676 1
11 5770 1
11 2825 1
11 5501 1
11 104 1
11 6015 1
11 2715 1
11 5322 1
11 5074 1
11 1744 1
11 3010 1
11 25 0
11 555 1
11 5954 1
11 2318 1
11 2141 1
11 6546 1
11 3389 1
11 1936 0
11 6179 1
11 2264 1
11 4472 0
11 5245 0
12 2046 1
12 1437 1
12 6382 1
12 210 1
12 747 1
12 2817 1
12 904 0
12 3347 1
12 5021 0
12 2616 0
12 6109 0
12 3740 0
12 4120 0
12 520 0
12 1707 0
12 4118 0
12 1923 0
12 3233 0
12 6265 0
12 4196 0
13 6856 1
13 1526 1
13 106 0
13 1446 0
13 965 0
13 5039 0
13 2284 0
13 6412 0
13 1710 0
13 3836 1
13 3412 0
13 3424 0
13 3987 0
13 2437 1
13 2447 1
13 2426 1
13 4263 1
13 3363 1
13 3229 0
14 2636 1
14 1776 1
14 3671 1
14 2201 1
14 3341 1
14 6131 1
14 2217 1
14 4621 1
14 4253 1
14 5773 1
14 3218 0
14 4963 1
14 2110 1
14 182 1
14 1981 1
14 3340 1
14 6458 0
14 72 1
14 2645 1
14 2166 1
14 3721 1
15 2338 0
15 4623 0
15 946 0
15 5957 0
15 4116 0
15 5664 0
15 1493 0
15 2351 0
15 2062 0
15 3912 0
15 4189 0
15 1664 0
15 2397 0
15 1641 0
15 3823 0
15 536 0
15 4124 0
15 6420 0
15 6860 0
16 2941 1
16 4963 1
16 6191 1
16 3949 0
16 3443 1
16 2895 1
16 2897 1
16 4275 1
16 172 0
16 6868 0
16 6756 1
16 4572 0
16 5613 1
16 2435 0
16 5159 1
16 2347 0
16 3052 0
16 5597 1
17 2546 1
17 3648 1
17 4754 1
17 2550 1
17 4951 0
17 2553 1
17 2372 0
17 5345 0
17 2113 0
17 4957 0
17 6572 0
17 1272 0
17 1817 0
17 6186 0
17 6183 0
17 6669 0
17 6563 0
17 3324 0
17 2748 0
17 2535 1
17 1204 1
17 6691 1
17 2536 0
17 2114 0
17 2551 1
17 6370 0
17 4461 0
17 5697 0
17 2288 0
17 1805 0
17 2413 0
17 5015 0
18 645 1
18 6616 1
18 2874 1
18 3843 1
18 113 1
18 3170 1
18 4959 1
18 1379 1
18 2575 1
18 5153 1
18 2002 1
18 3438 1
18 1775 1
18 6754 1
18 5238 1
18 6125 1
18 1545 1
18 5246 1
18 2196 1
18 4634 1
18 3431 1
18 6339 1
18 1733 1
18 1748 1
18 5604 1
18 84 1
18 3799 1
18 3425 1
18 508 1
18 3852 1
18 2015 1
18 3216 1
18 4080 1
18 3405 1
18 616 1
18 498 1
18 2593 1
18 3412 1
18 1568 1
18 5640 1
18 656 1
18 297 1
18 6818 1
18 1833 1
18 2228 1
18 2087 1
18 614 1
18 3599 1
19 3646 0
19 2747 1
19 5088 1
19 5071 0
19 6426 0
19 3234 1
19 495 1
19 6047 0
19 6864 1
19 1358 1
19 458 0
19 6461 0
19 5731 0
19 289 0
19 2964 0
19 4661 1
19 1861 0
19 2558 1
19 5892 1
20 101 1
20 5959 1
20 1616 1
20 1403 1
20 6332 1
20 2706 1
20 102 1
20 1972 1
20 2305 1
20 4032 1
20 2030 1
20 368 0
20 4422 0
20 5850 0
20 3359 0
20 645 0
20 6350 0
20 4321 0
20 6500 0
20 3556 0
20 2374 0
20 5491 0
20 2287 0
20 4385 0
20 2440 0
20 2398 0
20 6356 0
20 6843 1
20 3770 0
20 5765 0
20 3570 0
20 783 0
20 1686 0
20 835 0
20 1923 0
20 3007 0
20 1804 0
20 5886 0
20 2014 0
20 2913 0
20 5084 0
20 6355 0
20 556 0
20 2972 0
20 2442 0
20 3373 0
20 2444 0
20 6564 0
20 6482 0
20 6440 0
21 2095 1
21 2508 1
21 1606 1
21 360 1
21 974 1
21 5984 0
21 4768 0
21 5708 1
21 388 0
21 2901 0
21 4229 0
21 4602 0
21 1237 0
21 5449 0
21 6424 1
21 934 0
21 5427 0
21 3436 0
21 1145 0
21 5229 1
21 3729 0
21 426 0
21 1696 0
21 3773 0
21 3813 0
21 2008 0
21 4958 0
21 6236 0
21 6734 0
21 1101 0
21 6759 0
21 4973 0
21 3179 0
21 2569 0
21 6284 0
21 3128 0
21 5097 0
21 761 0
21 857 0
21 4030 0
21 4617 0
21 5273 0
21 1711 0
21 5199 0
21 2603 0
21 6294 0
21 930 0
21 5589 0
21 5135 0
21 3097 0
22 2095 1
22 2508 1
22 1606 1
22 360 1
22 974 1
22 5984 0
22 4768 0
22 5708 1
22 388 0
22 2901 0
22 4229 0
22 4602 0
22 1237 0
22 5449 0
22 6424 1
22 934 0
22 5427 0
22 3436 0
22 1145 0
22 5229 1
22 3729 0
22 426 0
22 1696 0
22 3773 0
22 3813 0
22 2008 0
22 4958 0
22 6236 0
22 6734 0
22 1101 0
22 6759 0
22 4973 0
22 3179 0
22 2569 0
22 6284 0
22 3128 0
22 5097 0
22 761 0
22 857 0
22 4030 0
22 4617 0
22 5273 0
22 1711 0
22 5199 0
22 2603 0
22 6294 0
22 930 0
22 5589 0
22 5135 0
22 3097 0
23 219 1
23 6348 0
23 1234 0
23 3256 1
23 3582 1
23 6483 1
23 4393 1
23 2417 0
23 956 1
23 1509 1
23 1542 1
23 3455 0
23 6612 0
23 3456 0
23 4090 0
23 6127 0
23 115 0
23 1646 0
23 5507 0
23 1976 0
23 6523 0
23 1451 0
24 1613 1
24 5006 0
24 5367 0
24 3642 0
24 1960 0
24 884 0
24 889 0
24 4674 0
24 2278 0
24 5000 0
24 4686 0
24 2566 0
24 4894 0
24 2894 0
24 87 0
24 1963 0
24 5172 0
24 3902 0
24 3906 0
24 1362 0
24 6671 0
24 89 0
24 1395 0
24 2751 0
24 3245 0
24 4166 0
24 3236 0
24 6842 0
24 4250 0
24 371 0
24 959 0
24 969 0
24 2902 0
24 958 0
24 3735 0
24 1186 0
24 3207 0
24 2943 0
24 955 0
24 1189 0
24 1223 0
24 6659 0
24 148 0
24 3213 0
24 556 0
24 4304 0
24 3901 0
24 934 0
24 4706 0
24 2743 0
25 6160 1
25 5872 1
25 2186 1
25 6163 1
25 6401 1
25 4641 1
25 3502 0
25 4451 1
25 6171 0
25 5206 1
25 5616 1
25 4819 1
25 3775 0
25 2171 1
25 1738 1
26 1641 0
26 6475 0
26 4519 0
26 4971 0
26 5557 0
26 26 0
26 3063 0
26 4951 0
26 3219 0
26 4328 0
26 1200 0
26 3762 0
26 666 0
26 5832 0
26 3346 0
26 5620 0
26 1665 0
26 5746 0
26 3529 0
26 5297 0
26 3009 0
26 5467 0
26 310 0
26 887 0
26 5026 0
26 2297 0
26 5299 0
26 96 1
26 3642 0
26 94 1
26 2890 0
26 3142 0
26 133 0
26 1640 0
26 801 0
26 5286 0
26 2282 0
26 2966 0
26 1186 0
26 6042 0
26 2288 0
26 2426 0
26 6629 0
26 6018 0
26 6064 0
26 5742 0
26 6575 1
26 3046 0
26 5300 0
27 1938 1
27 2707 1
27 115 1
27 862 1
27 5737 0
27 3557 0
27 6202 0
27 530 0
27 6464 0
27 531 0
27 6180 0
27 1986 0
27 471 0
27 4983 0
27 2139 0
27 5644 0
27 88 0
27 4660 0
27 3983 0
27 2251 0
27 479 0
27 5533 0
27 3407 0
27 3774 0
27 3646 0
27 2405 0
27 6047 0
27 5247 0
27 317 0
27 5053 0
27 2964 0
27 3736 0
27 2404 0
27 5094 0
27 5106 0
27 6501 0
27 3331 0
27 6856 0
27 5269 0
27 2403 0
27 3411 0
27 3863 0
27 5136 0
27 2746 0
27 2741 0
27 3534 0
27 3574 0
27 4605 0
27 546 0
27 3984 0
28 4680 1
28 2812 1
28 4905 1
28 5263 1
28 3686 1
28 226 0
28 803 1
28 3240 1
28 3242 1
28 1189 0
28 2902 1
28 3213 1
28 3125 1
28 5283 0
28 4306 0
28 3474 0
28 925 1
28 2508 0
28 1606 0
28 2095 0
28 2206 0
28 360 0
28 974 0
28 5948 0
28 4498 0
28 3183 0
28 1464 0
28 1605 0
28 2207 0
28 2512 0
28 5926 0
28 5479 0
29 3583 1
29 4200 0
29 3739 1
29 6023 0
29 2284 0
29 3580 0
29 640 1
29 2446 0
29 3592 0
29 2953 0
30 478 1
30 1366 1
30 5008 1
30 1368 1
30 3225 1
30 553 1
30 6619 1
30 554 1
30 1398 1
30 999 1
31 3646 0
31 2747 1
31 5088 1
31 5071 0
31 6426 0
31 3234 1
31 495 1
31 6047 0
31 6864 1
31 1358 1
31 458 0
31 6461 0
31 5731 0
31 289 0
31 2964 1
31 4661 1
31 1861 0
31 1938 0
31 2558 1
31 5261 0
31 5892 1
31 4705 1
31 2776 1
31 3392 1
31 5179 1
31 1968 1
31 5149 1
31 6589 1
32 2373 1
32 2608 0
32 6370 1
32 817 0
32 2245 0
32 3126 0
32 3503 0
32 3386 1
32 665 1
32 2322 1
32 1248 0
32 2108 0
32 6790 0
32 5819 0
32 1003 0
32 2352 0
32 1774 0
32 6426 0
32 5071 0
32 3737 1
33 5348 1
33 4957 1
33 4951 1
33 3661 1
33 1970 1
33 6368 1
33 5701 1
33 1640 1
33 71 1
33 3937 1
34 4189 1
34 719 1
34 3386 0
34 6698 0
34 5483 0
34 5322 0
34 6378 0
34 3199 0
34 3072 0
34 4203 0
34 1708 0
34 5274 0
34 576 0
34 2248 0
34 1341 0
34 2372 0
34 6184 0
34 559 0
34 344 0
35 2980 1
35 9 1
35 6293 1
35 3474 1
35 6450 0
35 1255 0
35 4978 0
35 1926 1
35 1554 1
35 640 1
35 1931 1
35 224 0
35 1526 1
35 2284 0
35 6412 0
36 3940 1
36 3450 1
36 967 0
36 579 0
36 4919 0
36 4486 0
36 6097 0
36 6486 1
36 1460 0
36 5565 1
36 5406 1
36 1159 0
36 1458 0
36 4472 1
36 5245 1
36 3540 1
36 2585 0
36 3145 0
36 1737 0
36 5675 1
36 3268 1
36 3136 1
36 5776 0
36 2950 0
36 3522 1
36 3044 0
36 3944 1
36 1687 1
36 1466 1
36 3499 1
36 5556 1
37 904 1
37 3347 0
37 5021 0
37 2616 1
37 6109 1
37 520 0
37 3740 1
37 4120 1
37 314 1
37 3099 0
37 3994 1
37 155 1
37 3568 1
37 1869 1
37 5366 1
37 5430 1
37 6625 1
37 5205 1
37 4878 1
37 3121 0
37 709 0
37 6787 0
37 4035 0
37 6257 0
37 1707 0
37 4118 0
37 6265 0
37 3233 0
37 1923 1
37 747 1
37 4196 0
37 191 1
37 4978 1
37 6117 0
37 3206 0
37 5925 1
37 3867 0
37 5403 1
37 2599 1
38 3449 1
38 4083 1
38 2747 1
38 3432 1
38 1109 1
38 270 1
38 5991 1
38 850 1
38 5385 1
38 675 1
38 2093 1
38 5301 1
38 5877 1
39 6711 1
39 5567 1
39 1998 1
39 970 1
39 3106 1
39 1021 1
39 6534 1
39 266 1
39 2142 1
39 4409 1
40 3583 1
40 3739 1
40 4200 0
40 6023 0
40 2284 0
40 3580 0
40 640 1
40 2446 0
40 3592 0
40 2953 0
40 4411 0
40 541 0
40 2969 0
40 2685 0
40 4337 0
40 566 0
40 494 1
40 2502 0
40 1915 1
40 13 1
40 1840 1
40 5323 1
40 6050 1
40 6866 1
40 5853 1
40 3525 1
40 5509 1
40 4710 1
41 5912 1
41 6762 1
41 2363 1
41 1619 1
41 4041 1
41 422 1
41 585 1
41 6737 1
41 6746 1
41 3989 1
41 3614 1
42 2062 1
42 6617 1
42 2347 1
42 2033 1
42 2067 1
42 6374 1
42 3562 1
42 6488 1
42 1730 1
42 2345 1
42 5277 1
42 4963 1
43 1617 0
43 4579 1
43 5103 1
43 1533 1
43 4283 0
43 442 0
43 1162 1
43 221 1
43 2981 1
43 630 1
43 34 1
43 1900 1
43 5029 1
43 6096 0
43 660 0
43 6509 1
44 684 1
44 1471 1
44 5669 1
44 3241 1
44 144 1
44 4445 1
44 296 1
44 1447 1
44 5581 1
44 5585 1
44 917 1
45 1885 1
45 644 1
45 6224 1
45 1124 1
45 353 1
45 2978 1
45 4361 1
45 119 1
45 2475 1
45 4714 1
45 6615 1
45 5399 1
45 368 1
45 4422 1
45 3510 1
45 1657 1
45 4453 1
45 6460 1
45 3838 1
45 1989 1
45 1934 1
45 1239 0
45 596 0
45 3918 0
45 3923 0
45 6355 0
45 24 0
45 1394 0
45 323 0
45 4183 0
45 2391 1
45 3565 1
45 1386 0
45 1467 0
45 5798 0
45 2788 0
45 610 0
45 1320 0
45 4003 0
45 222 1
45 6538 0
45 1387 1
45 5809 0
46 2810 1
46 2808 1
46 2809 1
46 5617 1
46 746 1
46 754 1
46 4121 1
46 3207 1
46 3356 1
46 804 1
46 3099 1
46 3994 1
46 5430 1
46 5205 1
46 3568 1
46 155 1
46 6625 1
46 5366 1
46 1869 1
46 4196 1
46 845 1
47 2957 1
47 2807 1
47 5145 1
47 2261 1
47 6221 1
47 5685 1
47 4182 1
47 6851 1
47 2469 1
47 1672 1
47 3858 1
47 6183 1
47 6563 1
47 6669 1
47 3324 1
47 2963 1
47 4853 1
47 2910 1
47 1199 1
48 697 1
48 3624 1
48 4554 1
48 4555 1
48 6181 1
48 5496 1
48 361 1
48 698 1
48 3493 1
48 3566 1
48 1173 1
48 3648 1
48 6272 1
48 608 1
48 4543 1
48 1909 1
48 3567 1
48 6313 1
48 4260 1
48 4598 1
48 6406 1
48 5495 1
49 5427 1
49 3436 1
49 934 1
49 1145 1
49 302 1
49 3729 1
49 5273 1
49 1711 1
49 1696 1
49 3773 1
49 3813 1
49 5199 1
49 2603 1
49 1045 1
49 6294 1
49 930 1
49 5589 1
49 5135 1
49 3097 1
50 1718 1
50 344 1
50 6506 1
50 3766 1
50 282 1
50 1404 1
50 2496 1
50 4346 1
50 6585 1
50 5936 1
50 2692 1
50 2879 1
50 346 1
50 2936 1
50 6286 1
50 5782 1
51 6121 1
51 122 1
51 3897 0
51 736 1
51 2141 0
51 1639 1
51 5418 0
51 6742 0
51 6870 0
51 5539 0
51 1935 0
51 326 0
51 737 1
51 5352 0
51 1710 0
51 3229 0
51 4760 0
51 6777 0
51 627 0
51 1526 0
51 4915 0
51 3519 0
51 1446 0
51 106 0
51 3906 0
51 2284 0
51 6412 0
51 5039 0
51 660 0
51 1976 0
51 6422 0
51 2974 0
51 2970 0
51 2973 0
51 744 0
51 6421 0
51 3408 0
51 1974 0
51 5541 0
51 754 0
51 3836 0
51 1344 0
51 3412 0
51 3195 0
51 4417 0
51 4896 0
51 1262 0
51 6311 0
51 1660 0
51 6428 0
52 6851 1
52 5039 1
52 4457 1
52 3141 1
52 2487 1
52 5063 1
52 6669 1
52 6549 1
52 4755 1
52 1983 1
52 4169 1
52 6422 1
52 2491 1
52 2266 1
52 6706 1
52 2458 1
52 375 1
52 3214 1
53 99 1
53 5154 1
53 1085 1
53 3758 1
53 6503 1
53 766 1
53 366 1
53 2321 1
53 4558 1
53 3611 1
53 4559 1
53 2910 0
53 298 0
53 5923 0
53 367 1
53 2263 0
53 3209 0
53 1745 0
53 3400 0
53 3609 1
53 5785 1
53 5793 0
53 1716 1
53 4560 0
53 671 0
53 5434 0
53 6649 0
53 5571 0
53 5575 0
53 1361 0
53 5501 0
53 4767 0
53 5212 0
53 2825 0
53 3114 0
53 6381 0
53 3764 1
53 339 1
53 6437 1
53 6438 0
53 3613 0
53 5158 1
53 1080 0
53 1658 0
53 3767 1
53 3743 0
53 5954 0
53 3503 1
53 2607 0
53 6451 0
54 353 1
54 1271 0
54 119 1
54 2475 1
54 5399 1
54 644 1
54 3510 1
54 4422 1
54 1657 1
54 6460 1
54 2391 1
54 222 1
54 1124 1
54 354 1
55 1271 1
55 2482 1
55 648 1
55 4424 1
55 1661 1
55 283 1
55 163 1
55 2356 0
55 2505 0
55 354 0
55 2512 0
55 361 0
55 2496 0
55 2485 0
56 3940 1
56 3450 1
56 4919 1
56 6486 1
56 1458 1
56 1159 1
56 5565 1
56 5406 1
56 4472 1
56 5245 1
56 3540 1
56 2585 1
56 3268 1
56 5776 1
56 2950 1
57 1388 1
57 6592 1
57 1999 1
57 647 1
57 3520 1
57 1129 1
57 37 1
57 355 1
57 2477 1
57 6229 1
57 6300 1
57 36 1
57 4015 1
57 6440 0
57 2432 0
58 601 1
58 589 1
58 598 1
58 4866 1
58 630 1
58 895 0
58 900 0
58 5591 0
58 3842 1
58 901 1
58 1450 1
58 192 1
58 127 1
58 2934 1
59 1818 1
59 2084 1
59 2352 1
59 1722 1
59 5120 1
59 4785 1
59 2110 1
59 2786 0
59 6760 1
59 3386 1
59 6745 1
59 6113 1
60 3940 1
60 967 1
60 4919 1
60 1458 1
60 1460 0
60 2950 1
60 5675 1
60 3522 1
60 3944 1
60 1687 1
60 5556 1
60 3499 1
60 4910 1
60 1916 1
61 5228 1
61 755 1
61 1680 1
61 2044 1
61 2086 1
61 2355 1
61 845 1
61 1009 1
61 735 1
61 5531 1
61 6675 1
61 5349 1
61 4899 1
61 5881 1
61 6637 1
62 697 1
62 361 1
62 3566 1
62 6272 1
62 3043 1
62 4359 1
62 4357 1
62 124 1
62 699 1
62 689 1
62 4601 1
62 1949 0
62 3793 1
62 5807 1
62 340 0
63 2814 1
63 2513 1
63 6318 1
63 3901 1
63 2509 1
63 2506 1
63 1136 1
63 133 1
63 5490 1
63 958 1
63 1084 1
63 959 1
63 1585 1
63 6525 0
63 6016 0
63 5029 0
63 1395 0
63 221 0
64 5303 1
64 4319 0
64 5459 0
64 6298 0
64 3642 1
64 5006 1
64 884 1
64 5188 0
64 796 0
64 889 1
65 1612 1
65 3122 1
65 998 1
65 6883 0
65 6071 0
65 3791 1
65 3463 1
65 6243 1
65 6846 1
65 5996 1
66 3344 1
66 1139 1
66 1261 1
66 2301 0
66 3047 0
66 5305 1
66 1280 0
66 6724 0
66 1543 0
66 4996 0
67 3288 1
67 1138 1
67 3345 1
67 1611 1
67 5308 1
67 6395 0
67 1280 0
67 3047 0
67 3854 0
67 2174 0
68 5258 1
68 5346 1
68 1157 1
68 2627 1
68 2003 1
68 4699 1
68 6412 0
68 1501 0
68 4419 0
68 6021 0
68 5294 0
68 5378 0
69 2033 1
69 6568 1
69 1730 1
69 2345 1
69 4892 1
69 2034 1
69 6797 1
69 2758 1
69 5717 1
69 3271 1
69 3875 1
69 6301 1
69 3443 1
69 996 1
69 6005 1
69 5638 0
69 4924 0
69 4114 0
69 6756 1
69 6288 1
69 379 1
69 380 1
69 2061 1
69 3564 1
69 6507 0
69 4963 0
69 4310 1
69 5693 1
69 3428 1
69 4307 1
69 4870 0
69 6292 1
69 6617 1
69 2067 1
69 6374 1
69 3562 1
69 6488 1
69 5613 0
69 1105 0
69 2347 1
69 5277 1
69 182 1
69 327 1
69 5580 1
69 2062 0
69 6492 0
69 3329 1
69 1676 1
69 5793 1
69 1080 1
70 5793 1
70 5434 1
70 671 1
70 6649 1
70 1361 1
70 5571 1
70 5575 1
70 5501 1
70 4767 1
70 5212 1
70 6381 1
70 2825 1
70 3114 1
70 2824 1
70 5770 1
70 6438 1
70 3613 1
70 1686 1
70 301 1
70 2492 1
70 4928 1
70 783 1
70 2667 1
70 6684 1
70 5765 1
70 5954 0
70 3209 1
70 1745 1
70 3400 1
70 4508 0
70 5519 0
70 2910 1
70 298 1
70 5923 1
70 4542 0
70 1658 0
70 1080 0
70 4043 1
70 2607 0
70 6444 0
70 3743 1
70 766 0
70 2183 0
70 4044 0
70 6778 0
70 2925 0
70 5167 0
70 859 1
70 3329 0
70 525 0
71 2950 1
71 782 1
71 4616 1
71 1001 1
71 1642 1
71 1159 1
71 4472 1
71 5245 1
71 3376 1
71 5333 1
71 4735 1
71 2270 1
71 3358 1
71 1458 1
71 5082 1
71 2675 1
71 6220 1
71 3712 1
71 3364 0
71 2948 1
71 967 1
71 5954 0
71 5770 0
71 1460 0
71 5675 0
71 4724 0
71 5756 0
71 6326 1
71 3291 1
71 5094 1
71 3331 1
71 1203 0
71 1076 1
71 1114 1
71 3940 1
71 1291 1
71 5384 1
71 4910 1
71 1749 0
71 1511 0
71 5850 0
71 4919 0
71 579 0
71 4486 0
71 6097 0
71 6486 0
71 2881 1
71 1737 1
71 4990 1
71 6087 1
72 1908 1
72 3756 0
72 6479 0
72 3628 0
72 6104 1
72 2481 1
72 2384 1
72 418 1
72 351 1
72 6672 1
72 4578 1
72 6387 1
72 2640 1
72 3678 1
72 3322 1
72 4667 1
72 6454 1
72 289 1
72 3174 1
72 2965 1
72 2385 1
72 352 1
72 2485 1
72 308 1
72 6467 1
72 2358 0
72 4093 0
72 2860 0
72 6456 0
72 225 0
72 4036 0
72 5068 0
72 4369 0
72 3700 0
72 585 0
72 1619 0
72 2363 0
72 5912 0
72 1404 0
72 282 0
72 516 0
72 866 1
72 2249 1
72 517 1
72 5265 0
72 5285 0
72 3736 1
72 4804 0
72 563 1
72 2825 1
73 1173 1
73 6272 1
73 1756 1
73 2608 1
73 3793 0
73 6678 0
73 697 1
73 3624 1
73 4554 1
73 4555 1
73 361 1
73 3043 1
73 698 1
73 4556 1
73 3566 1
73 6313 0
73 1909 0
73 608 1
73 4543 1
73 3567 1
73 4359 0
73 4357 1
73 2337 1
73 124 1
73 699 0
73 5807 0
73 2351 1
73 689 0
73 1760 0
73 2260 0
73 4600 1
73 4895 1
73 2092 1
73 2416 1
73 5095 0
73 6406 0
73 5495 0
73 2823 0
73 5066 0
73 2419 1
73 1949 1
73 4690 1
73 5921 1
73 340 0
73 6737 0
73 2110 0
73 3691 0
73 943 0
73 6503 0
73 5496 0
74 1085 1
74 99 1
74 5154 1
74 1716 1
74 5158 1
74 4044 1
74 366 0
74 2321 0
74 4558 0
74 3611 0
74 4559 0
74 2323 0
74 367 1
74 3609 1
74 1717 1
74 2328 1
74 3608 1
74 1088 1
74 4560 1
74 4562 1
74 2263 1
74 3764 1
74 339 1
74 2916 1
74 3758 1
74 3767 0
74 6503 0
74 1480 1
74 762 1
74 5785 1
74 3730 0
74 6437 0
74 859 0
74 766 1
74 5483 0
74 633 0
74 4984 0
74 6798 0
74 1614 0
74 3503 0
74 2377 0
74 1584 0
74 6208 0
74 282 0
74 1720 1
74 1165 0
74 5472 0
74 1195 1
74 2910 0
74 2607 0
75 4047 1
75 3977 1
75 4046 1
75 2073 0
75 6261 0
75 4368 1
75 6427 0
75 1033 1
75 5070 1
75 6694 1
76 214 1
76 297 1
76 6818 1
76 6540 1
76 5640 1
76 2548 1
76 5208 0
76 6335 0
76 6616 1
76 410 0
76 2745 1
76 1723 1
77 1487 1
77 5396 1
77 1773 0
77 4685 0
77 3388 0
77 2955 0
77 670 0
77 6732 0
77 6424 0
77 5708 0
77 1682 0
77 1065 0
77 5936 0
78 1487 1
78 5396 1
78 1773 0
78 4685 0
78 3388 0
78 2955 0
78 670 0
78 6732 0
78 6424 0
78 5708 0
78 1682 0
78 1065 0
78 5936 0
79 1491 1
79 6307 1
79 1031 1
79 6828 1
79 6120 1
79 4349 1
79 5274 1
79 5668 1
79 71 1
79 3796 1
79 2886 1
80 432 1
80 3666 1
80 5387 1
80 2418 1
80 3647 1
80 594 1
80 4720 1
80 2010 1
80 3441 1
80 5126 1
80 1626 1
80 649 1
81 1710 1
81 1526 1
81 13 1
81 4074 1
81 5323 1
81 6050 1
81 1840 1
81 3525 1
81 5853 1
81 6866 1
81 1656 1
81 2770 1
81 5283 1
81 3125 1
81 4306 1
81 3618 1
81 2893 1
81 3229 0
81 4760 0
81 6777 0
81 627 0
81 6851 0
81 5324 0
81 11 1
81 1446 0
81 106 0
81 2284 0
81 6412 0
81 5039 0
81 3583 1
81 5464 1
81 6259 1
81 2907 1
81 58 1
81 5378 1
81 1528 1
81 3408 0
81 5541 0
81 809 1
82 2622 1
82 6811 1
82 3297 1
82 4104 1
82 3545 1
82 4039 1
82 5574 1
82 1646 1
82 5032 1
82 5884 1
82 3681 1
82 5372 1
82 1348 1
82 3360 1
82 3393 1
82 3394 1
82 6026 1
82 5065 1
82 5842 1
82 1103 1
82 6197 1
82 2799 1
82 2082 1
82 5424 1
82 3171 1
82 3396 1
82 2074 1
82 4355 1
82 3146 1
82 6500 1
82 5368 0
82 5146 0
83 5277 1
83 752 1
83 3153 1
83 3294 1
83 4753 1
83 1066 1
83 2876 1
83 4943 1
83 3255 1
83 3587 1
83 3586 1
83 1780 1
83 6837 1
83 4945 1
83 1268 1
84 5850 1
84 4541 1
84 4542 1
84 3359 0
84 6295 0
84 6503 1
84 5356 0
84 3092 1
84 5796 1
84 6303 1
84 2041 1
84 919 1
85 1323 1
85 2658 1
85 6290 1
85 1531 1
85 2 1
85 1887 1
85 4066 1
85 2476 1
85 2392 1
85 646 1
85 4452 1
85 1518 1
85 6592 0
85 4448 1
85 4469 0
85 2782 0
85 907 0
86 3940 1
86 3450 1
86 967 1
86 579 1
86 4919 1
86 6097 1
86 6486 1
86 1460 1
86 1458 1
86 3145 1
86 2585 1
86 3540 1
86 6067 1
86 3100 1
86 6111 1
87 998 1
87 1612 1
87 3122 1
87 6243 1
87 745 1
87 6471 1
87 2148 1
87 1666 1
87 3656 1
87 2107 1
87 3558 1
87 4912 1
87 5777 1
87 5499 1
87 6846 1
87 4873 1
87 3269 1
87 2505 1
87 5682 1
87 5996 1
87 3641 1
87 1470 1
87 139 1
88 5427 1
88 3436 1
88 934 1
88 1145 1
88 302 1
88 3729 1
88 5273 1
88 1696 1
88 6734 1
88 3179 1
88 5450 1
88 4030 1
88 749 1
88 767 1
88 583 1
88 2192 1
88 965 1
88 2095 1
88 1463 1
88 4833 1
89 6540 0
89 614 0
89 214 1
89 297 1
89 6818 1
89 2228 1
89 1723 1
89 5640 1
89 2548 1
89 656 1
89 4768 1
89 1682 1
89 616 0
89 3405 0
89 1379 1
89 3412 1
89 865 1
89 4833 1
89 2455 0
89 2745 1
89 2021 0
90 354 1
90 1271 0
90 2356 0
90 2512 0
90 361 0
90 2496 0
90 2485 0
90 2889 0
90 1342 0
90 1892 0
91 797 1
91 2839 1
91 2950 1
91 5082 1
91 967 1
91 6071 1
91 1831 0
91 1159 1
91 5954 0
91 3940 1
92 1280 1
92 4054 1
92 4478 1
92 194 1
92 1064 1
92 3047 1
92 3854 1
92 2174 1
92 1611 1
92 1282 1
92 4707 1
92 1574 1
93 960 1
93 1699 1
93 6343 1
93 6636 1
93 5018 1
93 3896 1
93 6823 1
93 2810 1
93 6772 1
93 800 1
94 5071 1
94 2455 1
94 4070 1
94 2233 1
94 548 1
94 4091 0
94 5012 0
94 2232 0
94 1103 1
94 3303 0
94 3188 1
95 4978 1
95 191 1
95 3248 1
95 3832 1
95 4333 1
95 6343 1
95 6881 1
95 5134 1
95 2001 1
95 1436 1
95 4953 1
95 1691 1
95 4836 0
95 1699 1
95 640 1
95 3347 1
95 904 1
95 6093 1
95 2616 1
95 5021 1
95 6109 1
95 520 1
95 3740 1
95 4120 1
96 136 1
96 1280 1
96 1808 1
96 1636 1
96 5086 1
96 1512 1
96 1635 1
96 6719 1
96 3815 1
96 6690 1
96 3768 1
96 2615 1
96 3047 1
97 2636 1
97 1776 1
97 3671 1
97 2201 1
97 3341 1
97 6131 1
97 2217 1
97 4621 1
97 4253 1
97 5773 1
97 3218 1
97 1981 1
97 3340 1
98 4316 0
98 5806 0
98 1654 0
98 5491 0
98 5042 0
98 3321 0
98 1119 0
98 4776 0
98 3732 0
98 6835 0
98 2301 0
98 2614 0
98 3991 0
99 6348 1
99 1234 1
99 3455 0
99 6612 1
99 3456 0
99 4090 0
99 1646 0
99 6404 1
99 202 1
99 6435 1
99 115 0
99 6127 0
100 2510 1
100 3666 1
100 3916 1
100 1527 1
100 4960 1
100 5060 1
100 4145 1
100 3149 0
100 6696 0
100 750 0
100 1644 0
100 5630 1
101 4084 1
101 2120 1
101 1754 1
101 5580 1
101 3369 1
101 3807 1
101 652 1
101 3525 0
101 5853 0
101 13 0
101 5509 0
101 5114 0
101 3784 0
101 5390 0
101 4377 0
101 3315 0
102 2869 0
102 3055 0
102 585 0
102 889 1
102 2278 1
102 3615 0
102 2943 1
102 6298 0
102 6352 0
102 5624 0
102 4656 0
102 861 0
103 1795 1
103 753 1
103 1961 1
103 1963 1
103 4421 1
103 3642 1
103 1571 1
103 6585 0
103 2432 0
103 5541 0
103 2943 1
103 620 0
104 2599 1
104 2616 1
104 4333 1
104 4118 1
104 2001 1
104 4386 1
104 6265 0
104 3233 0
104 3099 1
104 3994 1
104 155 1
104 904 1
105 435 0
105 3332 0
105 5076 0
105 1636 0
105 4655 1
105 1409 0
105 6327 0
105 1640 0
105 3737 0
105 6885 1
105 4951 1
105 4370 0
105 2533 0
105 2439 0
105 3549 1
105 2008 0
106 1367 1
106 2244 1
106 2265 1
106 81 1
106 1392 1
106 6297 1
106 4948 0
106 4930 0
106 4676 0
106 6317 0
106 4908 0
106 2858 0
107 4782 1
107 4176 1
107 6878 1
107 2236 1
107 3731 1
107 2914 1
107 3410 1
107 5237 1
107 4456 1
107 5220 1
107 4986 1
107 3488 1
107 883 1
107 3070 1
107 5412 1
107 321 1
107 4095 1
107 821 1
107 2694 1
107 325 0
108 941 0
108 3827 0
108 2806 0
108 2350 0
108 2423 0
108 6698 0
108 3421 0
108 4117 0
108 665 0
108 2343 0
108 3566 0
108 1154 0
108 6451 0
109 2645 1
109 176 1
109 2959 1
109 2352 0
109 6407 0
109 1912 1
109 5904 1
109 1731 1
109 2953 1
109 1367 1
109 379 0
109 5613 0
109 2347 0
109 6322 0
110 4047 1
110 3977 1
110 5070 0
110 1033 0
110 4046 1
110 4368 1
110 2865 1
110 546 0
110 88 1
110 5251 1
110 1861 0
110 3401 1
110 3738 1
110 3004 1
110 2867 0
111 4090 0
111 3456 0
111 6612 0
111 2854 1
111 6066 1
111 5542 1
111 3374 1
111 6711 1
111 3606 1
111 474 1
111 3649 1
111 6436 1
111 1149 1
111 1998 1
111 970 1
111 3106 1
111 5408 1
111 5567 1
111 3969 1
111 1021 1
111 4409 1
111 6534 1
111 546 0
111 3628 0
111 4414 1
111 6127 1
111 6348 0
111 1234 0
111 5516 0
112 762 1
112 1480 1
112 2328 1
112 1717 1
112 3608 1
112 342 1
112 3609 1
112 2327 1
112 1085 1
112 1088 1
112 2323 1
113 762 1
113 1480 1
113 2328 1
113 1717 1
113 3608 1
113 342 1
113 3609 1
113 2327 1
113 1085 1
113 1088 1
113 2323 1
114 3940 1
114 3450 1
114 967 1
114 4919 1
114 579 1
114 4486 1
114 6097 1
114 6486 1
114 1460 1
114 1458 1
114 4472 1
114 5245 1
115 2374 0
115 6362 1
115 3187 1
115 1077 1
115 3050 1
115 2088 1
115 5850 1
115 2568 1
115 783 1
115 6295 0
115 5796 1
115 5294 0
116 4071 1
116 2441 1
116 3620 1
116 4318 1
116 6140 1
116 138 1
116 3552 1
116 178 1
116 184 1
116 169 1
116 6110 1
117 1844 1
117 806 1
117 832 1
117 4072 1
117 3072 1
117 6378 1
117 3199 0
117 3303 0
117 2301 1
117 1634 1
117 4478 1
118 6348 0
118 1234 0
118 3455 0
118 6612 0
118 3456 0
118 4090 0
118 1646 0
118 115 0
118 6127 0
118 1976 0
118 6691 1
118 4130 1
118 697 1
118 3624 1
118 361 1
118 5496 1
118 6181 1
118 3651 1
118 3221 1
119 2567 1
119 4988 1
119 1649 1
119 2187 1
119 468 1
119 6872 1
119 3698 0
119 5218 1
119 6476 1
119 4741 0
119 5862 0
119 1747 1
119 6026 1
119 2374 0
119 4208 0
119 4433 1
120 697 1
120 3624 1
120 4554 1
120 4555 1
120 6181 1
120 5496 1
120 361 1
120 698 1
120 3493 1
120 6272 1
120 1173 1
120 3793 1
121 2636 1
121 1776 1
121 3671 1
121 2201 1
121 3341 1
121 6131 1
121 2217 1
121 4621 0
121 4253 1
121 5773 1
121 3218 1
122 2265 0
122 2722 1
122 4099 0
122 6017 0
122 5421 0
122 2042 0
122 4127 0
122 830 0
122 2696 1
122 5139 0
122 2310 0
122 6885 0
122 3737 0
122 5899 0
123 2373 0
123 4946 0
123 2247 0
123 5521 0
123 538 1
123 1808 0
123 2786 0
123 4358 0
123 1197 1
123 4999 0
123 294 0
123 4926 0
123 3457 0
123 5015 1
123 1641 0
123 6016 0
123 662 0
124 2062 1
124 6617 1
124 2347 1
124 1730 1
124 2345 1
124 4892 1
124 380 1
124 4963 0
124 6288 1
124 379 1
124 6756 1
125 543 1
125 666 0
125 5402 0
125 3052 0
125 343 0
125 4957 0
125 6359 0
125 5286 0
125 86 0
125 1402 0
125 372 0
125 2066 0
125 3783 0
125 1271 0
125 5914 1
126 5521 1
126 6458 1
126 3976 0
126 348 1
126 4957 0
126 4135 1
126 1662 1
126 4951 1
126 5787 0
126 2959 0
126 3787 0
126 5080 0
127 6113 0
127 969 1
127 3529 0
127 1613 1
127 72 0
127 5514 0
127 4674 0
127 5249 0
127 955 1
127 2645 0
128 1613 1
128 6825 1
128 4394 1
128 4404 1
128 57 1
128 4747 0
128 3529 0
128 316 0
128 5945 0
128 1582 1
129 2645 1
129 176 1
129 2959 1
129 6160 1
129 1912 1
129 5904 1
129 2346 1
129 4464 0
129 6457 1
129 6473 1
129 2786 1
130 214 1
130 297 1
130 6818 1
130 2228 1
130 1723 1
130 4833 1
130 3412 1
130 580 1
130 1485 1
130 5382 1
130 5530 1
130 6411 1
130 263 1
130 4987 1
130 3239 1
130 935 1
130 5604 1
130 6521 1
131 3134 1
131 631 1
131 2872 1
131 4260 1
131 1359 1
131 4598 1
131 3349 1
131 3468 1
131 1134 1
131 6597 1
131 6193 1
131 2663 1
131 6219 1
131 4329 1
131 4130 1
132 366 1
132 2321 1
132 4558 1
132 3611 1
132 4559 1
132 2323 1
132 367 0
132 5154 1
132 99 1
132 3609 1
132 1717 1
132 2328 1
132 3608 1
132 342 1
132 2327 1
133 1937 1
133 4019 1
133 5967 1
133 6792 1
133 1610 1
133 1714 1
133 4024 1
133 1616 1
133 101 1
133 6356 1
133 6843 1
133 3326 1
133 2285 1
133 6857 1
133 4960 1
133 3458 1
133 2816 0
133 3086 1
133 2845 1
134 1994 1
134 6145 1
134 3078 1
134 1439 1
134 6765 1
134 481 1
134 6426 1
134 6761 1
134 6757 1
134 3131 1
135 697 1
135 3624 1
135 4554 1
135 4555 1
135 361 1
135 698 1
135 3493 1
135 6313 1
135 3566 1
135 3567 1
135 1909 1
135 4543 1
135 608 1
135 6181 1
135 5496 1
135 6272 1
135 1173 1
135 4130 1
135 1134 1
135 6219 1
135 3221 1
135 3651 1
135 4365 1
135 6654 1
135 211 1
136 2416 1
136 936 1
136 4821 1
136 973 1
136 527 1
136 5772 1
136 2386 1
136 4021 1
136 4822 1
136 4181 1
136 6670 0
136 5488 1
136 6348 1
136 1234 1
136 2359 1
136 4059 1
137 904 1
137 3347 1
137 754 1
137 5021 1
137 2616 1
137 6109 1
137 3099 1
137 155 1
137 3994 1
137 5366 1
137 5430 1
137 1869 1
137 3568 1
138 1683 1
138 3183 1
138 1605 1
138 5280 1
138 3662 1
138 3652 1
138 1464 1
138 4498 1
138 2207 1
138 2512 1
138 2106 1
138 5255 1
138 858 1
138 4783 1
138 2780 1
138 5545 1
139 1654 1
139 1094 1
139 1977 1
139 128 1
139 2944 1
139 4835 1
139 1643 1
139 4103 1
139 3021 1
139 394 1
139 1659 1
139 1925 1
139 4818 1
139 1804 1
139 1096 0
139 2367 0
139 1663 1
139 2832 1
139 4847 1
139 2998 1
139 2256 0
139 1642 0
139 1001 0
139 2460 0
139 3455 0
139 815 0
139 3231 0
139 3331 0
139 5094 0
139 4875 0
139 4143 0
139 5500 1
140 4948 1
140 5368 0
140 6320 1
140 3800 1
140 287 1
140 3297 1
140 1646 1
140 6811 1
140 4952 1
140 1028 1
140 5083 1
140 1259 1
140 1483 1
140 3444 1
140 3434 1
140 3884 1
140 4974 1
140 4174 1
140 1026 1
140 2858 1
140 4908 1
140 6317 1
140 942 1
140 2150 1
140 4676 1
140 999 1
140 5892 1
140 1968 1
140 2558 1
140 4705 1
140 6864 1
140 5261 1
140 3360 1
140 4844 1
140 4091 1
140 2857 1
140 553 0
140 5009 0
140 6619 0
140 6805 1
140 1285 1
140 5061 1
140 1257 1
140 738 1
140 5351 1
140 4802 1
140 5143 1
140 1373 1
140 4661 1
141 3657 1
141 539 1
141 6898 1
141 1349 1
141 950 1
141 6575 1
141 4853 0
141 2671 0
141 6844 0
141 3558 0
141 3656 0
141 3069 1
141 1973 1
141 665 1
141 4946 0
141 3804 1
141 6359 0
141 540 1
141 521 1
141 4447 0
141 2724 1
141 538 1
141 856 0
141 2779 1
141 1641 0
141 6875 0
141 365 1
141 5446 0
141 4957 0
141 5764 1
141 5348 0
141 183 0
141 6400 1
141 6334 1
141 535 0
141 2260 0
141 4951 0
141 1960 0
141 2594 0
141 519 0
141 310 1
141 364 1
141 3386 0
141 3783 1
141 6591 1
141 3737 0
141 3204 0
141 2337 0
141 3339 1
142 5447 0
142 3331 0
142 3322 0
142 2520 0
142 2853 1
142 2449 0
142 1084 0
142 382 0
142 5154 0
142 6302 0
142 3386 0
142 6622 0
142 6066 0
142 6335 1
142 5958 1
142 3350 0
142 777 0
142 887 0
142 6868 0
142 5074 0
142 4073 0
142 6382 0
142 4957 1
142 5348 1
142 3251 0
142 5411 0
142 4951 1
142 3661 1
142 1970 1
142 6368 1
142 71 1
142 5701 1
142 1640 1
142 3937 1
142 5334 1
142 1641 1
142 3052 1
142 5514 1
142 4402 1
142 1766 1
142 3660 0
142 318 0
142 2159 1
142 4674 0
142 3688 0
142 5834 1
142 6007 0
142 1981 1
142 662 1
142 6444 0
143 4699 1
143 2138 1
143 4697 1
143 591 1
143 4989 1
143 5895 1
143 3964 0
143 2280 1
143 6662 1
143 6765 1
143 4478 1
143 3605 0
143 4138 1
144 227 1
144 1908 1
144 866 1
144 5516 1
144 291 1
144 6718 1
144 1022 1
144 4414 1
144 3165 1
144 5398 1
144 1002 1
144 6472 1
144 417 1
144 3628 1
144 546 1
144 3606 1
144 2854 1
144 474 1
144 5542 1
144 3649 1
144 3374 1
144 6436 1
144 6066 1
144 1149 1
144 1021 1
144 5567 1
144 5408 1
144 5704 1
144 3106 1
144 3690 1
144 970 1
144 1998 1
144 3703 1
144 5388 1
144 4409 1
144 3835 1
144 6319 1
144 6534 1
144 3539 1
144 5446 1
144 281 1
144 2142 1
144 5365 1
144 266 1
144 764 1
144 1477 1
144 5722 1
144 5661 1
144 2340 1
144 5047 1
145 2455 0
145 2021 0
145 3303 0
145 5003 0
145 4070 0
145 6742 0
145 5539 0
145 6870 0
145 5033 0
145 6344 0
145 6426 0
145 4091 0
145 5009 0
145 6808 0
145 809 1
145 5291 1
145 6637 1
145 3467 1
145 2695 1
145 3162 1
145 5723 1
145 6540 0
145 5034 0
145 2233 0
145 2232 0
145 5012 0
145 2082 0
145 5424 0
145 1103 0
146 4411 1
146 91 1
146 3236 1
146 92 1
146 958 1
146 959 1
146 2924 0
146 428 1
146 2969 0
146 5367 0
146 884 0
146 889 0
146 1960 0
146 3642 0
146 5006 0
147 5742 0
147 5456 0
147 5992 0
147 6179 0
147 119 1
147 2391 1
147 222 1
147 1885 1
147 644 1
147 6224 1
147 1124 1
147 353 1
147 5809 1
147 4361 1
147 3510 1
147 2475 1
147 3918 1
147 3923 1
147 1342 1
147 1239 1
147 1678 0
147 6402 0
147 6409 0
147 2978 1
147 2782 0
147 1671 0
147 3938 0
147 4116 0
147 384 0
147 2985 0
147 605 0
147 1383 0
147 545 1
147 6400 0
147 1658 0
147 56 0
147 3186 0
147 1892 0
147 27 1
147 2075 1
147 1122 1
147 117 1
147 6444 0
147 5239 1
147 894 0
147 1920 0
147 2717 1
147 4036 0
147 6457 0
147 5480 0
148 2409 1
148 3743 1
148 5927 1
148 5672 0
148 2546 0
148 3333 0
148 4490 0
148 5348 0
148 6685 0
148 6057 0
148 5901 0
149 1752 0
149 2278 1
149 5000 1
149 3615 0
149 5309 0
149 4081 0
149 4337 0
149 4202 0
149 3506 0
149 889 1
149 5367 1
149 884 1
149 1960 1
149 3642 1
149 5006 1
149 5723 0
149 6837 0
150 1573 1
150 1267 1
150 2052 1
150 348 0
150 2051 1
150 4340 1
150 5309 1
150 3615 1
150 1752 1
150 2057 1
150 3659 0
150 3819 1
151 6362 0
151 6550 0
151 2378 1
151 6175 1
151 4595 1
151 3050 0
151 2088 1
151 1749 0
151 2568 1
151 5278 0
151 6295 1
151 4541 1
151 5356 1
152 3780 1
152 1767 1
152 1059 1
152 3337 1
152 5601 1
152 3371 1
152 1951 1
152 1320 0
152 5463 0
152 1350 0
152 5176 1
152 555 1
152 3792 1
152 3718 0
152 2261 0
152 3748 0
152 2162 1
153 3780 1
153 1767 1
153 5176 1
153 1320 0
153 1934 0
153 5463 0
153 1955 1
153 1118 1
153 3339 1
153 5831 1
153 2164 1
153 1350 0
154 3199 1
154 6378 1
154 3072 1
154 5551 1
154 331 1
154 2153 1
154 13 1
154 5853 1
154 3525 1
154 5509 1
155 5341 1
155 1978 1
155 597 1
155 3321 1
155 5042 1
155 5105 1
155 3113 1
155 5662 1
155 6299 1
155 6493 1
155 624 1
155 5536 1
155 6848 1
155 6169 1
155 5754 1
155 2085 1
155 3763 1
155 6490 1
155 2272 1
155 6414 0
155 2331 1
155 3572 1
155 2332 1
155 2565 1
156 1915 1
156 1724 1
156 4911 1
156 13 1
156 5323 1
156 5283 1
156 3125 1
156 4306 1
156 809 1
156 397 1
156 4923 1
156 3098 1
156 1172 1
156 2377 1
156 336 1
156 1783 1
157 2305 0
157 5421 0
157 6017 0
157 6204 1
157 871 0
157 3379 0
157 5014 0
157 797 0
157 5011 0
157 5013 0
157 4344 0
157 1278 0
157 3363 1
157 3792 0
157 6647 0
158 697 1
158 3624 1
158 4554 1
158 4555 1
158 361 1
158 698 1
158 3493 1
158 3566 1
158 6313 1
158 3567 1
158 1909 1
158 4543 1
158 608 1
159 1131 1
159 3514 1
159 1123 1
159 2878 1
159 4444 1
159 4425 1
159 1905 1
159 3711 1
159 2381 1
159 5203 1
159 19 1
159 4199 1
159 6014 1
159 3720 1
159 5760 1
159 2925 1
159 2984 1
159 6001 1
159 4244 0
159 4638 1
160 344 1
160 1718 1
160 282 1
160 1404 1
160 5936 1
160 1065 1
160 6585 1
160 765 1
160 2879 1
160 4346 1
160 4132 1
160 6286 1
160 6196 1
160 2451 1
161 3940 1
161 3450 1
161 967 1
161 4919 1
161 579 1
161 4486 1
161 6097 1
161 6486 1
161 1460 1
161 1458 1
161 1159 1
161 5565 1
161 5406 1
161 4472 1
161 5245 1
161 3540 1
161 2585 1
161 3145 1
162 3329 1
162 5793 1
162 1080 1
162 621 1
162 4185 1
162 5667 1
162 2829 1
162 1743 1
162 5434 1
162 3771 1
162 1685 1
162 650 1
162 2124 1
163 4346 0
163 6585 0
163 2879 0
163 4320 1
163 6506 0
163 3766 0
163 1916 0
163 2493 0
163 346 0
163 3035 0
163 368 0
163 5936 0
163 1065 0
163 2375 0
163 3345 0
164 662 1
164 2310 0
164 6885 0
164 3737 0
164 5899 0
164 4957 0
164 4853 0
164 3734 0
164 435 0
164 3332 0
164 2373 0
164 519 0
165 4075 1
165 1541 0
165 1351 0
165 2794 0
165 6768 0
165 5019 0
165 3545 0
165 5884 0
165 2972 0
165 410 0
165 2558 0
165 5261 0
165 3392 0
165 6589 0
165 5892 0
165 5149 0
165 5179 0
165 2776 0
166 2307 1
166 547 1
166 1573 0
166 2160 0
166 1519 0
166 5031 0
166 1267 0
166 4731 0
166 6581 0
166 356 0
166 2515 0
166 3820 0
166 1653 1
167 6008 1
167 1207 1
167 3910 1
167 1220 1
167 6289 1
167 1214 1
167 3046 1
167 5440 1
167 1212 1
167 1223 1
167 3615 1
167 3592 0
168 1507 1
168 6458 1
168 1837 1
168 5514 1
168 3904 1
168 1859 1
168 4971 1
168 26 1
168 6475 1
168 6165 0
168 3389 0
168 6546 0
168 6405 0
168 3465 0
169 1714 1
169 4260 1
169 3489 1
169 6597 1
169 4801 1
169 6369 1
169 4553 1
169 339 1
169 340 1
169 1960 1
169 1610 1
169 631 1
170 3503 1
170 2321 1
170 4558 1
170 366 1
170 3611 1
170 2323 1
170 4559 1
170 762 1
170 1717 1
170 2328 1
170 99 1
170 1088 1
170 5154 1
170 1085 1
170 1716 1
170 1584 1
170 6650 1
170 4560 1
171 5167 1
171 3766 1
171 6506 1
171 346 1
171 6196 1
171 2451 1
171 4703 1
171 3580 1
171 893 0
171 1393 1
171 368 0
171 6585 0
171 2879 0
171 2936 0
171 6286 0
171 4380 0
171 5782 0
171 5451 1
171 1907 1
171 1854 0
171 5597 0
171 379 0
171 5568 0
171 1508 0
171 3363 1
171 3526 1
172 3450 1
172 967 1
172 4919 1
172 4486 1
172 1460 1
172 1458 1
172 5675 1
172 2585 1
172 2950 1
172 3522 1
172 3944 1
172 1687 1
172 5556 1
172 1916 1
173 136 1
173 1280 1
173 1808 0
173 1512 1
173 5285 0
173 6645 1
173 2677 0
173 4478 0
173 1262 1
173 1344 1
173 2985 0
173 384 0
173 4707 1
173 6490 0
173 2197 1
173 3047 1
173 213 1
174 2671 1
174 4912 1
174 4873 1
174 3377 1
174 3426 1
174 6874 1
174 5923 1
174 139 1
174 863 1
174 6844 1
174 6846 1
175 1640 1
175 2588 1
175 2210 1
175 3201 1
175 5701 1
175 141 1
175 4151 1
175 6510 1
175 5170 1
175 5413 1
175 4435 1
175 3529 1
175 316 1
175 5988 1
175 5958 1
175 1800 1
175 5354 0
175 5329 0
175 823 1
176 5542 1
176 5271 1
176 3649 1
176 809 0
176 3467 0
176 6637 0
176 5291 0
176 2695 0
176 3162 0
176 5723 0
176 1720 0
176 1573 0
176 6718 1
176 1393 0
176 2930 0
176 867 1
176 1395 0
176 2333 0
176 987 0
176 3165 1
176 838 1
176 6734 0
176 6195 0
176 5750 0
176 3888 0
176 4067 1
176 6656 0
176 6567 0
176 1530 0
177 6423 1
177 750 0
177 475 0
177 3115 0
177 5274 0
177 4101 0
177 3708 0
177 5139 0
177 5583 0
177 817 0
177 3567 0
177 3756 0
177 4283 0
177 2597 0
177 2950 0
177 6398 0
177 5193 0
177 3503 0
177 3811 0
177 99 0
177 6503 0
177 2326 0
177 655 0
177 5138 0
177 1715 1
178 762 1
178 3608 1
178 1480 1
178 1085 1
178 4558 1
178 1088 1
178 1790 0
178 5158 1
178 1716 1
178 368 0
178 4422 0
178 99 1
178 2377 0
178 6355 0
178 2092 0
178 1766 0
178 2923 0
178 6721 0
178 1585 0
178 5356 0
178 810 0
178 4661 0
179 5708 1
179 1682 1
179 668 1
179 1539 1
179 3589 1
179 6739 1
179 992 1
179 2119 1
179 4716 1
179 5692 1
179 2791 1
179 1681 1
179 1740 1
179 3860 1
179 6744 1
179 3662 0
179 1711 0
179 557 0
179 5427 1
179 1145 1
179 930 1
179 2249 0
179 670 1
180 1871 1
180 5438 1
180 1722 1
180 5138 1
180 543 0
180 2110 0
180 6368 0
180 1970 0
180 6177 0
180 3333 0
180 6647 1
180 817 0
180 6643 1
180 5664 0
180 6057 0
180 5331 0
180 5746 0
180 4189 1
180 5297 0
180 5416 0
180 6237 0
180 1641 0
180 519 1
181 4948 1
181 5083 1
181 3434 1
181 4174 1
181 2858 1
181 4676 1
181 5351 1
181 553 1
181 5415 1
181 2558 1
181 287 1
181 3800 1
182 5239 0
182 528 1
182 2109 1
182 1740 1
182 304 1
182 604 1
182 2149 1
182 5793 1
182 5434 1
182 4767 1
182 4811 1
182 3723 1
183 581 1
183 4229 1
183 113 1
183 2874 1
183 3843 1
183 645 1
183 935 1
183 5604 1
183 3239 1
183 1733 1
183 2115 1
183 1005 1
184 598 1
184 5037 1
184 5431 1
184 2772 1
184 1880 1
184 1858 1
184 79 1
184 192 1
184 4831 1
184 2766 1
184 601 1
184 6077 1
185 3134 1
185 631 1
185 4260 1
185 1359 1
185 4598 1
185 3349 1
185 3468 1
185 1134 1
185 6597 1
185 6193 1
185 2663 1
185 6219 1
185 4329 1
185 4130 1
185 1481 1
185 207 1
185 5085 1
185 4801 1
185 3088 1
185 2836 1
185 2263 1
185 696 1
185 4553 1
185 3489 1
185 3892 1
185 6503 1
185 3758 1
185 679 1
185 1078 0
185 340 1
185 2590 0
185 368 0
185 1714 0
185 1610 0
185 5439 1
185 2771 1
185 6248 1
185 5023 1
185 4972 1
185 1794 0
185 1793 0
185 951 1
185 6369 0
185 3588 0
185 2443 0
185 2940 1
185 339 0
185 3605 0
185 3591 0
186 3449 1
186 5407 1
186 6864 1
186 553 1
186 552 1
186 6619 1
186 4705 1
186 2558 1
186 5261 1
186 1968 1
187 6619 1
187 553 1
187 2857 1
187 3894 1
187 999 1
187 822 1
187 5089 1
187 6878 1
187 5368 1
187 6416 1
187 962 1
187 5383 1
188 3329 1
188 1676 1
188 1482 1
188 2077 1
188 6709 1
188 3177 1
188 5619 1
188 940 1
188 1474 1
188 55 1
188 56 1
188 6021 1
189 607 1
189 3180 1
189 4014 1
189 2376 1
189 5768 1
189 2056 1
189 522 1
189 2384 1
189 1904 1
189 5772 1
189 2386 1
189 650 1
190 654 1
190 6503 1
190 3021 0
190 394 0
190 1925 0
190 4818 0
190 1659 0
190 368 0
190 3758 1
190 2273 0
191 1643 1
191 4103 1
191 1654 1
191 1094 1
191 1977 1
191 128 1
191 2944 1
191 4835 1
191 1804 1
191 1096 1
191 2367 1
192 4930 1
192 2337 0
192 2040 1
192 1731 1
192 3466 1
192 1821 1
192 5257 1
192 6434 1
192 3008 1
192 4819 1
193 4722 1
193 262 1
193 3775 0
193 2450 1
193 2091 1
193 1580 1
193 1141 1
193 5066 0
193 1819 0
193 6841 0
193 3132 0
193 1142 0
194 2868 1
194 5089 1
194 229 1
194 822 1
194 999 1
194 6396 1
194 883 1
194 623 1
194 6533 1
194 6254 1
194 4163 1
195 3999 1
195 6047 1
195 3524 1
195 6011 1
195 2215 1
195 5325 1
195 2158 0
195 3204 0
195 3646 0
195 6016 1
195 2964 0
195 6856 0
195 2787 1
195 6458 0
195 6069 0
195 2786 0
195 4372 0
195 2346 0
195 4453 0
195 4930 0
195 2783 1
195 6151 0
196 3503 1
196 762 1
196 1088 0
196 1085 1
196 2321 1
196 366 1
196 3611 1
196 4559 1
196 2323 1
196 4558 1
196 1717 1
196 339 1
197 5277 1
197 752 1
197 3153 1
197 3294 1
197 3255 1
197 3586 1
197 4693 1
197 1780 0
197 4175 0
197 5525 1
197 5474 1
197 869 0
198 3113 1
198 5105 1
198 2085 1
198 6848 1
198 3321 1
198 5341 1
198 1978 1
198 4069 1
198 5108 1
198 5705 1
198 5029 1
198 93 1
198 5316 1
199 6023 1
199 2284 0
199 494 1
199 4476 1
199 2150 1
199 942 1
199 2858 1
199 4884 0
199 3447 1
199 999 1
199 4948 1
199 1028 1
199 3409 0
199 4174 1
199 1270 1
199 850 1
199 3984 0
199 4676 1
199 553 0
199 5351 1
200 3329 1
200 1474 1
200 5793 1
200 4185 1
200 5667 1
200 4073 1
200 671 1
200 3771 0
200 5879 1
200 4784 1
200 2834 1
201 6612 1
201 6348 1
201 1234 0
201 3455 0
201 3456 0
201 4090 0
201 1646 0
201 115 0
201 6127 0
201 1976 0
201 6523 0
201 2375 1
201 5467 1
201 3009 1
201 310 1
201 311 1
201 1971 0
201 1987 0
202 4926 1
202 3457 1
202 6145 1
202 1804 1
202 2460 1
202 3841 1
202 2798 1
202 3454 1
202 5526 1
202 1643 1
202 4103 1
202 815 1
202 3331 0
202 4875 1
202 5094 1
202 5531 1
202 1654 1
202 1094 1
202 1977 1
202 128 1
202 986 1
202 1018 1
203 697 1
203 6272 1
203 4359 0
203 3043 1
203 4357 1
203 124 1
203 699 1
203 1760 1
203 340 0
203 6503 1
203 2351 0
204 1460 1
204 967 1
204 5857 1
204 5384 0
204 742 0
204 1159 1
204 2664 1
204 5356 0
204 4919 1
204 4910 1
205 6344 1
205 714 1
205 2909 1
205 3103 1
205 6651 1
205 2732 1
205 5813 1
205 5306 1
205 5404 1
205 2455 0
205 4941 1
205 2021 0
205 3303 0
206 3303 1
206 5034 1
206 2455 0
206 2020 1
206 1155 1
206 2021 0
206 5003 0
206 4070 0
206 6742 0
206 5539 0
206 6870 0
206 5033 0
206 6344 0
206 6426 0
206 4091 0
206 5009 0
206 6808 0
206 6540 0
206 4478 1
206 1157 1
207 2455 1
207 4070 1
207 5003 1
207 5539 1
207 6870 1
207 6742 1
207 3217 1
207 3694 1
207 5033 1
207 1284 1
207 5847 1
207 6346 1
207 2233 1
207 5636 1
207 2021 0
207 3303 0
207 6344 0
207 6426 1
207 3972 1
207 4091 0
207 5009 0
207 6808 0
207 6540 0
207 5034 1
208 6540 1
208 614 1
208 214 1
208 1379 1
208 113 1
208 3843 1
208 3412 1
208 865 1
208 4833 1
208 2455 0
208 6754 1
208 2745 1
208 2739 1
208 84 1
208 3799 1
208 3167 1
208 3425 1
208 1266 1
208 2021 0
208 3303 0
209 1215 1
209 6739 1
209 2119 1
209 3589 1
209 1389 0
209 5332 0
209 961 1
209 5840 1
209 2160 1
209 1573 1
209 1345 1
209 2945 0
209 3615 1
210 490 1
210 5427 1
210 3436 1
210 934 1
210 1145 1
210 3729 1
210 5273 1
210 2433 1
210 1711 1
210 2603 1
210 1045 1
210 6294 1
210 5589 1
210 5744 1
210 4833 0
210 965 1
210 2095 1
210 1463 1
211 2061 1
211 4114 1
211 6617 1
211 2033 0
211 6568 1
211 5613 0
211 4963 0
211 1730 0
211 4310 1
211 6507 0
211 6005 0
211 4307 0
211 2067 0
211 2347 0
211 1105 1
211 4195 0
211 5277 1
211 182 0
211 327 1
211 2125 0
211 6381 0
211 5310 0
211 5580 1
211 2062 0
211 2043 0
211 6580 0
211 4284 0
211 5638 1
212 1280 1
212 4054 1
212 4478 0
212 194 1
212 1064 1
212 3047 1
212 3854 1
212 2174 1
212 4707 1
212 1282 1
213 2263 0
213 6503 1
213 3758 1
213 368 1
213 339 1
213 340 1
213 631 0
213 2872 0
213 3134 0
213 4260 0
213 1359 0
213 4598 0
213 3349 0
213 3468 0
213 1134 0
213 4130 0
213 2663 0
213 6219 0
213 4329 0
213 99 1
213 766 1
213 4801 0
213 5085 0
213 5154 1
214 2022 1
214 4076 0
214 4065 0
214 3318 1
214 6386 1
214 2240 1
214 4447 0
214 6186 1
214 2256 0
214 4746 1
214 2447 0
214 2437 0
214 481 1
214 3388 1
214 2426 0
214 5090 1
214 6162 1
214 2439 0
214 4635 0
214 2614 1
214 1540 1
214 3991 1
214 4941 0
214 5794 1
215 3604 0
215 6460 1
215 2347 1
215 4183 1
215 2067 1
215 6374 1
215 3562 1
215 6488 1
215 6492 1
215 5613 0
215 3254 0
215 1730 1
215 2345 1
215 1397 0
215 4258 0
215 6771 0
215 2033 0
215 1223 0
215 3812 1
216 1676 1
216 6709 1
216 1474 1
216 6021 1
216 5615 0
216 4502 1
216 4811 0
216 2125 0
216 6419 0
216 2337 1
216 2970 0
216 2974 0
216 2973 0
216 4957 0
216 2158 1
216 6087 0
216 5740 0
217 1934 1
217 1320 1
217 5798 1
217 4422 1
217 4763 1
217 6355 1
217 6531 1
217 6238 1
217 1121 1
217 1947 1
217 2347 0
217 1099 1
217 1738 0
217 4292 0
217 556 0
217 6451 1
217 4995 0
217 6047 0
217 83 1
218 1844 1
218 832 1
218 4478 1
218 3551 1
218 5688 1
218 3298 1
218 6541 0
218 2627 0
218 4211 0
218 138 1
218 5090 0
218 3768 0
218 1350 0
218 14 0
218 6679 0
218 5049 0
218 4981 0
218 806 0
218 3929 0
219 2301 1
219 1262 0
219 1719 1
219 1264 1
219 1261 0
219 1574 0
219 4707 1
219 704 1
219 1611 0
219 3047 1
219 1138 1
219 3288 1
219 6827 0
219 1720 0
219 5308 0
219 1064 0
219 3925 1
219 2174 1
219 3917 1
219 5305 1
220 849 1
220 4138 1
220 4390 1
220 1827 1
220 1164 1
220 5602 1
220 3424 1
220 1004 1
220 3862 1
220 3372 1
220 4181 1
220 3646 0
220 1512 1
220 2870 0
220 6047 0
220 2964 0
220 4697 0
220 2138 0
220 4699 0
220 5924 1
220 6872 1
220 3698 1
220 5171 0
220 5655 0
220 2763 0
220 2627 0
220 1938 0
220 6765 1
220 6662 1
221 1262 1
221 1719 0
221 1261 0
221 1264 0
221 1139 1
221 3344 0
221 3345 1
221 1138 1
221 3288 1
221 1720 1
221 2301 1
221 381 1
221 1512 0
221 1343 1
221 1344 1
221 567 0
221 3047 1
221 6827 1
222 3830 1
222 5082 1
222 2675 1
222 3712 1
222 5295 0
222 6718 1
222 2375 1
222 1923 0
222 2948 1
222 6833 1
222 5467 1
222 3009 1
222 310 1
222 6658 1
222 2612 1
222 279 1
223 6067 1
223 4996 1
223 967 1
223 2612 0
223 5850 0
223 4910 0
223 579 0
223 4472 0
223 4663 1
223 1440 1
223 2801 0
223 2445 0
223 5082 0
223 1728 0
223 2881 0
223 2043 0
223 6550 0
223 284 1
223 204 0
223 5954 0
223 893 0
224 6503 1
224 3758 0
224 436 0
224 5850 0
224 3359 0
224 368 0
224 2568 1
224 2612 1
224 3331 0
224 5094 0
224 4875 0
224 815 0
224 6550 0
224 2950 0
224 5954 0
224 967 0
224 4877 0
224 1159 0
224 3358 0
224 5084 0
224 3450 0
224 1749 0
225 5057 1
225 3979 1
225 2440 1
225 5831 1
225 5439 1
225 2771 1
225 2263 1
225 4260 1
225 4598 1
225 1359 1
225 3134 1
225 631 1
225 3349 1
225 3570 1
225 2590 1
225 1205 1
225 1610 1
225 1714 1
225 3758 1
225 4801 1
226 762 1
226 1480 1
226 2328 1
226 1717 1
226 3608 1
226 342 1
226 1085 1
226 2323 1
226 2321 1
226 4026 0
226 2377 0
226 3503 1
226 99 1
226 1113 0
226 1716 1
226 367 0
226 4776 0
226 339 1
227 2511 0
227 1815 1
227 1220 1
227 2776 1
227 2233 1
227 1824 1
227 5145 1
227 3768 1
227 2897 0
227 6485 0
227 353 1
227 5579 1
228 1738 0
228 4292 0
228 4995 1
228 6047 1
228 3524 1
228 5896 1
228 2215 1
228 2225 1
228 1320 0
228 5257 1
228 2040 1
228 3034 1
228 4793 1
228 1731 1
228 6896 1
228 6405 1
228 6165 1
228 3465 1
228 5875 1
228 6505 0
228 2349 0
228 2787 0
229 6013 1
229 1607 1
229 4887 1
229 4886 1
229 5866 1
229 3342 1
229 1143 1
229 2421 1
229 1948 1
229 1495 1
229 6715 1
229 1966 1
229 4224 1
229 4221 1
229 6838 1
229 3050 1
229 6100 1
229 1133 1
229 4834 1
229 3664 1
229 5402 0
229 6745 0
229 3779 1
229 2916 0
230 2083 1
230 3100 1
230 5401 1
230 1159 1
230 5565 1
230 1458 1
230 5406 1
230 4472 1
230 5245 1
230 3540 1
230 2585 1
230 3145 1
230 3450 1
230 3940 1
230 967 1
230 4919 1
230 579 1
230 6097 1
230 4486 1
230 6486 1
230 1460 1
230 5675 1
230 3268 1
230 5776 1
230 3136 1
230 2950 1
230 5886 1
230 3044 1
230 3522 1
230 3944 1
230 1687 1
230 1466 1
230 3499 0
230 5556 0
230 2191 0
230 4910 1
231 4600 1
231 4895 1
231 4601 1
231 1496 1
231 689 1
231 1760 1
231 2260 1
231 5588 1
231 2092 1
231 5592 1
231 368 0
231 3793 1
231 6678 1
231 211 1
231 4365 1
231 3651 1
231 3043 1
231 1173 1
231 1756 1
231 6272 1
231 2608 1
231 1408 1
231 5807 1
231 852 1
231 3758 1
231 6503 0
231 2337 0
232 2568 1
232 6550 0
232 5850 1
232 967 0
232 2041 1
232 5954 0
232 6503 1
232 2612 1
232 436 1
232 1941 0
232 6111 0
233 3134 1
233 631 1
233 2872 1
233 4260 1
233 1359 1
233 4598 1
233 3349 1
233 3468 1
233 1134 1
233 6597 1
233 6193 1
233 2663 1
233 6219 1
233 4329 1
233 4130 1
233 1481 1
233 207 1
233 5085 1
233 4801 1
233 3088 1
233 2836 1
233 2263 1
233 696 1
233 4553 1
233 3489 1
233 3892 1
233 6503 0
233 3758 1
233 679 1
233 1078 1
233 340 1
234 762 1
234 1480 1
234 2328 1
234 1717 1
234 3608 1
234 2327 1
234 342 1
234 1790 0
234 1085 1
234 5158 0
234 1088 1
234 98 1
234 1716 0
234 99 1
234 4026 0
234 854 0
235 5346 1
235 1157 1
235 6487 1
235 1618 1
235 5893 1
235 591 1
235 1534 1
235 2138 1
235 4699 1
235 6731 1
235 6820 1
235 1841 1
235 4057 1
235 5049 1
235 875 1
235 4108 1
235 4427 1
235 1049 1
235 2572 1
235 6729 1
235 4985 1
235 5812 1
235 1048 1
235 1442 1
235 947 1
235 4064 1
235 2020 1
235 1155 1
235 3224 1
235 546 0
235 6479 0
235 1537 1
235 5034 1
235 5174 1
235 2764 1
235 1391 1
235 3756 0
235 3301 1
235 1102 1
235 6554 1
235 3302 1
235 3223 1
235 825 1
235 6809 1
235 225 1
235 1512 1
235 3542 1
235 703 1
235 491 1
236 2110 1
236 2166 1
236 1776 1
236 1957 1
236 6329 1
236 182 0
236 1987 1
236 2636 1
236 4342 0
236 3671 1
237 3867 1
237 3248 1
237 4333 1
237 3832 1
237 1996 1
237 5960 1
237 5356 1
237 4978 1
237 1255 1
237 191 1
237 6450 1
237 224 1
237 6265 1
237 1399 1
237 4025 1
237 1997 1
237 202 1
237 1187 1
237 1670 1
237 2757 1
237 5873 1
237 1845 1
237 3630 1
237 4530 1
237 1755 1
237 5104 1
237 4413 1
237 5561 1
237 337 1
237 2004 1
237 924 1
237 3663 1
237 4494 1
237 6274 1
237 799 1
237 3098 1
237 2596 1
237 1691 1
237 4953 1
237 1526 1
237 4968 1
237 3769 1
237 6881 1
237 6455 1
237 4898 1
237 6109 0
237 13 0
237 4836 0
237 640 0
238 1580 1
238 2091 1
238 3132 1
238 1142 1
238 1141 1
238 4722 0
238 262 0
238 3149 0
238 6163 0
238 4641 0
238 6401 0
239 1580 1
239 2091 1
239 3132 1
239 1142 1
239 1141 1
239 4722 0
239 262 0
239 3149 0
239 6163 0
239 4641 0
239 6401 0
240 1573 1
240 2161 1
240 834 0
240 861 1
240 2611 0
240 193 0
240 1186 0
240 3149 0
240 6656 0
240 6567 0
240 1530 0
240 809 0
240 5291 0
240 6637 0
240 3467 0
240 2695 0
240 3162 0
240 5723 0
240 1267 1
241 5146 1
241 3541 1
241 5288 1
241 1170 1
241 5368 1
241 2246 1
241 3705 1
241 5067 1
241 5383 1
241 4677 1
241 3911 1
241 1265 1
241 3295 1
241 6593 1
241 5036 1
241 999 1
241 5089 1
241 822 1
241 944 1
241 2540 1
241 229 1
241 2016 1
241 5250 1
241 4991 1
241 1649 1
241 4094 1
241 2017 1
241 4038 1
241 4176 0
241 4782 0
241 6878 0
241 2236 0
241 3731 0
241 6396 1
241 1700 1
241 4779 0
241 6619 0
241 6249 1
241 3014 1
241 2914 1
241 623 0
241 4208 0
242 594 1
242 2637 0
242 620 0
242 5007 1
242 6614 1
242 3647 1
242 4272 1
242 5051 1
242 6876 1
242 2760 1
242 6494 1
243 3130 1
243 5732 1
243 1427 1
243 581 1
243 1568 1
243 2087 1
243 2228 1
243 930 0
243 3729 0
243 3427 1
243 1711 0
244 2095 1
244 974 1
244 934 1
244 3813 1
244 1696 1
244 1711 1
244 5589 1
244 388 1
244 3436 1
244 4617 1
245 3185 1
245 4623 1
245 3954 1
245 3112 1
245 2156 1
245 629 1
245 435 1
245 3332 1
245 5957 1
245 946 1
245 5664 0
245 1493 1
246 1715 1
246 2377 1
246 5485 0
246 3503 1
246 99 1
246 1088 1
246 5154 1
246 1085 1
246 1717 1
246 1716 1
246 3608 1
247 5199 1
247 3729 1
247 1711 1
247 930 1
247 4229 1
247 1463 1
247 5135 1
247 6294 1
247 865 1
247 5520 1
247 1145 1
247 5427 1
247 3436 1
247 934 1
247 4515 0
247 6475 0
247 2600 1
247 5784 1
247 1539 1
247 4286 1
248 967 1
248 4919 1
248 579 1
248 5565 1
248 4472 1
248 2191 1
248 1466 1
248 6080 1
248 2950 1
248 5675 1
249 6731 1
249 5346 1
249 3301 1
249 3542 1
249 1442 1
249 4064 1
249 703 1
249 3224 1
249 2764 1
249 1052 1
250 2034 0
250 6507 1
250 6005 1
250 2033 0
250 6488 0
250 6797 1
250 3443 1
250 6568 1
250 3524 0
250 5257 0
251 3628 0
251 546 0
251 3188 1
251 2455 1
251 3972 1
251 6178 1
251 1039 1
251 4047 1
251 4070 1
251 2865 1
251 2233 1
251 559 1
252 1612 1
252 3122 1
252 5682 1
252 2107 1
252 3269 1
252 5148 1
252 6060 1
252 6241 1
252 6248 1
252 6103 1
253 224 1
253 6821 1
253 155 1
253 4563 1
253 904 1
253 3415 1
253 3287 0
253 4386 1
253 3867 1
253 1460 1
254 9 1
254 6293 1
254 1931 1
254 1526 1
254 3836 0
254 5541 0
254 760 0
254 264 0
254 4506 0
254 3474 1
255 522 1
255 5321 1
255 3180 1
255 5768 1
255 3649 1
255 2614 1
255 1671 0
255 4625 1
255 304 0
255 527 1
256 4515 0
256 6475 0
256 26 0
256 5506 1
256 5225 1
256 1694 1
256 865 1
256 5702 0
256 3130 1
256 581 1
256 2087 1
256 2228 1
256 4929 1
256 645 1
257 1346 1
257 3303 1
257 5346 1
257 2627 1
257 1157 1
257 5688 1
257 740 1
257 1003 0
257 5819 0
257 4699 1
257 592 1
257 2573 1
257 2138 1
257 6487 1
257 6731 1
258 1217 0
258 720 1
258 533 1
258 4334 1
258 2994 0
258 3012 0
258 2310 0
258 6885 0
258 3737 0
258 5899 0
258 4957 0
259 2409 1
259 5927 1
259 3743 1
259 718 1
259 2483 0
259 6463 1
259 4253 1
259 5672 1
259 5483 1
259 4806 1
260 1343 1
260 753 0
260 284 1
260 3522 1
260 3331 1
260 5094 0
260 815 0
260 4875 1
260 3350 0
260 6861 0
260 3228 0
260 1660 0
260 941 0
260 1195 0
260 6503 0
260 2425 1
261 1354 0
261 5109 1
261 5110 1
261 6617 1
261 4253 0
261 767 0
261 2008 0
261 4958 0
261 6236 0
261 6734 0
261 1696 0
261 3773 0
261 189 0
261 5097 0
261 5455 0
261 761 0
261 6880 0
261 3179 0
261 5450 0
262 1344 1
262 3344 1
262 1139 1
262 2452 1
262 3847 1
262 2169 1
262 4707 1
262 704 1
262 1611 1
262 1262 1
262 1264 1
262 1261 1
262 1719 1
262 2301 1
263 5031 1
263 2307 1
263 5293 1
263 2217 1
263 547 1
263 662 1
263 2353 0
263 560 0
263 3737 0
263 3373 0
264 138 0
264 941 0
264 4211 1
264 2514 0
264 4071 1
264 2441 1
264 3919 0
264 6903 0
264 4112 0
264 1636 0
265 6094 1
265 2426 1
265 2957 1
265 2122 1
265 4505 1
265 778 1
265 5792 1
265 4504 1
265 2023 1
265 3383 1
265 2034 1
265 1639 0
266 2431 0
266 2054 0
266 775 0
266 3186 0
266 2421 0
266 3342 0
266 1948 0
266 1143 0
266 3050 0
266 6838 0
266 6783 0
266 3779 0
266 236 0
266 1113 0
266 2132 0
267 2559 1
267 183 1
267 3334 1
267 6751 1
267 278 1
267 1662 1
267 3934 1
267 6514 1
267 856 1
267 5771 1
267 6098 1
267 6241 1
267 3907 1
267 4382 1
268 2554 1
268 2553 1
268 2437 0
268 5883 1
268 1204 1
268 2447 0
268 2439 0
268 2441 0
268 6359 0
268 560 0
268 2423 0
268 2449 0
268 6564 0
269 122 1
269 736 0
269 6121 0
269 3897 0
269 2141 0
269 1639 0
269 5418 0
269 6870 0
269 6742 0
269 1935 0
269 5539 0
269 326 1
269 737 0
269 5352 0
269 4417 1
269 4915 0
269 3519 0
269 3906 0
269 660 0
269 1976 0
269 6422 0
269 2974 0
269 2970 0
269 2973 0
269 744 0
269 1889 0
269 4490 0
269 6916 0
269 3512 0
269 2470 0
269 4795 0
269 1974 0
269 754 0
269 1344 0
269 4896 0
269 1262 0
269 6311 0
269 6428 0
269 1660 0
269 6087 0
269 6394 0
269 4746 0
269 5622 0
269 1684 0
269 2768 0
269 1685 0
269 2769 0
269 794 0
269 1988 0
269 1986 0
270 796 1
270 3654 1
270 5934 1
270 3328 0
270 6071 0
270 6883 0
270 335 1
270 4807 1
270 3119 1
270 1853 1
270 4868 1
270 5072 1
271 796 1
271 3654 1
271 5934 1
271 3328 0
271 6071 0
271 6883 0
271 335 1
271 4807 1
271 3119 1
271 1853 1
271 4868 1
271 5072 1
271 5889 1
271 1440 1
272 6885 1
272 6291 1
272 3335 1
272 5091 0
272 2009 1
272 3334 1
272 6297 1
272 3361 1
272 4294 1
272 4300 0
272 1633 0
272 1662 0
272 4439 1
272 6860 0
272 6094 0
272 6868 0
272 2849 0
272 2953 0
272 5015 0
273 6328 0
273 6653 0
273 3673 0
273 4793 0
273 1731 0
273 1821 0
273 3466 0
273 5257 0
273 2040 0
273 3034 0
273 6896 0
273 2964 0
273 6335 0
273 5275 0
273 1822 0
273 3638 0
273 2632 0
273 3278 0
274 3925 0
274 4107 1
274 891 0
274 6310 1
274 2964 0
274 1895 0
274 1259 0
274 5083 0
274 1028 0
274 3444 0
274 4114 1
274 4924 1
274 5458 0
274 2934 0
274 3356 0
274 848 0
274 2070 0
274 4154 0
274 846 0
274 2722 0
275 822 1
275 999 1
275 5089 1
275 944 1
275 2540 1
275 229 1
275 2016 1
275 5146 1
275 3541 1
275 5288 1
275 1170 1
275 5368 1
275 3705 1
275 5383 1
275 2246 1
275 5067 1
275 1265 1
275 4677 1
275 3911 1
275 3399 1
275 6296 1
275 5250 1
275 4991 1
275 1649 1
275 6476 1
275 5218 1
275 4986 1
275 5862 1
275 4741 1
275 6254 1
275 4163 1
275 5301 1
275 4782 1
275 6878 1
275 4176 1
275 2236 1
275 3731 1
275 4094 1
275 3014 0
275 2914 0
275 623 0
275 4208 0
275 2017 1
275 1107 1
275 6396 1
275 1700 1
275 4038 1
275 6619 0
275 3070 1
275 6679 0
276 4451 1
276 2517 1
276 3734 1
276 2353 0
276 4193 0
276 6320 0
276 2143 0
276 4456 0
276 4207 1
276 3737 0
276 5899 0
276 4957 1
276 435 0
276 3332 0
276 2373 0
276 2310 0
276 2545 0
276 6860 0
276 1641 0
276 3386 0
276 5348 0
276 2125 0
277 4207 1
277 6801 0
277 6222 0
277 4014 0
277 3211 0
277 1793 0
277 1794 0
277 5761 0
277 6079 0
277 1428 0
277 6420 0
277 1089 0
277 1567 0
277 4219 0
277 789 0
277 3048 0
277 5901 0
277 6057 0
278 6049 0
278 5311 0
278 2765 0
278 5486 0
278 1164 0
278 911 0
278 3424 0
278 3987 0
278 4390 0
278 4606 0
278 5602 0
278 3300 0
278 5034 0
278 2626 0
278 771 0
278 5174 0
278 5655 0
278 3367 0
278 5171 0
278 2763 0
278 4079 0
278 1154 0
278 6149 0
278 2764 0
278 5903 0
278 3372 0
278 3061 0
278 3862 0
278 4906 0
278 4822 0
278 4683 0
278 225 0
278 4699 0
278 591 0
278 5893 0
278 2138 0
278 5895 0
278 5924 0
278 6872 0
278 3698 0
278 2627 0
278 5346 0
278 1157 0
278 6613 1
278 6554 1
278 6662 0
278 1155 0
278 1512 0
278 6042 0
278 1268 0
279 4706 0
279 4943 1
279 320 0
279 6375 0
279 3910 0
279 3751 1
279 1683 1
279 5479 1
279 6301 1
279 1802 1
279 154 1
279 5520 1
280 1937 1
280 4019 1
280 685 1
280 3517 1
280 6356 0
280 264 0
280 5439 0
280 2730 0
280 2430 0
280 1714 0
280 5967 0
280 6792 0
280 1616 0
280 101 0
280 3511 0
280 6843 0
280 3326 0
280 2285 0
280 6857 0
280 4960 0
280 3507 0
280 6738 0
280 436 0
280 2529 0
280 5905 0
280 5155 0
280 2689 0
280 4197 0
280 4954 0
280 2263 0
280 2369 0
280 2014 0
280 216 0
280 3593 0
281 5147 1
281 2070 1
281 2069 1
281 2117 1
281 2794 1
281 3306 0
281 4165 1
281 1541 1
281 4408 1
281 5208 1
281 4506 1
281 5098 1
281 3810 1
281 5027 0
281 6250 1
281 5307 1
281 3860 0
281 6744 0
281 6244 0
281 953 0
281 633 0
281 5442 0
281 3652 0
281 3420 0
281 5323 0
281 6050 0
281 6866 0
281 4836 0
281 2148 0
281 3811 0
281 4731 0
281 3397 0
281 6479 0
281 1165 1
281 2515 0
281 4706 0
281 286 0
281 3832 0
281 3756 0
281 9 0
281 6169 0
281 5274 0
281 4013 0
281 3691 0
281 640 0
281 1554 0
281 5449 0
281 4136 0
281 1865 0
281 3348 0
282 2054 1
282 236 1
282 1113 1
282 275 1
282 2053 1
282 4222 1
282 6235 1
282 3779 0
282 4133 1
282 1949 1
282 4690 1
282 2419 1
282 949 1
282 2227 0
282 556 0
282 1115 1
283 1118 1
283 1955 1
283 2164 1
283 5831 1
283 3339 1
283 5801 1
283 6031 1
283 3780 0
283 5239 0
283 5167 0
283 6189 0
283 5480 0
283 3781 0
284 607 1
284 2056 1
284 2384 1
284 304 1
284 1904 1
284 5694 1
284 5298 1
284 2677 1
284 527 1
284 5488 1
284 2485 1
284 2359 0
284 2358 0
284 5014 0
285 1948 1
285 3342 1
285 2421 1
285 1143 1
285 4887 0
285 4886 0
285 6715 1
285 1966 1
285 4224 1
285 3050 1
285 6838 1
285 3779 0
285 4221 1
285 4129 0
286 1958 1
286 1355 0
286 3781 0
286 5842 0
286 4096 0
286 65 0
286 6324 0
286 3681 0
286 6396 0
286 2154 0
286 993 0
286 6002 0
287 5277 1
287 5580 1
287 6288 1
287 752 0
287 4195 0
287 3153 0
287 3294 0
287 4753 0
287 1066 0
287 2876 0
287 4943 0
287 3255 0
287 3587 0
287 3586 0
287 6837 0
287 2033 1
287 2067 0
287 1268 0
287 4945 0
287 5117 0
287 6804 0
287 4693 1
287 1730 1
287 1780 0
287 4632 0
287 1752 0
287 6390 0
287 23 1
287 4963 0
287 5421 0
287 6017 0
287 4175 0
287 5520 0
287 3143 0
287 5525 1
287 327 1
287 2034 0
287 3046 1
287 5474 0
287 869 0
287 6797 1
287 5359 0
287 1165 0
287 3292 0
287 2203 0
287 4861 1
287 5840 0
287 2062 1
287 6492 1
287 2272 0
288 3558 1
288 3656 1
288 6844 1
288 4873 1
288 2671 1
288 4912 1
288 1707 1
288 3424 0
288 5311 0
288 3987 0
288 4390 0
288 4606 0
288 2765 0
288 5486 0
288 911 0
288 6049 0
288 1164 0
288 4923 0
288 805 1
288 592 0
288 2573 0
288 1790 0
288 1172 0
288 771 0
288 898 0
288 6554 0
288 668 0
288 4884 1
288 399 1
288 3761 0
288 3007 1
288 4710 1
288 1840 1
288 1612 1
288 800 0
288 6450 0
288 5150 0
288 6873 0
288 976 1
288 401 0
288 2841 0
288 3832 1
288 2913 0
288 3364 0
288 2832 0
288 5378 1
288 4118 0
289 2919 0
289 4953 0
289 2049 0
289 1691 0
289 5545 0
289 5445 1
289 659 1
289 668 0
289 3348 0
289 4731 0
289 1761 0
289 3521 0
290 2314 1
290 6352 1
290 1214 1
290 3753 1
290 1644 0
290 5332 0
290 4573 0
290 2599 0
290 5403 0
290 960 0
290 5369 0
290 3149 0
290 1828 0
290 5606 1
290 3046 1
291 5483 1
291 6463 1
291 2409 1
291 4490 0
291 5927 1
291 3743 1
291 4050 0
291 6156 0
291 5687 0
291 3653 0
291 1740 0
291 5454 0
291 1546 0
292 1756 1
292 6272 1
292 1173 1
292 2608 1
292 4600 1
292 4601 1
292 4895 1
292 2352 0
292 6860 0
292 6182 0
292 3386 0
292 6545 0
292 1408 1
293 6083 1
293 6043 1
293 2213 1
293 6444 1
293 2371 1
293 2379 1
293 6322 1
293 6374 0
293 6488 0
293 3562 0
293 2067 0
293 4200 1
293 5514 0
293 2337 0
293 2425 1
294 1767 1
294 4930 1
294 2128 1
294 654 0
294 5850 1
294 3359 1
294 4472 0
294 5245 0
294 5333 0
294 2270 0
294 3145 0
294 3376 0
294 4735 0
294 2585 0
294 1746 1
295 6023 0
295 4324 0
295 4948 0
295 3444 0
295 1028 0
295 5083 0
295 1259 0
295 1483 0
295 3434 0
295 4974 0
295 1026 0
295 4174 0
295 3984 0
295 4908 0
295 6317 0
295 2858 0
295 942 0
295 2150 0
295 4676 0
295 4163 1
295 5301 1
296 6023 0
296 4324 0
296 4948 0
296 3444 0
296 1028 0
296 5083 0
296 1259 0
296 1483 0
296 3434 0
296 4974 0
296 1026 0
296 4174 0
296 3984 0
296 4908 0
296 6317 0
296 2858 0
296 942 0
296 2150 0
296 4676 0
296 4163 1
296 5301 1
297 297 1
297 214 1
297 1723 1
297 2228 1
297 6818 1
297 3405 1
297 616 1
297 614 1
297 6540 1
297 2548 1
297 5640 1
297 656 1
297 4768 1
297 1682 1
297 4602 1
297 3412 1
297 865 0
298 5312 1
298 3353 1
298 4656 1
298 574 0
298 289 1
298 3678 0
298 6104 1
298 1512 0
298 4016 0
298 997 0
298 1297 0
298 6786 0
298 4482 0
298 2582 0
299 2321 1
299 2323 1
299 766 1
299 1085 0
299 1585 1
299 2455 0
299 762 1
299 368 1
299 1717 0
299 2328 0
299 3608 1
299 2327 1
300 1885 1
300 644 1
300 6224 1
300 6908 1
300 1124 1
300 353 1
300 4361 1
300 119 1
300 2475 1
300 4714 1
300 6615 1
300 5399 1
300 368 1
300 4422 1
300 3510 1
300 1657 1
300 4453 1
300 6460 1
300 3838 1
300 1989 1
300 1934 1
300 4183 1
300 2391 1
300 1320 1
300 4003 1
300 3565 1
301 1915 1
301 4911 1
301 1724 1
301 13 1
301 5323 1
301 1840 1
301 6050 1
301 5853 1
301 5509 1
301 4710 1
301 5283 1
301 3125 1
301 4306 1
301 1656 1
301 3618 1
301 6216 1
301 809 1
301 3869 1
301 3213 1
301 5291 1
302 442 1
302 2686 0
302 557 0
302 6304 1
302 4199 1
302 4241 1
302 2978 1
302 4195 1
302 370 1
302 6451 0
302 6359 1
302 6355 1
302 4422 1
302 1570 0
303 1577 1
303 4419 0
303 5987 0
303 1961 0
303 4421 0
303 4418 0
303 5345 0
303 2021 0
303 4353 0
303 3680 0
303 5785 0
303 113 0
303 2826 0
303 760 0
303 2765 0
303 5486 0
303 5311 0
303 4390 0
303 911 0
303 3424 0
303 4606 0
303 3987 0
304 1518 1
304 1323 1
304 2979 1
304 6290 1
304 1531 1
304 369 1
304 914 1
304 6666 0
304 943 0
304 707 0
304 6355 1
304 3490 1
304 3170 0
304 4422 1
304 3365 0
305 1388 1
305 6592 1
305 1999 1
305 647 1
305 3520 1
305 1129 1
305 355 1
305 2477 1
305 37 1
305 6229 1
305 6913 1
305 6300 1
305 36 1
305 4017 1
305 3523 1
305 152 0
305 5458 0
305 4015 1
305 818 0
305 1323 0
305 6290 0
305 1531 0
305 6453 0
305 5861 0
305 383 1
305 2322 0
305 4099 0
305 3093 0
305 1248 0
305 6430 0
305 6355 1
305 4422 1
305 4106 0
305 2432 0
305 6440 0
306 969 1
306 4394 0
306 1582 0
306 5278 0
306 5199 0
306 2433 1
306 4404 1
306 3235 0
306 5310 0
306 1372 0
306 5545 0
306 2780 0
306 4945 0
306 1268 0
307 1125 1
307 4875 1
307 6548 1
307 4909 1
307 5094 1
307 1726 1
307 1884 1
307 2547 1
307 967 1
307 2597 1
307 2950 1
307 2801 1
307 2881 1
307 505 1
307 6810 1
307 3634 1
307 2269 1
307 1460 1
307 1291 1
307 3940 1
307 4910 1
307 1511 0
307 1159 1
307 3540 1
307 1458 1
307 5675 1
307 3136 1
307 5776 1
307 579 1
307 4486 0
307 6097 1
307 6486 1
307 4919 1
307 3930 0
307 2587 1
307 5204 1
307 3944 1
307 3893 1
307 2191 1
307 5556 1
307 6080 1
307 796 1
307 1916 0
307 3943 1
307 4293 1
307 6390 1
307 2286 1
307 1466 1
307 2578 1
307 6111 0
308 796 1
308 5072 1
308 2948 1
308 5889 1
308 1440 1
308 742 1
308 4474 0
308 3173 0
308 654 1
308 5196 1
309 3998 1
309 787 1
309 2461 1
309 5718 1
309 5994 1
309 6689 1
309 440 1
309 6343 1
309 4949 0
309 6539 1
310 783 1
310 2590 1
310 3570 1
310 4429 0
310 1320 0
310 1934 0
310 5710 0
310 5764 1
310 2283 0
310 2657 0
310 2374 0
311 867 1
311 866 1
311 6718 0
311 4414 0
311 3606 1
311 2854 1
311 474 1
311 5542 1
311 3374 1
311 1637 1
311 4409 0
312 714 1
312 2909 1
312 6651 1
312 5306 1
312 5813 1
312 3103 1
312 6344 1
312 904 1
312 5134 1
312 4941 0
312 2732 1
313 865 1
313 2087 0
313 5025 1
313 5199 0
313 930 1
313 4229 1
313 5520 0
313 2600 0
313 4286 0
313 6475 0
313 4515 0
313 581 1
314 2731 1
314 1644 0
314 4573 0
314 5332 0
314 2599 0
314 5403 0
314 960 0
314 5369 0
314 3554 1
314 746 0
314 3870 0
314 6736 0
315 5539 1
315 6870 1
315 6742 1
315 4070 1
315 5033 1
315 2232 1
315 5071 1
315 6426 1
315 4687 1
315 4414 0
316 3134 1
316 631 1
316 2872 1
316 4260 1
316 4598 1
316 1359 1
316 3349 1
316 1481 1
316 207 1
316 5085 1
316 4801 1
316 3088 1
317 6503 0
317 99 1
317 1085 1
317 3758 0
317 366 1
317 2321 1
317 4558 1
317 3611 1
317 4559 1
317 2910 0
317 298 0
317 5923 0
317 367 0
318 277 0
318 5507 0
318 6109 0
318 5021 0
318 2616 0
318 4226 0
318 5648 0
318 6241 0
318 3147 0
318 442 0
319 3758 1
319 6503 1
319 6597 1
319 5765 1
319 5085 1
319 4801 1
319 3088 1
319 865 1
319 696 1
319 3489 1
319 3892 1
320 3758 1
320 6503 1
320 6597 1
320 5765 1
320 5085 1
320 4801 1
320 3088 1
320 865 1
320 696 1
320 3489 1
320 3892 1
321 98 1
321 4026 1
321 3503 1
321 99 1
321 1717 1
321 3608 1
321 2328 1
321 342 1
321 2327 1
321 339 1
322 865 0
322 4676 0
322 4139 0
322 1700 0
322 5367 1
322 1960 1
322 3642 1
322 4250 1
322 6842 1
322 371 1
322 87 1
322 1963 1
322 5172 1
322 3902 1
323 4404 1
323 1613 1
323 6825 1
323 4394 1
323 214 0
323 5471 0
323 1582 1
323 57 0
323 190 1
323 969 1
323 6498 0
323 5115 0
323 5672 0
323 2495 0
323 2266 0
324 4365 1
324 3651 1
324 211 1
324 3861 1
324 3221 1
324 5921 1
324 4678 1
324 3790 1
324 5023 1
324 3965 1
324 5002 1
324 3757 1
324 6678 1
324 3793 0
325 631 1
325 2872 1
325 3134 1
325 4260 1
325 4598 1
325 1359 1
325 3349 1
325 3468 1
325 2663 1
325 6219 1
325 1134 1
326 2063 1
326 3496 1
326 4831 1
326 683 1
326 6077 1
326 4739 1
326 303 1
326 4604 1
326 6447 1
326 1158 1
326 1858 0
326 4869 0
326 404 0
326 691 1
326 2525 0
326 1880 1
326 2772 1
326 5431 1
326 79 0
327 1526 1
327 5596 0
327 3495 1
327 4942 1
327 6269 1
327 3994 1
327 3314 1
327 155 1
327 1869 1
327 3568 1
327 3099 1
328 3982 1
328 5470 1
328 2346 0
328 2213 0
328 6083 0
328 2960 0
328 4297 0
328 1731 0
328 5927 0
328 6147 1
328 2349 0
328 1567 0
328 3058 0
329 6908 1
329 2475 1
329 3838 1
329 1885 1
329 644 1
329 1934 1
329 6224 1
329 1124 1
329 353 1
329 4361 1
329 119 1
329 4714 1
329 6615 1
329 5399 1
330 4185 1
330 2588 1
330 3201 1
330 3787 0
330 5467 0
330 3009 0
330 310 0
330 5080 0
330 5112 0
330 2291 0
330 4951 1
330 5356 0
330 5167 0
330 13 0
330 5853 0
330 3525 0
330 3784 0
330 5509 0
330 5390 0
330 5114 0
331 1915 1
331 1724 1
331 4911 1
331 13 1
331 5323 1
331 1840 1
331 6050 1
331 5853 1
331 3525 1
331 6866 1
331 5509 1
331 4710 1
331 5127 1
331 6774 1
331 3125 1
331 808 0
331 4178 1
331 1783 1
331 1926 1
331 3248 1
331 4333 1
331 1188 1
331 336 1
331 3867 1
331 4325 1
331 4978 1
331 5356 1
331 2377 1
331 1172 1
331 3474 1
331 4901 1
331 5755 1
331 4923 1
331 3098 1
331 801 1
331 6277 1
331 3676 1
331 5286 1
331 86 1
331 397 1
331 5291 1
331 809 1
331 3213 1
331 6216 1
331 3869 1
331 3618 1
331 2893 1
331 1656 1
331 4306 1
331 5283 1
332 1612 1
332 3122 1
332 6243 1
332 3641 1
332 3791 1
332 4236 1
332 3017 1
332 3124 1
332 3426 1
332 5148 1
332 4939 1
332 2107 1
332 3269 1
332 5682 1
332 347 1
332 5464 1
332 2740 1
332 5093 1
332 5084 1
332 4465 1
332 2813 1
332 673 1
332 3377 1
332 5996 1
332 998 1
332 5266 1
332 2253 1
332 6248 1
332 1734 1
332 6874 1
332 1010 1
332 6241 1
332 4230 1
332 2252 1
332 4466 1
332 6060 1
333 5470 0
333 3982 0
333 2346 0
333 5904 0
333 3564 1
333 3272 1
333 6292 1
333 1993 0
333 157 1
333 1240 1
333 6301 1
333 3875 1
333 4310 1
333 1932 1
333 4993 1
333 2033 0
333 2632 0
333 2026 1
333 1933 1
333 3274 1
333 2034 0
333 2429 0
333 4184 0
333 3466 0
333 3329 0
333 1676 0
333 1482 0
333 2077 0
333 6709 0
333 5619 0
333 4107 1
333 3958 0
334 3940 1
334 3450 1
334 967 1
334 4919 1
334 579 1
334 4486 1
334 6097 1
334 6486 1
334 1460 1
334 1458 1
334 1159 1
335 4512 1
335 131 1
335 6475 1
335 26 1
335 4518 1
335 4180 1
335 4517 1
335 4521 1
335 3063 1
335 4524 1
335 4514 1
335 4125 1
335 4515 1
335 4516 1
335 4519 1
335 4672 1
335 2717 1
335 3404 0
335 2342 1
336 5077 1
336 751 0
336 2339 1
336 3350 1
336 5355 0
336 5845 0
336 3009 0
336 5467 0
336 310 0
336 4892 0
336 1402 0
336 6475 0
336 26 0
336 4971 0
336 5557 0
336 3063 0
336 959 1
336 3168 0
336 4328 0
336 1200 0
336 1618 0
336 1534 0
336 4156 0
336 6478 0
336 6600 0
336 3971 0
336 5081 0
336 6714 0
336 2297 0
336 1802 0
336 5346 0
336 2258 0
336 6066 0
337 904 1
337 3347 1
337 5021 1
337 2616 1
337 6109 1
337 3740 1
337 4120 1
337 520 1
337 314 1
337 3099 1
337 155 1
337 3994 1
337 1869 1
337 3568 1
337 5366 1
338 5648 0
338 1963 1
338 5000 1
338 2278 1
338 4686 1
338 753 1
338 958 0
338 5367 1
338 884 1
338 3245 1
338 6842 1
338 1795 1
338 1751 1
338 1759 1
338 6384 1
338 3735 0
338 2432 0
338 5742 0
338 4706 0
338 5112 0
338 1752 1
339 3134 1
339 631 1
339 2872 1
339 4260 1
339 4598 1
339 1359 1
339 3349 1
339 3468 1
339 1134 1
339 6597 1
339 6193 1
340 645 1
340 6763 1
340 2087 1
340 686 1
340 1833 1
340 5471 1
340 214 1
340 5282 1
340 6818 1
340 2228 1
340 297 1
340 3082 0
340 4837 0
340 3405 0
340 616 0
340 1381 1
340 3439 1
340 5457 0
340 1568 1
340 3599 1
340 3603 1
340 1544 1
340 2015 0
340 865 1
340 2874 0
340 3170 0
340 4959 0
340 3843 0
340 113 0
340 5153 0
340 3438 0
340 2002 0
340 5238 0
340 6125 0
340 1775 0
340 6754 0
340 2059 1
340 625 1
341 6906 1
341 3883 1
341 1149 1
341 3649 1
341 6436 1
341 2399 1
341 2118 1
341 6661 1
341 2036 1
341 1742 1
341 6446 1
341 6574 0
341 545 0
341 567 0
341 3259 1
341 4036 1
341 510 1
341 3700 0
341 5529 0
341 2214 0
341 574 1
341 4100 1
341 3390 1
341 2633 1
341 3165 1
341 2690 1
341 2139 0
341 3527 1
341 3040 0
341 4352 1
341 5838 1
341 5839 0
341 4636 1
341 5298 1
341 3359 1
341 528 1
341 4327 0
341 518 1
341 1604 1
341 5524 1
341 4658 1
341 1671 0
341 3343 1
341 304 1
341 1740 1
341 1130 1
341 973 1
341 4625 1
341 6021 1
341 2137 0
342 631 1
342 3468 1
342 5085 1
342 2263 0
342 6503 0
342 3489 1
342 3758 0
342 6851 0
342 207 1
342 368 0
342 2836 1
343 38 0
343 4423 0
343 1631 0
343 5047 1
343 1477 1
343 5722 0
343 3539 0
343 6534 1
343 5446 0
343 3290 0
343 4098 1
343 3957 0
343 5707 0
343 319 0
343 4976 0
343 4409 1
343 4888 0
343 764 1
343 6319 1
343 5661 1
343 3835 0
343 5388 1
343 2456 0
343 6445 0
343 281 0
343 2142 1
343 5365 1
343 5567 1
343 5562 1
343 3969 1
343 6711 0
343 1998 1
343 3106 0
343 3888 1
343 5452 1
343 6189 1
343 4824 0
343 6477 0
343 4126 1
343 5712 0
343 4215 0
343 417 1
343 6519 1
343 838 1
343 3742 1
343 867 1
343 4172 1
343 4067 1
343 6167 1
344 1915 1
344 13 1
344 3525 1
344 5853 1
344 5509 1
344 5127 1
344 3315 1
344 4377 1
344 3784 1
344 5114 1
344 5323 1
344 1840 1
344 6050 1
344 6866 1
344 6274 1
344 5291 1
344 809 1
344 4927 1
344 4932 1
344 1669 1
344 6612 1
344 1378 1
344 5096 1
344 1400 0
344 3429 1
344 3191 1
344 4282 1
344 2907 1
344 4000 1
344 2004 1
344 4269 1
344 924 0
344 1513 1
344 2324 1
344 2910 1
344 5467 0
344 3009 0
344 2916 0
344 1724 0
344 4911 0
344 2651 1
344 5283 1
344 3125 1
344 4306 1
344 1656 1
344 3618 1
344 2893 1
344 397 1
344 3098 0
344 6409 0
345 6883 1
345 967 1
345 1460 1
345 1458 1
345 5954 0
345 5675 1
345 3522 1
345 5556 1
345 6248 1
345 4910 1
345 5384 1
346 3859 1
346 5348 1
346 511 1
346 5852 0
346 2092 0
346 1741 0
346 5002 1
346 5023 1
346 5576 1
346 2322 1
346 412 1
346 5392 1
346 3737 1
346 3465 1
346 2822 0
346 6689 0
346 2970 0
346 3487 0
346 5018 0
346 662 1
346 5076 0
346 4888 0
346 5047 0
346 1477 0
346 5722 0
346 319 0
346 4976 0
346 764 0
346 2353 1
346 1641 0
346 3566 0
346 5515 0
346 3386 0
346 832 0
346 659 1
346 1640 0
346 5021 0
346 2255 0
346 4951 0
346 2711 1
346 2042 1
346 2310 1
346 661 1
346 1547 1
346 6885 1
346 5448 0
346 6533 0
346 4853 0
346 4957 0
346 3734 1
347 4625 1
347 2417 1
347 6027 1
347 574 1
347 4482 1
347 2582 1
347 6786 1
347 6105 1
347 6439 1
347 3374 1
347 1637 1
347 866 1
347 4679 1
347 4298 1
347 5398 1
347 3165 1
347 1151 1
347 970 1
347 2012 1
347 2237 1
347 6833 0
347 4658 1
347 6217 1
347 5027 1
347 2898 1
347 1604 1
347 125 1
347 3628 0
347 5073 1
347 570 1
347 4300 1
347 1633 0
347 344 1
347 4016 1
347 6874 1
347 6149 1
347 1993 1
347 5276 1
347 3078 1
347 1994 1
347 6145 1
347 1439 0
347 6062 1
347 1718 1
347 4001 1
347 4013 1
347 5811 1
347 5439 1
347 5376 1
348 2033 1
348 2034 1
348 6005 1
348 6507 1
348 2347 1
348 5613 1
348 2067 1
348 6797 1
348 182 0
348 4307 1
348 1730 1
349 6506 1
349 3766 1
349 368 1
349 3173 0
349 1916 1
349 3035 0
349 6179 1
349 6588 1
349 1570 1
349 697 1
349 5936 1
350 384 1
350 560 1
350 5109 1
350 4643 1
350 6057 1
350 2371 0
350 5110 1
350 3339 0
350 564 1
350 4995 0
350 2785 0
351 2052 1
351 348 1
351 1752 1
351 2057 1
351 6138 0
351 2051 1
351 4956 0
351 4340 1
351 6691 0
351 6703 0
352 5664 0
352 637 0
352 519 0
352 1970 0
352 2631 0
352 2373 0
352 666 0
352 6860 0
352 3737 0
352 4258 0
352 3466 0
352 2247 0
352 1641 0
352 2186 1
352 5416 0
352 588 0
352 6237 0
352 5299 0
352 2310 0
352 6507 0
352 5859 0
352 2347 0
352 4957 0
352 3386 0
352 5593 0
352 6547 0
352 6853 0
352 2784 0
352 2353 0
352 3508 1
352 665 0
352 3515 1
352 3734 0
352 3661 0
352 1222 0
352 5514 0
352 3572 0
352 33 0
352 203 0
352 538 0
352 1221 0
352 2352 0
352 1181 0
352 2432 0
352 2786 0
352 312 1
352 6892 0
352 80 1
352 82 0
352 76 1
353 5664 0
353 637 0
353 519 0
353 1970 0
353 2631 0
353 2373 0
353 666 0
353 6860 0
353 3737 0
353 4258 0
353 3466 0
353 2247 0
353 1641 0
353 2186 1
353 5416 0
353 588 0
353 6237 0
353 5299 0
353 2310 0
353 6507 0
353 5859 0
353 2347 0
353 4957 0
353 3386 0
353 5593 0
353 6547 0
353 6853 0
353 2784 0
353 2353 0
353 3508 1
353 665 0
353 3515 1
353 3734 0
353 3661 0
353 1222 0
353 5514 0
353 3572 0
353 33 0
353 203 0
353 538 0
353 1221 0
353 2352 0
353 1181 0
353 2432 0
353 2786 0
353 312 1
353 6892 0
353 80 1
353 82 0
353 76 1
354 986 1
354 1018 1
354 5531 1
354 3452 0
354 618 1
354 1804 1
354 1654 1
354 1094 1
354 1977 1
354 128 1
354 2944 1
354 4835 1
354 6863 1
354 613 1
354 5646 1
354 4926 1
354 3457 1
354 769 1
354 620 1
354 6578 0
354 1014 0
354 5526 0
354 2798 0
354 3454 0
354 6087 0
354 3416 0
354 1643 1
354 4103 1
354 5200 0
354 5401 0
354 2670 0
354 2801 0
354 4875 0
354 4909 0
354 815 0
354 6548 0
354 394 1
354 3021 1
354 6601 0
354 3312 0
354 3992 0
354 615 0
354 6240 0
354 5500 1
354 1819 0
354 6145 0
354 782 0
354 5747 0
354 1663 0
354 3279 0
355 5984 0
355 966 0
355 5229 0
355 2294 0
355 5890 0
355 2929 0
355 2887 0
355 5007 0
355 2458 0
355 6321 0
355 6376 0
355 4349 0
355 6114 0
355 2920 0
355 4780 0
355 1546 0
355 3365 0
355 385 0
355 800 0
355 95 0
355 1831 0
355 5392 0
355 6109 1
355 2532 0
355 2959 0
355 6557 0
355 1227 0
355 1323 0
355 1531 0
355 6290 0
355 1757 0
355 3610 0
355 5907 0
355 3909 1
355 1000 0
355 3538 0
355 4620 0
355 6562 0
355 6032 0
355 5345 0
355 2531 0
355 3364 0
355 995 0
355 1056 0
355 2945 0
355 4000 0
355 6064 0
355 5441 0
355 407 0
355 5883 0
356 4946 1
356 975 0
356 95 0
356 385 0
356 5494 0
356 800 0
356 2491 1
356 5392 0
356 5126 0
356 1626 0
356 649 0
356 5479 0
356 4468 0
356 5996 0
356 1882 0
356 2473 0
356 6076 0
356 6274 0
356 5984 0
356 3110 0
356 6046 0
356 4780 0
356 2001 0
356 5134 0
356 5508 0
356 6399 0
356 4155 0
356 1699 0
356 6221 0
356 3365 0
356 5941 0
356 6406 0
356 4251 0
356 2458 0
356 2693 0
356 2810 0
356 3511 0
356 5928 0
356 6109 0
356 191 0
356 4153 0
356 5518 0
356 6636 0
356 657 0
356 6549 0
356 5063 0
356 6652 0
356 1985 0
356 1549 0
356 5674 0
357 5975 1
357 1054 1
357 4362 1
357 6572 1
357 1272 1
357 5348 1
357 3251 1
357 5411 1
357 6527 1
357 3548 0
357 2298 0
357 5413 0
357 2920 1
357 1549 1
357 5474 1
357 4619 1
357 189 0
357 5455 0
357 761 0
357 6880 0
357 5450 0
357 1521 0
357 5635 0
357 4780 0
357 2001 0
357 5134 0
357 4429 0
357 1527 0
357 4770 0
357 4946 0
357 5548 0
357 3364 0
357 2909 0
357 2601 0
357 4941 0
357 155 0
357 5430 0
357 2458 0
357 649 0
357 6646 1
357 658 0
357 6129 0
357 380 0
357 4114 0
357 2264 0
357 6570 1
357 6064 0
357 3089 0
357 6485 0
357 6581 0
358 5871 1
358 2540 1
358 2016 1
358 999 1
358 822 1
358 3138 1
358 5089 1
358 2691 1
358 944 1
358 229 1
358 1368 0
358 5008 0
358 6619 1
358 553 1
358 2857 1
358 4091 1
358 5009 1
358 552 1
358 1398 1
358 2620 1
358 551 1
358 554 1
358 4779 1
358 3894 1
358 5412 1
358 1170 1
358 4994 1
358 962 1
358 6416 1
358 5383 1
358 5146 1
358 5368 1
358 6593 1
358 4991 1
358 5250 1
358 2564 1
358 2694 1
358 6878 0
358 3488 1
358 5220 1
358 6254 1
358 3014 1
358 2914 1
358 6501 1
358 478 1
358 1366 1
358 546 0
358 4095 1
358 1279 1
358 3410 0
359 6923 1
359 3928 1
359 344 1
359 3072 0
359 6378 0
359 3199 0
359 1344 1
359 1718 1
359 182 0
359 4380 0
359 1907 0
359 765 0
359 5568 0
360 101 1
360 5959 1
360 1616 1
360 1403 1
360 368 0
360 6332 1
360 2706 1
360 102 1
360 1972 1
360 2305 1
360 4032 1
360 2030 1
360 3770 0
360 3779 0
360 2053 0
360 2374 0
360 1672 0
360 3858 0
360 2469 0
360 603 0
360 5324 0
360 6851 0
360 6777 0
360 4760 0
360 3229 0
360 627 0
360 5039 0
360 3766 0
360 6506 0
360 5765 0
360 2398 0
360 3935 0
360 3342 0
360 2421 0
360 835 1
360 4321 0
360 1710 0
360 5850 0
360 1526 0
360 1446 0
360 2284 0
360 2311 0
360 6126 0
360 6282 0
360 1587 0
360 6623 0
360 6421 0
360 3408 0
360 2270 0
361 5921 1
361 4678 1
361 3790 1
361 5023 1
361 3965 1
361 5002 1
361 3757 1
361 3793 0
361 6678 0
361 4365 1
361 3651 1
361 211 1
361 3861 1
361 3221 1
361 5141 1
361 368 0
361 2053 1
361 1496 1
361 2326 0
361 209 1
361 4130 0
361 1134 0
361 2092 1
362 4130 1
362 1134 1
362 6219 1
362 6193 1
362 6597 1
362 2663 1
362 3468 1
362 368 0
362 4329 1
362 2872 1
362 631 1
362 1359 1
362 3349 1
362 3134 1
362 4598 1
362 4260 1
362 6678 0
362 3793 0
362 5496 0
362 2092 1
362 4801 1
362 6503 0
362 5023 1
362 3790 1
362 4678 1
362 5921 1
362 5002 1
362 207 1
362 1481 1
362 3758 0
362 3892 1
362 3489 1
362 2263 0
362 340 1
362 339 0
362 4365 1
362 211 1
362 3651 1
362 5141 0
362 209 0
362 1729 0
362 1714 1
362 1610 1
362 1744 0
362 679 1
362 766 1
362 2323 1
362 2326 1
362 6355 0
362 5507 0
363 2321 0
363 1480 0
363 762 0
363 98 0
363 3608 0
363 2328 0
363 1717 0
363 2327 0
363 1085 0
363 5158 0
363 1088 0
363 1790 0
363 1716 0
363 99 0
363 368 0
363 958 0
363 5487 0
363 1437 0
363 2046 0
363 4484 0
363 899 0
363 3744 0
363 825 0
363 6015 0
363 6754 0
363 1537 0
363 5326 0
363 2919 0
363 2951 0
363 5263 0
363 2812 0
363 5476 0
363 1523 0
363 2994 0
363 6642 0
363 3503 0
363 2253 0
363 1702 0
363 2473 0
363 5229 0
363 3973 0
363 3856 0
363 6382 0
363 5154 0
363 5070 0
363 5595 0
363 1436 0
363 6355 0
363 1584 0
363 6521 0
364 904 1
364 3347 1
364 754 1
364 5021 1
364 2616 1
364 6109 1
364 155 1
364 4118 0
364 1931 0
364 1707 1
364 6881 1
364 3233 1
364 1923 1
364 6265 1
364 4196 1
364 191 1
364 747 1
364 5356 1
364 6117 1
364 3867 0
364 1460 1
364 3248 1
365 418 1
365 4093 0
365 2860 1
365 225 1
365 308 1
365 3736 1
365 2825 1
365 3756 1
365 1908 0
365 2754 1
365 4906 1
365 3178 1
365 2762 0
365 3595 1
365 3328 1
365 5580 0
365 1619 1
365 6479 1
366 5346 1
366 1157 1
366 1618 1
366 1534 1
366 6731 1
366 6820 1
366 1841 1
366 4057 1
366 6487 1
366 5049 1
366 875 1
366 4108 1
366 1049 1
366 591 1
366 4985 1
366 6729 1
366 2572 1
366 5893 1
366 825 1
366 3805 1
366 3302 1
366 898 1
366 3301 1
366 5221 1
366 4815 1
366 1051 1
366 6809 1
366 3223 1
366 1102 1
366 1442 1
366 3542 1
366 6478 1
366 6600 1
366 3971 1
366 5081 1
366 4480 1
366 6431 1
366 5174 1
366 5034 1
366 2764 1
366 4156 1
366 5077 1
366 3550 1
366 6872 1
366 1391 1
366 703 0
366 4064 1
366 2020 1
366 947 1
366 225 0
367 3940 1
367 967 1
367 4919 1
367 1460 1
367 1458 1
367 3268 1
367 2950 1
367 3522 1
367 3944 1
367 1687 1
367 5556 1
367 3499 1
367 4910 1
367 3893 1
367 6080 1
368 612 1
368 27 1
368 4259 1
368 6916 1
368 6914 1
368 2984 0
368 2982 0
368 163 1
368 635 1
368 6907 1
368 2182 1
368 2878 1
368 6908 1
368 6911 1
368 6904 1
368 6906 1
368 2979 1
368 593 1
368 5239 1
369 1678 1
369 6402 1
369 6409 1
369 2782 1
369 1671 1
369 4116 1
369 384 0
369 605 1
369 1383 0
369 545 0
369 6400 1
369 1658 1
369 3923 1
369 56 1
369 3510 1
369 3186 1
369 1892 1
369 2075 1
369 117 1
369 5239 1
369 6444 1
369 2717 1
369 4036 1
370 2033 1
370 1730 1
370 2034 1
370 6797 1
370 6005 0
370 6507 1
370 5693 1
370 6292 1
370 2067 1
370 5613 0
370 2347 0
370 5277 1
370 182 0
370 6568 1
370 327 1
370 5580 1
370 2062 1
370 6492 1
370 4310 1
370 6617 1
370 3877 1
370 1105 1
371 215 1
371 3063 0
371 5557 0
371 4971 0
371 6475 0
371 26 0
371 1200 0
371 4328 0
371 6629 0
371 2491 0
371 133 0
371 6560 1
371 6129 1
371 373 1
371 753 1
371 6453 0
371 1607 0
371 6013 0
371 2447 0
371 6100 0
371 3648 0
371 5783 0
371 5138 0
371 1948 0
371 2421 0
371 1143 0
371 3342 0
371 2426 0
371 6025 0
371 4886 0
371 4887 0
371 4706 0
371 5866 0
371 2427 0
371 2437 0
371 4184 0
371 6564 0
371 6512 0
371 2916 0
371 1495 0
371 5120 0
371 3466 0
371 2422 0
371 1133 0
371 6094 0
371 6575 0
371 6715 0
371 368 0
371 2442 0
371 2425 0
372 5427 1
372 3436 1
372 934 1
372 302 1
372 1145 1
372 3729 1
372 5273 0
372 1711 1
372 1696 1
372 3773 1
373 4068 1
373 235 1
373 1248 1
373 2245 1
373 2247 0
373 4946 0
373 2084 0
373 6860 0
373 6183 0
373 6563 0
373 6669 0
373 3324 0
373 2302 1
373 3033 0
373 6370 0
373 6790 1
373 3734 0
373 5831 0
373 5481 0
374 1710 1
374 1526 1
374 6421 0
374 5541 0
374 13 1
374 4074 1
374 5324 0
374 6412 0
374 5039 0
374 5853 1
374 6866 1
375 3229 1
375 5039 1
375 4457 1
375 3141 1
375 2487 1
375 5063 1
375 6669 1
375 6549 1
375 3422 1
375 4950 1
375 2491 0
376 106 1
376 3773 1
376 3813 1
376 4958 1
376 4973 1
376 5450 1
376 6134 1
376 5427 1
376 302 0
376 3436 0
376 4438 1
376 934 0
376 1145 0
376 3729 1
376 1711 0
376 5273 0
376 5199 1
376 1696 0
376 6236 0
376 2008 0
376 6734 0
376 3179 0
376 189 0
376 5097 0
377 1526 1
377 1710 1
377 13 1
377 1840 1
377 5323 1
377 6050 0
377 1656 1
377 2770 1
377 11 1
377 3229 1
377 5324 1
377 6851 0
377 2469 0
377 4760 0
377 627 0
377 6777 0
377 3858 0
377 603 0
377 1672 0
377 106 1
377 1446 0
377 965 0
377 3583 1
377 5039 1
377 2284 1
377 6412 1
377 2907 1
377 3408 1
377 5541 1
378 6331 1
378 56 1
378 6639 1
378 2785 1
378 1181 1
378 1036 0
378 4069 1
378 6157 0
378 5043 0
378 5421 0
378 6028 0
378 5108 0
378 2838 0
378 6425 1
378 2515 1
378 3820 0
378 6094 1
378 2455 1
378 963 1
378 706 0
378 5117 0
378 6804 0
378 3148 0
378 5514 1
378 5852 1
378 193 1
379 2397 1
379 6094 0
379 3010 1
379 2938 1
379 3033 1
379 5568 0
379 3185 0
379 5957 1
379 946 0
379 5664 0
380 5849 0
380 4028 1
380 5037 1
380 4604 1
380 1679 1
380 2766 1
380 5431 0
380 892 1
380 1630 1
380 975 1
380 2515 0
380 3820 0
380 1523 1
380 5902 1
380 688 1
380 5574 1
380 6811 0
380 3297 0
380 4104 0
380 3688 1
380 4964 1
380 72 0
380 4941 1
381 5849 0
381 4028 1
381 5037 1
381 4604 1
381 1679 1
381 2766 1
381 5431 0
381 892 1
381 1630 1
381 975 1
381 2515 0
381 3820 0
381 1523 1
381 5902 1
381 688 1
381 5574 1
381 6811 0
381 3297 0
381 4104 0
381 3688 1
381 4964 1
381 72 0
381 4941 1
382 1350 1
382 2249 1
382 2735 1
382 3718 1
382 1186 1
382 3615 1
382 5463 1
382 652 1
382 1320 1
382 163 1
382 6422 1
382 5000 1
382 2278 1
382 2455 1
382 1752 1
383 2225 0
383 6555 0
383 62 1
383 509 1
383 789 0
383 2031 0
383 6517 1
383 6401 0
383 6653 0
383 3919 1
384 5514 1
384 3693 1
384 6444 0
384 6083 0
384 4175 0
384 6458 0
384 4464 0
384 6457 0
384 5299 1
384 2961 1
385 645 1
385 6616 1
385 2874 1
385 3843 1
385 113 1
385 3170 1
385 4959 1
385 1379 1
385 2575 1
385 5153 1
385 3438 1
385 2002 1
385 6754 1
385 1775 1
385 5238 1
385 6125 1
385 1545 1
385 5246 1
385 2196 1
385 4634 1
385 3431 1
385 6339 1
385 3947 1
385 1733 1
385 1748 1
385 5604 1
385 84 1
385 3799 1
385 3425 1
385 508 1
385 3852 1
385 2015 1
385 3216 1
385 4080 1
385 3405 0
385 616 0
385 498 1
385 2593 1
385 1568 0
385 5640 1
385 656 1
385 3412 0
386 2930 1
386 809 0
386 6331 1
386 5616 1
386 2031 1
386 3467 0
386 5291 0
386 6637 0
386 2695 0
386 3162 0
386 5723 0
386 1720 0
386 2349 1
387 6458 0
387 2337 0
387 840 1
387 1352 0
387 2347 1
387 2033 0
387 1956 0
387 5613 1
387 6767 0
387 2554 0
387 1614 0
387 556 0
388 2347 1
388 2348 1
388 791 0
388 6444 0
388 6199 0
388 6083 0
388 5874 1
388 2346 1
388 5973 1
388 1934 0
388 2778 0
388 1731 0
388 3466 0
389 556 1
389 2227 1
389 3375 1
389 1934 0
389 1320 0
389 2218 1
389 5860 1
389 5038 0
389 6047 0
389 1821 1
389 2040 1
389 3466 1
389 4930 1
389 3591 1
390 5398 1
390 838 1
390 417 1
390 4664 1
390 4298 1
390 4679 1
390 3539 1
390 6445 1
390 6534 1
390 5446 1
390 3835 1
390 5388 1
390 6319 1
390 4098 1
390 3290 1
390 4409 1
390 281 1
390 2142 1
390 5365 1
390 5707 1
390 319 1
390 4976 1
390 1477 1
390 5047 1
390 5722 1
390 5661 1
390 2456 1
390 2340 1
390 4888 1
390 3703 1
390 764 1
390 3957 1
390 3165 1
390 1151 1
391 5446 1
391 3539 1
391 6534 1
391 3835 1
391 6319 1
391 2142 1
391 5388 1
391 3703 1
391 281 1
391 5365 1
391 4409 1
391 266 1
391 764 1
391 5661 1
391 2340 1
391 3290 1
391 1477 1
391 5722 1
391 4888 1
391 970 1
391 3106 1
391 3690 1
391 5408 1
391 5704 1
391 417 1
392 2352 1
392 3737 0
392 6656 0
392 6567 0
392 1530 0
392 2353 0
392 2351 0
392 3386 0
392 6182 0
392 2939 0
392 6860 0
392 536 0
392 6420 0
392 1089 0
392 3048 0
392 6057 0
392 2338 0
392 5138 0
392 2350 0
392 538 0
392 3141 0
392 3825 0
392 3112 0
392 3185 0
392 4623 0
392 3320 0
392 3954 0
392 511 0
392 4337 1
392 3333 0
392 1493 0
392 3500 1
392 5120 1
392 5746 0
392 2853 0
392 2608 0
392 5957 0
392 946 0
392 211 0
392 5334 0
392 5664 0
392 1100 0
392 4189 0
392 3912 0
392 2062 0
392 6037 0
392 1664 0
392 5958 0
392 6368 0
392 539 0
393 1752 1
393 2894 1
393 5000 1
393 4686 1
393 2566 1
393 3615 1
393 5309 1
393 2943 1
393 3610 1
393 1963 1
393 2278 1
393 2961 0
394 3246 0
394 4893 0
394 6014 0
394 3244 0
394 632 0
394 4051 0
394 2342 1
394 4228 1
394 4470 0
394 5965 0
394 480 0
394 1454 0
394 3012 0
394 2459 0
394 3778 0
394 5029 0
394 1223 0
394 4951 0
394 6444 0
394 2310 0
394 6885 0
394 3737 0
394 5899 0
394 4957 1
394 4853 0
394 3734 0
394 435 0
394 3332 0
394 68 0
395 1436 1
395 3537 0
395 6609 0
395 4009 0
395 1126 0
395 40 0
395 2394 0
395 1888 0
395 5852 0
395 1934 0
395 1320 0
395 2515 0
396 2062 1
396 6617 1
396 2347 1
396 2033 0
396 2067 0
396 6374 0
396 3562 0
396 6488 0
396 1730 1
396 2345 1
396 5277 0
396 3976 1
396 327 1
396 6797 1
396 2758 1
396 5717 1
396 3271 1
396 3875 1
396 6301 1
396 3443 1
396 6492 1
397 6841 1
397 3777 1
397 4722 1
397 262 1
397 2805 1
397 1580 1
397 2091 1
397 3132 1
397 1142 1
397 350 1
397 1349 0
397 3657 0
397 4492 1
397 4491 1
397 3775 0
397 6898 0
397 950 0
397 6575 0
398 6902 1
398 353 1
398 119 1
398 6901 1
398 1892 1
398 1271 0
398 2505 0
398 2356 0
398 354 1
398 2889 0
399 4187 0
399 3368 0
399 4010 0
399 6466 0
399 2498 0
399 1672 0
399 1919 0
399 698 0
399 4557 0
399 1266 0
400 2498 1
400 6466 1
400 2356 1
400 2505 1
400 2512 1
400 361 1
400 2485 0
400 352 0
400 2509 0
400 2354 1
401 3520 1
401 2477 1
401 1129 1
401 647 1
401 6913 1
401 355 1
401 4017 1
401 4015 1
401 1515 0
401 6915 0
401 2396 0
401 4455 0
401 1874 0
401 4099 0
401 152 0
401 633 0
402 1678 1
402 6402 1
402 2782 1
402 6409 1
402 1671 1
402 3938 1
402 4116 1
402 605 1
402 1383 1
402 545 1
402 384 0
402 2985 0
402 1658 1
402 3923 1
402 3918 1
402 56 0
402 5809 1
402 222 1
402 119 1
402 2391 1
402 3510 1
402 3186 0
402 1892 1
402 27 1
402 2075 1
402 1122 1
403 361 0
403 2492 0
403 2485 0
403 352 0
403 366 0
403 6503 0
403 2499 0
403 2507 0
403 2358 0
403 5458 0
403 6901 1
403 1271 0
403 2356 0
403 2505 0
404 3183 1
404 1683 1
404 6730 1
404 5525 1
404 3751 0
404 4973 0
404 3813 0
404 965 0
404 106 0
404 5520 0
404 1268 0
404 3910 0
404 1223 0
405 2095 1
405 5199 1
405 6114 1
405 5427 1
405 6294 1
405 5396 0
405 5273 1
405 1711 1
405 2603 1
405 930 1
405 5135 1
406 4260 1
406 631 1
406 2872 1
406 4598 1
406 3134 1
406 3349 1
406 1359 1
406 6503 0
406 3489 1
406 3892 1
406 3468 1
406 1134 1
406 4130 1
406 6193 1
406 6597 1
406 2663 1
406 6219 1
406 4329 1
406 3758 0
406 340 0
406 2836 1
406 2263 1
406 4801 1
406 5085 1
406 3088 1
406 696 1
406 4553 1
406 679 1
407 366 1
407 4562 1
407 3609 1
407 5154 1
407 367 1
407 1085 1
407 2263 0
407 339 1
407 1716 1
407 3758 0
407 3767 1
408 2499 1
408 2057 1
408 752 1
408 4631 1
408 5359 1
408 6816 1
408 2947 1
408 3143 1
408 2894 1
408 1573 1
408 4943 1
408 4323 1
408 6688 1
408 2050 1
408 4823 1
409 5912 1
409 6762 1
409 2363 1
409 1619 1
409 4041 1
409 422 1
409 585 1
409 6737 1
409 3989 1
409 6746 1
409 3614 1
409 1046 1
409 4804 1
409 563 1
409 3736 1
409 3878 1
409 2750 1
409 562 1
409 5185 1
409 2577 1
409 561 1
409 5191 1
409 1044 1
409 3357 1
409 3193 1
409 3985 1
409 5188 1
409 4369 1
409 3840 1
409 546 0
409 1523 1
409 6091 1
409 3990 1
409 5428 1
409 6657 1
409 2013 1
409 1535 1
409 2869 1
409 6278 1
409 5549 1
409 3224 1
409 1537 1
409 1975 1
409 3055 1
409 3370 1
409 2541 1
409 6465 1
409 3993 1
409 2405 0
409 6830 0
410 2845 1
410 2352 0
410 6860 0
410 6182 0
410 3793 1
410 3493 1
410 3566 1
410 3567 1
410 3386 0
410 1408 1
410 2939 0
410 6584 0
410 5864 0
410 1173 1
411 2162 1
411 3498 1
411 3780 1
411 1059 1
411 3338 1
411 1095 1
411 1954 1
411 1117 1
411 923 1
411 3015 1
411 368 0
411 556 1
411 1820 0
412 2950 1
412 2801 1
412 2670 1
412 5889 1
412 2597 1
412 6449 1
412 5675 1
412 4616 1
412 3331 1
412 5094 1
412 401 1
412 2841 1
412 3291 1
412 815 1
412 1687 1
412 1161 1
412 2333 1
412 1466 1
412 782 1
412 654 1
412 967 1
412 1460 0
412 1001 1
412 2191 1
412 3940 1
412 1291 1
413 1604 1
413 2926 0
413 5529 1
413 5091 0
413 5999 1
413 5027 1
413 1444 1
413 2478 1
413 866 1
413 576 1
413 838 1
413 1151 1
413 3165 1
413 3535 1
413 324 1
413 3700 1
413 4036 0
413 4300 0
413 1633 0
413 99 0
414 6745 1
414 1512 1
414 5086 1
414 3768 1
414 1635 1
414 6719 1
414 3815 1
414 3047 1
414 4731 0
414 1280 1
414 1574 1
414 1282 1
414 704 1
414 1611 1
414 4707 1
414 136 1
414 213 1
414 1636 1
415 983 1
415 1277 1
415 4193 1
415 1213 0
415 1644 0
415 5332 0
415 4573 0
415 2599 0
415 5403 0
415 960 0
415 5369 0
415 6736 0
415 746 0
415 3149 0
415 750 0
415 6696 0
415 4849 0
415 6571 0
415 6740 0
415 4646 0
415 2314 0
415 6352 0
415 861 0
415 1613 0
415 6825 0
415 3391 0
415 3778 0
415 3658 0
415 6090 0
415 3660 0
415 2047 0
415 4842 0
415 3659 0
415 5279 0
415 3808 0
415 6022 0
415 3910 0
415 3455 0
415 5738 0
415 5441 0
415 4117 1
415 6409 0
415 3950 0
415 1215 0
416 1403 1
416 102 1
416 101 1
416 5959 1
416 1972 1
416 6332 1
416 2305 1
416 4032 1
416 368 0
416 4422 0
416 6355 0
417 3583 1
417 3739 1
417 4200 0
417 6023 0
417 2284 0
417 3580 0
417 640 1
417 2446 0
417 3592 0
417 2953 0
417 4411 0
418 468 1
418 5535 1
418 5377 1
418 1290 1
418 3014 1
418 2619 1
418 4094 1
418 2274 1
418 1169 1
418 1644 0
418 5332 0
418 4573 0
418 2599 0
418 5403 0
418 960 0
418 2262 1
419 1756 1
419 1173 1
419 6272 1
419 861 0
419 834 0
419 2161 0
419 5236 0
419 3149 0
419 6856 0
419 689 1
420 2810 1
420 4984 1
420 1644 1
420 4573 1
420 5332 1
420 746 1
420 2599 1
420 5403 1
420 960 1
420 5369 1
420 3870 1
420 3149 0
420 6696 0
420 750 0
420 4849 0
420 6571 0
420 6740 0
421 1613 1
421 6825 1
421 4394 1
421 4404 1
421 57 1
421 1644 0
421 4573 0
421 5332 0
421 2599 0
421 5403 0
421 960 0
421 5369 0
421 3870 0
421 746 0
421 6736 0
421 3149 0
422 1408 1
422 211 1
422 1644 0
422 4573 0
422 5332 0
422 2599 0
422 5403 0
422 960 0
422 5369 0
422 746 0
422 3870 0
422 6736 0
422 3149 0
422 6696 0
422 750 0
422 4849 0
422 6571 0
422 6740 0
423 2193 1
423 2200 1
423 2178 1
423 4263 1
423 2440 1
423 3798 0
423 4029 1
423 3684 0
423 6708 1
423 5167 1
423 5891 1
423 4130 1
423 2430 0
423 556 0
423 1690 0
423 3382 1
423 1927 0
424 5961 0
424 6350 0
424 293 0
424 674 0
424 6840 0
424 6836 0
424 2536 0
424 2088 0
424 2351 0
424 2372 0
424 5345 0
424 5796 0
424 2113 0
424 4957 0
424 6572 0
424 1272 0
424 6186 0
424 3202 0
424 6183 0
424 6669 0
424 6563 0
424 3324 0
424 2114 0
425 6372 1
425 2438 1
425 6311 1
425 6018 1
425 3338 1
425 3546 1
425 5603 1
425 368 0
425 3371 1
425 1059 1
425 3337 1
425 5601 1
425 1951 1
425 5141 0
425 556 1
425 878 0
425 555 1
425 3452 0
425 618 0
425 1462 0
425 5190 1
425 3498 0
425 5939 1
426 66 0
426 2525 0
426 2309 1
426 380 1
426 4114 1
426 4924 1
426 3333 0
426 2848 1
426 509 0
426 2347 0
426 515 0
426 2322 0
426 4107 0
426 662 0
426 3483 0
426 4527 0
426 3386 0
426 4529 0
427 2430 1
427 2720 0
427 368 0
427 5167 0
427 5377 0
427 5407 0
427 4029 0
427 5152 0
427 6660 0
427 4705 0
427 5149 0
427 5179 0
427 6589 0
427 2776 0
427 1968 0
427 6026 0
427 2777 0
427 2019 0
427 5014 0
427 6171 0
427 4171 0
427 2440 0
427 6324 0
427 4182 0
427 5013 0
427 1868 0
427 2445 0
427 5842 0
427 72 0
428 6761 1
428 812 1
428 6550 0
428 5850 1
428 2374 0
428 2041 1
428 6503 1
428 4320 1
428 5982 1
428 6779 1
428 6781 1
428 3758 1
428 5954 0
429 666 1
429 5620 1
429 1641 1
429 5297 1
429 5746 1
429 5299 1
429 4951 1
429 2282 0
429 5348 1
429 5832 0
429 1665 0
429 4957 1
430 5853 1
430 13 1
430 5283 1
430 3125 1
430 4306 1
430 1656 1
430 3618 0
430 2893 0
430 1840 1
430 4899 1
430 3512 0
430 4792 0
430 6026 0
431 5853 1
431 13 1
431 5283 1
431 3125 1
431 4306 1
431 1656 1
431 3618 0
431 2893 0
431 1840 1
431 4899 1
431 3512 0
431 4792 0
431 6026 0
432 1790 0
432 2328 1
432 1717 1
432 3608 1
432 2327 1
432 762 1
432 1480 1
432 5158 1
432 1085 1
432 1088 1
432 2321 1
432 2323 1
432 368 0
432 98 1
433 3867 1
433 3248 1
433 4333 1
433 3832 1
433 1996 1
433 5960 1
433 5356 1
433 4978 1
433 1255 1
433 191 1
433 6450 1
433 224 1
433 6265 1
433 3663 1
433 4025 1
433 1399 1
433 1997 1
433 1670 1
433 202 1
433 1187 1
433 2757 1
433 3630 1
433 1845 1
433 5873 1
433 4530 1
433 1755 1
433 4413 1
433 5104 1
433 5561 1
433 337 1
433 2004 1
433 924 1
433 4494 1
433 6274 1
433 799 1
433 5513 1
433 3098 1
433 2596 1
433 1691 1
433 4953 1
434 3664 1
434 1966 1
434 6715 1
434 6745 0
434 5402 0
434 6013 1
434 1607 1
434 6451 0
434 2352 0
434 6100 1
434 1547 1
434 5120 1
434 1818 1
434 3648 0
435 5346 1
435 3542 1
435 2400 1
435 3299 1
435 3899 1
435 3354 1
435 4053 1
435 5187 1
435 2060 1
435 4977 1
435 2624 1
435 6478 1
435 6600 1
435 4480 1
435 6431 1
435 3971 1
435 5081 1
435 2764 1
436 2612 1
436 5850 1
436 2041 1
436 6503 0
436 654 1
436 6550 0
436 436 1
436 4919 0
436 579 0
436 4486 0
436 6097 0
436 6486 0
436 6071 0
436 6883 0
436 5913 0
436 3328 0
436 4839 0
436 4922 0
436 5934 0
436 5938 0
436 6623 0
436 743 0
436 2374 0
436 3758 0
436 5356 1
436 5954 0
436 2568 1
436 6779 1
436 6781 1
436 4320 1
436 967 0
436 3021 0
436 394 0
436 4472 0
436 5245 0
436 5333 0
436 2585 0
436 2270 0
436 4735 0
436 3145 0
436 368 0
436 5084 0
436 335 0
436 6111 0
436 5629 0
436 1749 0
436 5897 0
436 4724 0
436 6282 0
436 3044 0
437 13 1
437 3525 1
437 5853 1
437 5509 1
437 2279 0
437 5430 1
437 155 1
437 5291 1
437 809 1
437 6117 1
437 1391 1
437 4441 1
438 762 1
438 1480 1
438 1085 1
438 1717 1
438 2328 1
438 2327 1
438 3608 1
438 342 1
438 5158 1
438 2321 1
438 2323 1
438 4558 1
438 366 1
438 1088 1
438 1790 0
438 367 0
438 98 0
438 1716 1
438 99 1
438 368 0
438 4026 1
438 2377 1
438 2054 0
438 3503 0
438 5154 1
438 236 0
438 1113 0
438 1584 1
438 2301 0
438 3991 0
438 2614 0
438 4776 0
438 6355 0
438 2263 0
438 339 1
438 6650 0
438 2053 0
438 4222 0
438 275 0
438 5042 0
438 4560 1
438 854 0
438 1823 0
438 2227 0
438 4133 0
438 1949 0
438 1715 0
438 1115 0
438 5602 0
438 766 1
439 2921 0
439 5766 0
439 368 0
439 2416 0
439 5095 0
439 6406 0
439 6678 0
439 5921 1
439 6737 0
439 5354 0
440 5002 1
440 6685 1
440 995 0
440 4365 1
440 211 1
440 3861 1
440 3651 1
440 1496 1
440 2301 1
440 1715 1
441 3647 1
441 5151 1
441 3666 1
441 1527 1
441 2010 1
441 5630 1
441 2891 1
441 4266 1
441 4960 1
441 1644 0
442 2128 0
442 4930 1
442 1821 1
442 2040 1
442 13 1
442 3329 1
442 1474 0
442 2429 0
442 6797 0
442 5121 0
442 4043 1
442 3700 1
442 5793 0
442 1981 0
442 5667 0
442 1528 0
442 2338 0
442 5409 0
442 4084 0
442 1604 0
442 4185 0
442 750 0
443 645 0
443 6616 0
443 2874 1
443 3843 1
443 113 1
443 3170 1
443 4959 1
443 1379 1
443 2575 1
443 1733 1
443 1748 1
443 5530 1
443 3852 1
443 84 1
443 3799 1
443 3425 1
443 508 1
443 5153 1
443 3438 1
443 2002 1
443 6754 1
443 1775 1
443 5238 1
443 6125 1
443 1545 1
443 5246 1
443 1568 1
443 3405 0
443 616 0
443 498 1
443 2593 1
443 3412 0
443 1773 0
443 5553 1
443 3603 1
443 3599 1
443 297 1
443 6818 1
443 214 1
443 2228 1
443 656 1
443 1682 1
443 4229 1
443 5640 1
443 614 0
443 2196 1
443 4634 1
443 6339 1
443 3431 1
443 3947 1
444 1750 1
444 1972 0
444 4258 0
444 2260 0
444 685 0
444 3069 0
444 6332 0
444 4416 0
444 1609 0
444 5055 0
444 1716 0
444 1678 0
444 6409 0
444 2221 0
444 1694 0
444 1136 0
444 368 0
444 1976 0
444 1971 0
444 1222 0
444 5524 0
444 1130 0
444 129 0
444 3203 0
444 3164 0
444 5116 0
444 1749 0
444 6867 0
444 2311 0
444 1923 0
444 4881 1
444 2666 0
444 557 0
444 6783 0
444 645 0
444 25 0
444 5239 0
444 264 1
444 1403 0
444 565 0
444 2448 0
444 2708 1
444 372 0
444 6362 0
444 133 0
444 5158 0
444 2439 0
444 3361 0
444 436 0
444 3646 0
445 2864 1
445 5188 1
445 5841 0
445 1861 1
445 2924 0
445 3941 1
445 5012 0
445 2865 1
445 2232 0
445 5644 1
445 5559 1
445 3004 0
445 1103 1
445 5424 1
445 6655 1
445 4091 0
445 2857 0
445 5009 0
445 6808 0
445 997 0
445 546 0
445 4047 1
445 2073 1
445 3977 1
445 6261 1
445 4368 1
445 5070 1
445 1792 0
445 954 1
445 2233 1
445 6426 1
445 5071 1
445 3972 1
445 2455 1
445 4070 1
445 6742 1
445 6870 1
445 5539 1
445 5033 1
445 3694 1
445 6264 1
445 419 1
445 3307 1
445 1413 1
445 1412 1
445 3217 1
445 2401 1
445 548 1
445 4791 1
445 289 1
446 3606 1
446 2854 1
446 474 1
446 5542 1
446 3374 1
446 3649 1
446 6436 1
446 6066 1
446 1149 1
446 1637 1
446 546 0
446 3628 0
446 1022 0
446 4414 1
446 5398 0
446 6472 0
446 1002 0
446 3165 0
446 838 0
446 6718 0
446 5516 1
446 6919 1
446 291 1
446 866 1
446 867 1
446 1908 0
446 3888 1
446 4409 1
446 6534 1
446 266 1
446 2142 1
446 5365 1
446 764 1
446 5446 1
446 1477 1
446 3539 1
446 6319 1
446 3835 1
446 5388 1
446 3957 1
446 3703 1
446 281 1
446 1021 1
446 1998 1
446 970 1
446 3106 1
446 5408 1
446 5567 1
446 3969 1
446 6711 1
447 3413 1
447 5366 1
447 6625 1
447 6636 1
447 155 1
447 1869 1
447 5205 1
447 3568 1
447 3891 1
447 5430 1
447 6343 1
447 3998 1
447 145 1
447 972 1
447 5869 0
447 6555 1
447 1704 1
447 904 1
447 3347 1
447 5596 0
447 5358 1
447 3003 1
447 5018 1
447 3206 1
447 6117 1
447 1707 1
447 3896 1
447 4386 1
447 710 1
447 6273 1
447 4949 1
447 2810 1
447 2809 1
447 6823 1
447 441 1
447 6780 1
447 6305 1
447 3364 1
447 2462 1
447 2598 1
447 2001 1
447 6873 1
447 487 1
447 314 1
447 1293 1
447 6772 1
447 4153 1
447 6868 0
447 5548 1
447 4919 1
448 6292 1
448 3982 1
448 6444 0
448 4207 1
448 2437 0
448 6854 0
448 3373 0
448 6153 0
448 2128 1
448 2135 1
448 2126 1
448 4504 1
448 2023 1
448 2122 1
448 4505 1
448 5792 1
448 6146 0
448 1767 0
449 5860 1
449 3375 1
449 2218 1
449 556 1
449 2227 1
449 2985 1
449 384 1
449 2173 1
449 6322 1
449 2786 1
449 6473 0
449 6457 0
449 5616 0
449 2784 0
449 1320 0
449 1934 0
449 4200 1
449 3341 0
449 2188 1
449 2349 0
449 3591 0
450 5891 0
450 6324 0
450 2178 1
450 4263 1
450 5453 0
450 6381 0
450 5501 0
450 2193 1
450 2200 1
450 6400 0
450 2154 0
450 4941 0
450 4880 0
450 2211 0
450 2440 0
450 4747 0
450 1679 0
450 3529 0
450 316 0
450 5491 0
450 6907 1
450 5945 0
450 6350 0
450 5066 0
450 6406 0
450 3331 0
450 5094 0
451 5616 1
451 6322 1
451 6473 1
451 6457 1
451 4219 1
451 1567 1
451 2786 0
451 2784 0
451 4200 1
451 4372 1
451 4371 1
451 3849 1
451 6171 1
451 4453 1
451 5798 1
451 1934 1
451 2975 1
451 6225 1
451 6030 0
451 1855 0
451 1738 1
451 2223 1
451 4669 1
451 6407 1
451 2211 1
451 6331 0
451 2349 1
451 2154 1
451 2985 1
452 2184 1
452 5860 1
452 3375 1
452 2218 1
452 556 1
452 2227 1
452 1320 0
452 1934 0
452 3591 0
452 6653 0
452 2972 1
452 2173 1
452 6047 0
452 5453 1
452 3389 0
452 6546 0
452 6405 0
452 2347 0
452 2231 0
452 789 0
452 4219 0
452 509 0
452 6168 0
452 5176 1
452 6505 0
452 2188 1
452 4184 0
452 6016 0
452 6407 0
452 2961 0
452 3730 1
452 2349 0
453 2786 1
453 3058 0
453 5110 1
453 6171 1
453 5015 1
453 6653 0
453 4184 1
453 2961 0
453 5080 1
453 2959 1
453 2349 1
453 1738 1
453 4292 1
453 702 1
453 4995 0
453 3734 1
453 6047 0
453 6407 0
453 4251 1
453 4207 1
453 3524 0
453 5896 1
453 2215 0
454 2231 1
454 5156 1
454 1375 1
454 6292 0
454 2371 0
454 1792 0
454 5038 0
454 5529 0
454 6114 0
454 1748 0
454 6187 0
454 6822 0
454 2442 0
454 3203 0
454 2828 0
454 6040 1
454 3610 0
454 4154 0
454 2633 0
454 2128 0
454 3552 0
454 4258 1
454 4674 0
454 2444 0
454 4873 0
454 2135 0
454 2126 1
454 1473 0
454 6688 0
454 4504 1
454 2023 0
454 2122 0
455 2786 0
455 3341 1
455 3671 1
455 6458 0
455 5613 1
455 6407 0
455 6016 0
455 2349 0
455 2787 0
455 4253 1
455 1731 0
455 3466 0
455 2352 1
455 6147 1
455 4963 1
455 6457 0
455 6473 0
455 4464 1
455 1090 1
455 182 1
455 2959 1
455 2211 0
455 5746 1
455 6517 0
455 3340 1
456 3134 1
456 631 1
456 2872 1
456 4260 1
456 4598 1
456 1359 1
456 3349 1
456 3468 1
456 1134 1
456 6597 1
456 6193 1
456 2663 1
456 6219 1
456 4329 1
456 4130 1
456 1481 1
456 207 1
456 5085 1
456 4801 1
456 3088 1
456 2836 1
456 696 1
456 4553 1
456 3489 1
456 3892 1
456 6503 0
456 3758 0
456 2590 1
456 5439 0
456 6248 0
457 2443 1
457 6369 0
457 368 0
457 1714 1
457 766 0
457 4727 0
457 197 0
457 1610 1
457 4024 1
457 2092 1
457 951 0
457 2440 0
457 3793 0
457 6367 0
457 3503 0
457 5439 1
457 2771 1
458 2443 1
458 6369 0
458 368 0
458 1714 1
458 766 0
458 4727 0
458 197 0
458 1610 1
458 4024 1
458 2092 1
458 951 0
458 2440 0
458 3793 0
458 6367 0
458 3503 0
458 5439 1
458 2771 1
459 2154 0
459 6400 0
459 2211 1
459 4941 0
459 3469 0
459 72 0
459 3529 0
459 316 0
459 6160 0
459 4219 0
459 5746 0
459 655 0
459 5138 0
459 3953 0
459 6406 0
459 5066 0
459 2823 0
459 2909 0
459 1527 0
459 717 0
459 5495 0
459 4880 1
459 2446 0
459 2173 0
459 1819 0
459 6440 0
459 4640 0
459 5773 1
460 2223 1
460 6322 1
460 6331 0
460 2264 1
460 555 1
460 5865 1
460 3867 1
460 3389 1
460 6546 1
460 6405 0
460 4200 1
460 3005 0
460 2116 0
460 2349 1
460 2787 1
460 2786 1
460 3524 1
460 2436 0
460 6171 0
460 2961 1
460 3341 1
460 4963 0
460 6407 1
460 6444 1
460 6400 1
460 2154 0
460 5109 0
460 2953 0
460 4451 1
460 6517 1
460 5613 0
460 4763 0
460 1934 0
460 1745 1
460 3400 1
461 2218 1
461 5860 1
461 3375 1
461 2227 1
461 556 1
461 1320 0
461 1934 0
461 3591 0
461 1822 0
461 3638 0
461 2632 0
461 2972 1
461 2173 1
461 6047 0
461 2966 1
461 5453 0
461 3389 0
461 6405 0
461 6546 0
461 6434 1
461 2231 1
461 789 1
461 4219 1
461 509 0
461 6505 0
461 2188 0
461 2184 1
461 6016 0
461 6407 0
461 2961 0
461 2349 0
461 3400 0
461 1745 0
461 1199 1
461 555 0
461 6653 0
461 384 0
461 6488 0
461 6374 0
461 5456 1
462 2321 1
462 4558 1
462 366 1
462 3611 1
462 4559 1
462 2323 1
462 762 1
462 1480 1
462 1717 1
462 2328 1
462 3608 1
462 342 1
462 3609 1
462 2327 1
462 2326 0
462 99 1
462 1088 1
462 5154 1
462 1085 1
462 1716 1
462 1584 1
462 2263 1
462 339 1
462 3764 1
462 6650 1
462 5158 1
462 4560 1
462 98 1
462 1715 1
463 2321 1
463 762 1
463 1480 1
463 1790 1
463 98 1
463 2327 1
463 1717 1
463 3608 1
463 2328 1
463 5158 1
463 1085 1
463 1088 1
463 1716 1
463 99 1
463 368 1
463 4422 1
463 6355 1
464 2321 1
464 762 1
464 1480 1
464 1790 1
464 98 1
464 2327 1
464 1717 1
464 3608 1
464 2328 1
464 5158 1
464 1085 1
464 1088 1
464 1716 1
464 99 1
464 368 1
464 4422 1
464 6355 1
465 1717 1
465 2328 1
465 3608 1
465 854 1
465 2323 1
465 4026 1
465 762 1
465 1480 1
465 368 1
465 2054 1
465 236 1
465 1113 1
465 1790 1
465 6356 1
465 2053 1
465 4222 1
465 6235 1
465 275 0
465 2443 0
465 1088 0
465 2181 0
465 2227 0
465 4133 0
465 1949 0
465 4690 0
465 2419 0
465 1115 0
465 3779 0
465 5033 0
465 2072 0
465 5003 0
466 904 1
466 3347 1
466 5021 1
466 2616 1
466 6109 1
466 520 1
466 3740 1
466 4120 1
466 314 1
466 3099 1
466 155 1
466 3994 1
466 1869 1
466 5366 1
466 3568 1
466 5430 1
466 6625 1
466 5205 1
466 4878 1
466 3121 1
466 709 1
466 4035 1
466 6257 1
466 6787 1
466 4118 1
466 1707 0
466 6265 1
466 3233 1
466 1923 1
466 747 1
466 4196 1
466 191 1
466 4978 1
466 6117 1
466 3206 1
466 5925 1
466 3867 1
466 2599 1
466 5403 1
466 754 1
466 3248 1
466 4333 1
467 637 1
467 4761 1
467 3200 0
467 1632 0
467 72 0
467 666 0
467 6400 0
467 547 1
467 949 0
467 2154 0
467 5958 0
467 4622 1
467 4880 1
467 1995 0
467 2909 0
467 3859 0
467 5138 0
467 2211 1
468 3965 1
468 5921 1
468 5002 1
468 5023 1
468 4678 1
468 3699 1
468 5863 1
468 3790 1
468 3757 1
468 5466 1
468 2053 0
468 4365 1
468 211 1
468 3861 1
468 3651 1
468 6678 1
468 3793 1
468 1496 1
468 5141 1
468 2326 1
468 1408 1
468 5890 1
468 368 1
468 4422 1
468 2092 1
468 3680 1
468 209 1
468 3503 1
468 1760 1
468 126 1
468 852 1
468 5496 1
468 4130 1
468 995 1
468 6355 1
468 4112 1
468 1744 1
468 2343 1
468 1546 1
468 6557 1
469 697 1
469 3624 1
469 4554 1
469 4555 1
469 6181 1
469 5496 1
469 361 1
469 698 1
469 3493 1
469 3566 1
469 6313 1
469 3567 1
469 1909 1
469 608 1
469 4543 1
469 1173 1
469 6272 1
469 3648 1
469 4130 1
469 1134 1
469 6219 1
469 3651 1
469 3221 1
469 4365 1
469 211 1
469 6654 1
469 3043 1
469 2845 1
469 4260 1
469 4598 1
469 6406 1
469 5495 1
469 3790 1
469 4678 1
469 2397 1
469 124 1
469 3793 1
469 4801 1
469 3997 1
469 971 1
469 4359 1
469 4357 1
470 5277 0
470 752 1
470 3153 1
470 1066 1
470 3294 1
470 4753 1
470 2876 1
470 4943 1
470 3255 1
470 3587 1
470 3586 1
470 6837 1
470 5117 1
470 6804 1
470 4693 1
470 4945 1
470 1268 1
470 1780 1
470 4632 1
470 1752 1
470 5580 1
470 6390 1
470 23 1
470 5421 1
470 6017 1
470 4175 1
470 5520 1
470 3143 1
471 5277 0
471 752 1
471 3153 1
471 1066 1
471 3294 1
471 4753 1
471 2876 1
471 4943 1
471 3255 1
471 3587 1
471 3586 1
471 6837 1
471 5117 1
471 6804 1
471 4693 1
471 4945 1
471 1268 1
471 1780 1
471 4632 1
471 1752 1
471 5580 1
471 6390 1
471 23 1
471 5421 1
471 6017 1
471 4175 1
471 5520 1
471 3143 1
472 3919 1
472 4112 1
472 6658 1
472 314 1
472 5061 1
472 1350 1
472 3166 1
472 6324 1
472 3228 1
472 6323 1
472 421 1
472 3344 1
472 569 1
472 6246 1
472 138 1
472 736 0
472 6897 0
472 3288 0
472 5019 0
472 3787 0
472 2725 0
472 279 0
472 3119 0
472 1106 0
472 3215 0
472 3222 0
473 3123 1
473 3017 1
473 3791 1
473 4738 1
473 3641 1
473 2275 1
473 5148 1
473 2148 1
473 998 1
473 3054 1
473 835 1
473 3122 1
473 4230 1
473 139 1
473 1329 1
473 6241 1
473 6103 1
473 5084 1
473 5416 1
473 6243 1
473 1470 1
473 4139 1
473 5048 1
474 5840 0
474 4602 0
474 663 0
474 5720 0
474 4893 0
474 6783 0
474 528 0
474 3343 0
474 1221 0
474 6132 0
474 1702 0
474 2437 0
474 2449 0
474 2436 0
474 6564 0
474 2423 0
474 4643 0
474 2427 0
475 3787 1
475 69 1
475 212 1
475 2179 0
475 3200 1
475 3039 1
475 1767 0
475 833 1
475 6394 1
475 2282 1
475 5448 1
475 3788 1
475 1831 1
475 2352 1
475 4951 1
475 6440 1
476 6638 1
476 2910 1
476 298 1
476 5923 1
476 6086 1
476 3646 1
476 1746 1
476 1332 1
476 6097 1
476 942 1
476 3778 1
476 3804 1
476 5676 1
476 3044 1
476 6056 1
476 6175 1
476 2726 1
476 3194 0
476 452 1
476 6045 1
476 6115 1
477 1915 1
477 1724 1
477 13 1
477 5283 1
477 809 1
477 397 1
477 3098 1
477 4923 1
477 5755 1
477 4901 1
477 1172 1
477 2377 1
477 5356 1
477 4978 1
477 4325 1
477 3867 1
477 336 1
478 866 1
478 5075 1
478 1541 1
478 2711 0
478 1633 0
478 4300 0
478 1233 1
478 6439 1
478 6718 0
478 3374 1
478 3397 0
479 476 1
479 6720 1
479 3859 1
479 5665 0
479 1699 1
479 2261 1
479 6221 1
479 2491 0
479 2957 0
479 2487 1
479 5039 1
479 2910 0
480 1523 1
480 5912 0
480 6762 0
480 2363 0
480 546 0
480 5185 1
480 6737 1
480 3989 1
480 1535 0
480 4065 0
480 6091 1
480 3990 1
480 1537 1
481 6619 1
481 2018 1
481 4083 1
481 2747 1
481 3237 0
481 982 1
481 1823 0
481 1639 0
481 757 1
481 5144 1
481 4417 1
481 4687 1
482 5857 1
482 5356 0
482 967 1
482 5384 1
482 742 1
482 1460 1
482 5675 1
482 3709 1
482 3328 1
482 6883 1
482 1159 1
482 436 0
482 368 0
482 2734 0
483 3141 1
483 1699 1
483 2261 1
483 6221 1
483 6667 1
483 2487 1
483 5039 1
483 4755 0
483 4756 0
483 627 1
483 6851 1
483 3229 1
483 5324 1
483 2469 1
483 4760 1
483 1672 1
483 603 1
483 3858 1
483 6777 1
483 3324 1
483 6563 1
483 6183 0
483 6669 1
483 6549 1
483 2823 1
483 5941 1
483 3422 1
483 5946 1
483 4950 1
483 434 1
483 5066 1
483 6406 1
483 2266 1
483 2495 1
483 2491 1
483 6706 1
484 546 1
484 997 0
484 6655 1
484 3004 1
484 5559 1
484 5644 1
484 471 1
484 4983 1
484 2865 1
484 3941 1
484 1861 1
484 5841 1
484 3972 1
484 289 1
484 548 1
484 2864 1
485 6343 1
485 3998 1
485 5994 1
485 2461 1
485 6689 1
485 5718 1
485 440 1
485 4525 1
485 3896 1
485 710 1
485 4386 1
485 6273 1
485 1288 1
485 4937 1
485 3891 1
485 6632 1
485 2800 1
485 2810 1
485 2808 1
485 2807 1
485 2809 1
485 5617 1
485 4949 1
485 3889 1
485 4150 1
486 5460 1
486 3649 1
486 650 1
486 1785 1
486 607 1
486 3180 1
486 5768 1
486 3959 1
486 4014 1
486 1149 1
486 2466 1
486 2989 1
486 2149 1
486 604 1
486 304 1
486 2507 1
486 318 1
486 1671 1
486 5511 1
486 4644 1
486 4906 1
486 2386 1
486 527 1
486 5772 1
486 4021 1
486 2056 1
486 2388 1
486 522 1
486 5321 1
486 6330 1
486 2474 1
486 2384 1
486 418 1
486 2481 1
486 5694 1
486 2638 1
486 5151 1
486 5488 1
487 998 1
487 1612 1
487 3122 1
487 6243 1
487 745 1
487 3463 1
487 6103 1
487 6874 1
487 6241 1
487 6681 1
487 6060 1
487 4466 1
487 4230 1
487 2252 1
487 4236 1
487 3124 1
487 3791 1
487 3017 1
487 5048 1
487 4836 1
487 1329 1
487 139 0
487 6247 1
487 3426 1
487 1503 1
487 4139 1
488 1882 1
488 2473 1
488 6076 1
488 3141 1
488 6667 1
488 1699 1
488 2261 1
488 6221 1
488 2487 1
488 5039 1
488 3229 1
488 5324 1
488 6851 1
488 2469 1
488 4760 1
488 1672 1
488 627 1
488 3858 1
488 6777 1
488 603 1
488 6183 1
488 6669 1
488 6563 1
488 3324 1
488 2292 0
488 2266 1
488 2495 1
488 6549 1
488 2445 1
488 3019 1
488 506 1
488 5563 1
489 5704 1
489 970 1
489 2012 1
489 2237 1
489 4226 0
489 5648 0
489 3147 0
489 5470 0
489 2551 0
489 1197 0
489 4976 1
490 5644 1
490 2139 1
490 90 1
490 3983 1
490 3308 1
490 88 1
490 4660 1
490 471 1
490 4983 1
490 6264 1
490 5053 0
490 317 0
490 2408 0
490 5078 0
491 762 1
491 1480 1
491 2328 0
491 1717 0
491 3608 0
491 342 1
491 3609 0
491 2327 0
491 2323 0
491 2321 0
491 366 0
491 4558 0
491 3611 0
491 4559 0
491 1085 1
491 1088 1
492 5899 1
492 3737 1
492 213 1
492 6560 0
492 2545 0
492 6368 0
492 2353 0
492 1943 1
492 832 0
492 2265 1
492 6485 0
493 535 1
493 2347 0
493 2608 0
493 420 0
493 5792 1
493 4262 1
493 2371 1
493 2310 0
493 6885 0
493 3737 0
493 5899 0
494 1776 0
494 3671 0
494 2201 0
494 3341 0
494 6131 0
494 2217 0
494 4621 1
494 5773 1
494 3218 0
494 4963 0
494 2110 0
494 182 1
494 1981 1
495 6297 0
495 6564 1
496 1844 1
496 1087 1
496 4211 1
496 138 1
496 5090 1
496 3768 0
496 1350 1
496 5688 1
496 18 0
496 832 1
497 2330 1
497 793 1
497 5442 0
497 794 0
497 6176 0
497 2863 0
497 3575 0
497 3707 1
497 1498 1
497 2491 0
498 2196 1
498 4634 1
498 3431 1
498 6540 1
498 614 1
498 5790 1
498 4696 1
498 6411 1
498 4987 1
498 6577 1
499 5928 0
499 6117 0
499 4836 1
499 6060 1
499 6874 1
499 446 1
499 1713 1
499 4466 1
499 5426 1
499 2112 1
499 2005 1
499 3754 1
500 1069 0
500 5179 1
500 5405 1
500 5731 1
500 4142 0
500 3731 0
500 4176 0
500 6878 0
500 2777 0
500 2019 0
501 2636 1
501 1776 0
501 3671 0
501 2201 0
501 3341 0
501 6131 0
501 2217 0
501 4621 1
501 5773 1
501 4963 0
501 2110 0
501 182 1
501 1981 1
501 3340 1
502 6208 1
502 4269 1
502 2004 1
502 924 1
502 2324 1
502 1513 1
502 5954 1
502 1677 1
502 1819 1
502 2657 0
502 4957 0
502 5786 1
502 4320 0
502 1812 1
502 3452 1
502 1462 1
502 3450 1
502 4984 1
502 1820 1
502 5526 1
502 3454 1
502 2798 1
502 5908 1
503 4306 1
503 1656 1
503 2893 0
503 5283 1
503 3125 1
503 3869 1
503 2770 1
503 3618 0
503 3628 0
503 1934 0
503 1320 0
503 5385 0
503 6809 0
503 4411 0
503 2542 0
503 3399 0
503 2116 0
504 3919 1
504 4736 0
504 882 1
504 474 0
504 5542 0
504 6436 0
504 2854 0
504 323 0
504 4442 0
504 1528 0
504 803 0
504 5378 0
504 4308 0
504 3240 0
504 1632 1
504 279 1
504 1767 1
504 1475 0
504 6035 0
504 3500 1
504 2341 1
504 840 1
504 1823 1
504 529 1
505 967 0
505 1460 0
505 5675 0
505 3268 0
505 4910 0
505 3940 0
505 5850 0
505 796 1
505 5384 0
505 279 0
505 4990 0
505 1660 0
505 5610 0
505 5082 0
505 2675 0
506 6860 1
506 6182 1
506 2939 1
506 2352 1
506 2338 1
506 1871 0
506 3386 1
506 536 1
506 4788 1
506 3320 1
506 3112 1
506 4623 0
506 5076 1
506 2156 1
506 2351 1
506 3333 0
506 6177 0
506 3737 0
507 540 1
507 2397 1
507 3713 0
507 1837 0
507 2352 0
507 6432 0
507 6433 0
507 1966 0
507 6057 0
507 2189 1
507 5354 0
507 3737 1
507 3775 0
507 946 0
508 5387 1
508 3666 1
508 2418 1
508 3317 1
508 4160 1
508 5131 1
508 6831 1
508 5151 1
508 3916 1
508 4960 1
508 2111 1
508 5060 1
508 4272 1
509 3646 0
509 5088 1
509 2747 1
509 6426 0
509 5071 0
509 495 1
509 6047 0
509 6864 1
509 1358 1
509 458 0
509 5731 0
509 289 0
509 2964 0
509 4661 1
509 1861 0
509 1938 0
509 3228 1
509 6856 0
509 2093 1
509 3731 0
509 478 0
509 1259 1
510 138 1
510 1632 1
510 806 1
510 4071 0
510 3552 1
510 178 0
510 2441 0
510 6129 0
510 6378 1
510 3072 0
510 3199 0
510 4072 0
510 170 0
510 547 0
510 1352 0
510 1157 0
510 6541 0
510 3298 0
510 2627 0
510 5688 0
510 4478 0
510 6443 0
510 1844 1
510 6644 0
510 3620 0
510 4652 0
510 4211 0
510 6381 0
510 832 1
510 4318 0
510 3303 0
510 2301 0
510 1087 0
510 6140 0
510 1634 1
511 6675 1
511 5531 1
511 1009 1
511 845 1
511 5127 0
511 1732 1
511 2695 1
511 6637 1
511 5228 1
511 2086 1
511 6259 1
511 5881 1
511 4899 1
511 5132 1
511 3857 1
511 5855 1
511 5349 1
512 5460 1
512 4471 0
512 4087 1
512 5441 1
512 5772 1
512 2386 1
512 4021 1
512 527 1
512 5488 1
512 5694 1
512 2383 1
512 2472 1
512 2118 1
512 1904 1
512 1671 1
512 5687 1
512 1681 1
512 2507 1
512 2149 1
512 604 1
512 304 1
512 2481 0
512 351 1
512 418 0
512 2384 1
513 5427 1
513 3436 1
513 934 1
513 1145 1
513 302 1
513 3729 1
513 5273 1
513 4958 1
513 2008 1
513 3813 1
513 5199 1
513 2603 1
513 1045 1
513 5589 1
513 5744 1
513 1374 1
513 1463 1
513 2095 1
513 965 1
513 106 1
513 3097 1
513 4833 1
514 1323 1
514 2658 1
514 6290 1
514 1531 1
514 2 1
514 1887 1
514 4066 1
514 2476 1
514 4452 1
514 2392 1
514 646 1
514 4006 1
514 120 1
514 6233 1
514 354 1
514 35 1
514 369 1
514 4848 1
514 2000 1
514 2979 1
514 4717 1
514 1128 1
514 6598 1
514 6592 0
514 1518 1
514 4469 0
514 6473 0
514 6457 0
514 6402 0
514 5290 0
514 3490 1
514 345 1
514 1160 1
514 895 0
514 4448 1
514 2782 0
514 907 0
514 662 0
514 5747 0
514 1604 0
514 4422 1
514 6453 0
514 881 0
514 2439 0
514 3069 0
514 2435 0
514 6485 0
514 941 0
514 6355 1
514 5720 0
515 5397 1
515 3802 1
515 3401 1
515 1039 1
515 1861 0
515 1035 1
515 3974 1
515 559 1
515 1037 1
515 2233 1
515 916 0
515 2865 1
515 563 1
515 3217 1
515 1040 1
515 6870 1
515 6264 1
515 419 1
515 5033 1
515 4368 1
515 1033 1
515 4046 1
515 2073 0
515 3977 1
515 4047 1
515 352 1
515 5745 1
515 3188 1
516 3523 1
516 4017 1
516 36 1
516 1129 1
516 3520 1
516 647 1
516 355 1
516 37 1
516 2477 1
516 6229 1
516 1388 1
516 6913 1
516 1999 1
516 6300 1
516 6592 1
516 4015 1
516 152 0
516 633 0
516 5239 0
516 818 0
516 1519 0
516 1323 0
516 6290 0
516 1531 0
516 5861 0
516 6453 0
517 4007 1
517 2480 1
517 4577 1
517 2393 1
517 2661 1
517 4579 1
517 4580 1
517 6429 1
517 1322 1
517 1148 1
517 3645 1
517 6914 1
517 4028 1
517 5103 1
517 424 1
517 1443 1
517 2717 0
517 1323 0
517 6290 0
517 1531 0
517 369 0
517 6355 0
518 4036 1
518 6044 1
518 1678 1
518 6409 0
518 1671 1
518 545 1
518 4513 1
518 3359 1
518 6179 1
518 3343 1
518 6128 1
518 6588 1
518 2633 1
518 4100 1
518 3390 1
518 3040 1
518 6638 1
519 631 1
519 2872 1
519 4260 1
519 1359 1
519 4598 1
519 3349 1
519 3134 1
519 3468 1
519 1134 1
519 6597 1
519 6193 1
519 2663 1
519 6219 1
519 4329 0
519 4130 1
519 4801 1
519 5085 1
519 3088 1
519 2836 1
519 3489 1
519 3892 1
519 679 1
519 368 0
519 1714 0
519 1610 0
519 5439 1
519 2771 0
519 6248 0
519 5023 0
519 1794 0
519 1793 0
520 631 1
520 2872 1
520 4260 1
520 1359 1
520 4598 1
520 3349 1
520 3134 1
520 3468 1
520 1134 1
520 6597 1
520 6193 1
520 2663 1
520 6219 1
520 4329 0
520 4130 1
520 4801 1
520 5085 1
520 3088 1
520 2836 1
520 3489 1
520 3892 1
520 679 1
520 368 0
520 1714 0
520 1610 0
520 5439 1
520 2771 0
520 6248 0
520 5023 0
520 1794 0
520 1793 0
521 631 1
521 2872 1
521 4260 1
521 1359 1
521 4598 1
521 3349 1
521 3134 1
521 3468 1
521 1134 1
521 6597 1
521 6193 1
521 2663 1
521 6219 1
521 4329 0
521 4130 1
521 4801 1
521 5085 1
521 3088 1
521 2836 1
521 3489 1
521 3892 1
521 679 1
521 368 0
521 1714 0
521 1610 0
521 5439 1
521 2771 0
521 6248 0
521 5023 0
521 1794 0
521 1793 0
522 631 1
522 2872 1
522 4260 1
522 1359 1
522 4598 1
522 3349 1
522 3134 1
522 3468 1
522 1134 1
522 6597 1
522 6193 1
522 2663 1
522 6219 1
522 4329 0
522 4130 1
522 4801 1
522 5085 1
522 3088 1
522 2836 1
522 3489 1
522 3892 1
522 679 1
522 368 0
522 1714 0
522 1610 0
522 5439 1
522 2771 0
522 6248 0
522 5023 0
522 1794 0
522 1793 0
523 631 1
523 2872 1
523 4260 1
523 1359 1
523 4598 1
523 3349 1
523 3134 1
523 3468 1
523 1134 1
523 6597 1
523 6193 1
523 2663 1
523 6219 1
523 4329 0
523 4130 1
523 4801 1
523 5085 1
523 3088 1
523 2836 1
523 3489 1
523 3892 1
523 679 1
523 368 0
523 1714 0
523 1610 0
523 5439 1
523 2771 0
523 6248 0
523 5023 0
523 1794 0
523 1793 0
524 1336 1
524 1335 1
524 2755 1
524 662 1
524 569 1
524 1199 0
524 2337 0
524 3677 1
524 2756 1
524 519 0
524 3386 0
524 6372 0
524 5348 0
524 4112 0
524 509 1
524 789 0
524 4219 0
524 5139 1
524 515 0
524 1280 0
524 2343 0
524 3466 0
525 5402 1
525 2347 1
525 2346 1
525 6546 0
525 3389 1
525 6165 0
525 6405 0
525 3465 1
525 2953 0
525 1738 1
525 4292 0
525 4995 0
525 6047 0
525 3524 0
525 5896 0
525 2215 0
525 6407 0
525 2783 0
525 2225 0
525 1320 0
525 6057 1
525 2040 0
525 3034 0
525 5257 0
525 4793 0
525 1731 0
525 6896 0
525 6505 0
525 2349 0
525 2787 0
525 3999 0
526 5667 1
526 244 1
526 1333 1
526 4638 1
526 777 0
526 4930 1
526 59 1
526 6238 0
526 4891 0
526 3006 1
526 6401 1
526 3052 1
526 3381 0
526 4300 1
526 1633 1
526 3008 1
526 5121 1
526 5521 1
526 5514 0
527 5973 1
527 2431 0
527 6646 0
527 1355 0
527 2292 0
527 3033 0
527 535 0
527 2613 0
527 1505 0
527 6575 0
527 3977 0
527 6694 0
527 5070 0
527 6427 0
527 4368 0
527 312 0
527 203 0
527 3398 0
527 3874 0
527 6741 0
527 3694 0
527 4460 0
527 2576 0
527 1935 0
527 6870 0
527 5539 0
527 3318 0
527 6386 0
527 2455 0
527 6861 0
527 5129 0
527 3501 0
527 559 0
527 2231 1
528 1440 1
528 5908 0
528 5463 1
528 5515 1
528 4666 1
528 1738 1
528 72 0
528 2645 0
528 6047 1
528 1750 0
528 4612 1
528 6368 1
528 3524 1
529 6688 1
529 3737 1
529 6057 1
529 2786 1
529 5110 1
529 2961 1
529 6171 1
529 6580 0
529 3715 0
529 2676 0
529 3734 1
529 5278 0
529 5080 0
529 702 1
529 1808 0
530 1135 1
530 6603 1
530 1518 1
530 2279 1
530 6451 0
530 4713 0
530 4945 0
530 5458 1
530 997 1
530 1268 0
530 4943 1
530 1573 1
530 928 1
530 2880 1
531 3203 1
531 6639 1
531 5701 1
531 71 1
531 5113 1
531 3465 1
531 3389 1
531 4464 1
531 2372 1
531 5514 0
531 5345 1
532 2853 1
532 6444 1
532 4930 1
532 5514 1
532 155 1
532 3568 1
532 4073 0
532 5074 0
532 1962 1
532 1981 1
532 2429 1
532 1641 1
532 3466 1
532 2040 1
532 1821 1
533 4861 1
533 1819 1
533 3142 1
533 6837 1
533 2289 1
533 6853 1
533 5474 0
533 1831 1
533 4731 1
533 4416 1
533 6804 1
533 5117 1
533 963 1
534 1779 0
534 1346 1
534 6629 0
534 3811 1
534 5844 0
534 2310 0
534 826 0
534 5421 0
534 6017 0
534 5779 0
534 33 0
535 2670 1
535 3452 1
535 618 1
535 1462 1
535 4925 1
535 4818 1
535 2224 1
535 5786 1
535 1812 1
535 2832 1
535 1278 1
536 654 1
536 1728 1
536 5850 1
536 967 0
536 2950 0
536 2801 0
536 2670 0
536 5675 1
536 4910 0
536 5384 0
536 5204 0
536 5670 0
536 3364 0
537 1738 1
537 4292 0
537 4995 0
537 6047 0
537 3524 0
537 5896 0
537 2215 0
537 2225 0
537 1320 0
537 2040 0
537 3034 0
537 4793 0
538 2031 1
538 6401 0
538 5875 1
538 62 0
538 6555 0
538 789 1
538 4219 1
538 6057 0
538 509 0
538 3919 1
538 6653 1
539 3965 1
539 5921 1
539 3699 1
539 5023 1
539 3757 1
539 5002 1
539 5466 1
539 5863 0
539 4678 0
539 3790 1
539 6678 0
539 3793 0
539 2092 1
540 2836 1
540 4553 1
540 696 1
540 6193 0
540 6597 0
540 3468 0
540 4130 0
540 1134 0
540 2663 0
540 4329 0
540 6219 0
540 6503 0
540 3758 0
540 4260 1
540 3134 1
540 631 1
540 4598 1
540 3349 1
540 3489 0
541 1654 1
541 1094 1
541 128 1
541 2944 1
541 1977 1
541 4835 1
541 1663 1
541 2832 1
541 1643 1
541 4103 1
541 3021 1
541 394 1
541 1659 1
541 1925 1
541 4818 1
541 1096 1
541 2367 1
541 1804 1
541 2998 0
541 2802 0
541 3455 1
541 5902 1
541 2913 0
541 4875 0
541 6398 1
541 4143 0
541 3231 1
541 2547 1
541 4909 0
541 815 0
541 6548 0
541 3331 0
541 401 0
541 2841 0
541 5094 0
541 2586 0
541 2256 0
541 3890 0
541 1642 0
541 1001 1
541 5500 1
541 6060 0
541 986 1
541 1018 1
541 3856 0
542 2326 1
542 3608 1
542 1717 1
542 2328 1
542 2327 1
542 4820 0
542 2092 1
542 6484 0
542 3633 0
542 5931 0
542 6259 0
542 5629 0
543 2326 1
543 3608 1
543 1717 1
543 2328 1
543 2327 1
543 4820 0
543 2092 1
543 6484 0
543 3633 0
543 5931 0
543 6259 0
543 5629 0
544 2323 1
544 2321 1
544 4558 1
544 366 1
544 3611 1
544 4559 1
544 766 0
544 2327 1
544 3608 1
544 1717 1
544 2328 1
544 342 1
544 3609 1
544 1085 1
544 368 0
545 1717 1
545 2328 1
545 3608 1
545 342 1
545 3609 1
545 2323 0
545 2321 0
545 4558 0
545 366 0
545 762 1
545 1480 1
545 4026 1
545 854 0
546 509 1
546 662 1
546 5345 0
546 2372 0
546 1641 0
546 515 1
546 3949 0
546 1475 0
546 666 0
546 4114 1
546 4924 1
546 380 1
546 1732 0
546 569 1
546 2347 1
547 1440 1
547 4396 1
547 795 1
547 2825 1
547 2615 0
547 1114 0
547 1076 0
547 3926 0
547 4474 0
547 6601 0
547 5889 1
547 4293 1
547 3347 1
547 5852 0
547 1888 0
547 2394 0
547 40 0
547 1126 0
547 6609 0
548 697 1
548 3624 1
548 4554 1
548 4555 1
548 361 1
548 698 1
548 4556 1
548 4557 1
548 3566 1
548 1909 1
548 6313 1
548 608 1
548 3567 1
548 3493 1
549 366 1
549 2321 1
549 3611 1
549 4558 1
549 4559 1
549 2323 1
549 367 1
549 5154 1
549 99 1
549 3609 1
549 1717 1
549 2328 1
550 5228 1
550 6259 1
550 2086 1
550 5755 1
550 3098 0
550 2415 0
550 810 0
550 5356 0
550 755 1
550 3663 0
550 4025 0
550 3867 0
550 4234 0
550 5132 0
550 5855 1
550 4899 1
551 3940 1
551 3450 1
551 967 1
551 4919 1
551 6097 1
551 579 1
551 4486 1
551 6486 1
551 1460 0
551 1458 1
551 1159 1
551 5565 1
551 5406 1
552 5427 1
552 3436 1
552 934 1
552 1145 1
552 302 1
552 3729 1
552 5273 1
552 1711 1
552 1696 1
552 3773 1
552 3813 1
552 2008 1
552 4958 1
552 6236 1
553 1680 1
553 3560 1
553 3182 1
553 358 1
553 3139 1
553 4011 1
553 4497 1
553 2504 1
553 1460 1
553 2239 1
553 1235 1
553 6212 1
553 5314 1
554 2062 1
554 6617 1
554 2347 0
554 2033 0
554 2067 0
554 6374 0
554 3562 0
554 6488 0
554 1730 0
554 2345 0
554 5277 1
554 4963 0
554 3976 0
555 594 1
555 3647 1
555 5051 1
555 2760 1
555 5131 1
555 5630 0
555 1064 0
555 5007 0
555 2802 0
555 5130 1
555 3317 1
555 4160 1
555 3666 1
555 5387 1
555 2634 1
555 839 0
555 5313 0
556 1998 1
556 970 1
556 3106 1
556 6319 1
556 2142 1
556 546 1
556 3628 1
556 1022 1
556 5535 0
556 468 0
556 291 0
556 6718 1
557 5053 1
557 5078 1
557 2408 1
557 3189 1
557 530 1
557 5737 0
557 352 0
557 286 0
557 4141 0
557 1579 1
557 3031 1
557 989 1
557 1183 1
557 6264 0
557 5147 0
557 6169 0
557 1165 0
557 531 1
558 1085 1
558 1716 1
558 2321 1
558 6847 0
558 3503 1
558 762 1
558 2600 1
558 2447 0
558 1717 1
558 3609 1
558 212 0
558 6650 0
558 1715 0
558 1705 0
558 432 0
558 5356 0
558 2323 1
559 361 1
559 4556 1
559 698 1
559 3624 1
559 3043 1
559 2092 1
559 2425 0
559 6302 0
559 6545 0
559 2110 0
559 5660 0
559 4256 1
559 368 0
560 2869 1
560 1535 1
560 6278 0
560 2623 1
560 585 1
560 6762 1
560 4041 1
560 422 1
560 5428 1
560 3055 1
560 2577 1
560 561 1
560 1537 0
560 3224 0
560 4076 0
560 3665 1
560 1523 0
561 587 1
561 6727 1
561 3628 0
561 6454 0
561 4667 0
561 5014 0
561 6206 0
561 1968 0
561 4705 1
561 4952 1
561 4414 0
561 574 0
561 5928 0
561 3800 1
561 3188 0
561 5842 0
562 418 1
562 4667 1
562 6387 1
562 3628 0
562 6479 0
562 3756 0
562 1619 0
562 3595 1
562 1908 0
562 6456 0
562 4093 0
562 4414 0
562 6830 0
562 3883 0
562 1074 0
562 5770 0
562 2825 0
563 475 1
563 750 0
563 3115 0
563 5274 0
563 3756 0
563 3708 0
563 6423 0
563 1512 0
563 5583 0
563 5139 0
563 4101 0
563 5008 0
563 2242 0
563 817 0
563 2614 0
563 1678 0
563 3197 0
563 1671 0
564 577 1
564 5537 0
564 5709 0
564 3488 0
564 999 0
564 4821 0
564 6600 0
564 4441 0
564 1639 0
564 3972 0
564 1039 0
564 2143 0
565 2248 1
565 4352 0
565 4203 1
565 2154 0
565 56 0
565 6021 0
565 6400 0
565 5109 0
565 1080 0
565 1012 0
565 5456 0
565 545 0
565 6661 0
565 384 0
565 6816 0
565 1658 0
565 6451 0
565 1671 0
566 989 1
566 1579 1
566 3189 1
566 531 1
566 530 1
566 5078 1
566 5053 1
566 1183 1
566 368 0
566 2301 0
566 3878 0
566 757 0
566 5042 0
567 2056 1
567 2388 1
567 522 1
567 5321 1
567 6330 1
567 6252 1
567 5694 0
567 518 0
567 5768 0
567 418 0
567 604 1
567 1671 0
567 2383 0
567 3756 0
567 527 0
567 5488 0
568 5427 1
568 3436 0
568 934 1
568 1145 1
568 302 0
568 3729 1
568 5273 1
568 1711 1
568 1696 1
568 3773 0
568 2008 0
568 3813 1
568 4958 0
568 6236 0
568 6734 0
568 4973 0
568 1101 1
568 6759 0
568 3179 0
568 3128 0
568 5097 0
568 761 1
568 857 0
568 4030 0
568 4617 1
568 6635 0
568 5450 1
568 6134 0
568 749 0
568 426 0
568 2192 1
568 583 0
568 5199 1
568 2603 1
568 1045 1
568 6294 1
568 930 0
568 5135 0
568 5589 1
568 5744 1
568 1374 0
568 3097 1
568 4833 1
568 1463 1
568 2095 1
568 965 1
568 106 0
568 670 1
569 2473 1
569 4831 0
569 4604 0
569 3973 0
569 2736 0
569 3511 0
569 2436 0
569 2812 1
569 6124 1
569 817 0
569 2046 1
569 1437 1
569 234 0
569 3898 0
569 6695 0
569 5158 0
569 2719 0
569 2595 0
569 6713 0
569 1716 0
569 971 0
569 3680 0
570 1114 1
570 615 1
570 6240 1
570 1819 1
570 4926 0
570 3457 0
570 6145 0
570 1804 0
570 1643 0
570 4103 0
570 815 1
570 3331 1
570 5094 1
570 986 0
570 1018 0
570 3279 0
570 132 0
570 2798 0
570 2460 0
570 3841 0
570 5526 0
570 3454 0
570 5897 0
571 4963 0
571 2636 0
571 1776 1
571 3671 1
571 3341 1
571 2201 1
571 6131 1
571 2217 1
571 3218 1
571 4253 0
571 2110 1
571 1981 0
571 3340 1
571 182 1
571 72 1
572 3960 1
572 3202 1
572 3037 0
572 5176 0
572 3956 1
572 4692 1
572 3197 1
572 275 1
572 6856 1
572 5632 1
572 4517 0
572 6475 0
572 4971 0
572 5557 0
572 26 0
572 3063 0
572 1939 0
573 2303 1
573 3629 1
573 2161 1
573 834 1
573 861 1
573 2050 1
573 2051 1
573 2499 1
573 1573 1
573 3819 0
573 3005 0
573 6208 0
573 3610 1
573 4998 1
574 2375 1
574 5467 1
574 3009 1
574 310 1
574 4999 0
574 4926 0
574 3457 0
574 2373 0
574 2247 0
574 5832 0
574 1971 0
574 1397 0
574 1915 1
574 4643 0
574 1724 1
574 4911 1
574 13 1
574 6050 1
574 1840 1
574 5509 1
574 3525 1
574 5853 1
574 6866 1
574 4710 1
575 6370 1
575 3982 1
575 3744 0
575 6238 0
575 6586 1
575 5648 1
575 5908 0
575 658 0
575 210 0
575 85 0
575 4812 0
575 246 0
575 1915 0
575 4984 0
575 5109 0
575 3819 0
575 6559 1
575 5385 0
575 5819 0
575 5110 1
575 6368 0
575 6564 1
575 5786 0
575 564 1
575 5080 1
575 2353 0
575 3339 0
575 6199 0
575 2346 1
576 4436 1
576 665 0
576 5951 0
576 6176 0
576 3928 0
576 1849 0
576 4957 0
576 1086 0
576 2241 0
576 6899 0
576 3783 0
577 612 1
577 1215 0
577 3950 0
577 468 0
577 5535 0
577 6409 0
577 5738 0
577 3910 0
577 6022 0
577 3808 0
577 3455 0
577 6304 0
577 5279 0
577 3391 0
577 1613 0
577 6825 0
577 4394 0
577 3778 0
577 6090 0
577 3660 0
577 3658 0
577 2047 0
577 3659 0
577 4842 0
577 5867 0
577 6640 0
577 1920 1
577 4259 1
577 861 0
577 4646 0
577 6352 0
577 2314 0
577 6696 0
577 750 0
577 4849 0
577 6571 0
577 6740 0
577 1123 0
577 4425 0
577 1131 0
577 323 0
577 2182 0
577 4195 0
577 1644 0
577 4573 0
577 5332 0
577 2599 0
577 3149 0
577 5403 0
578 5038 1
578 1507 0
578 6458 0
578 2184 0
578 5514 0
578 1837 0
578 3904 0
578 1919 1
578 372 0
578 3465 0
578 3389 0
578 6546 0
578 6405 0
578 4226 0
578 26 0
578 4971 0
578 5557 0
578 3063 0
578 6475 0
578 4300 0
578 1320 0
578 5112 0
578 6047 0
578 5545 0
578 1859 0
578 4328 0
578 1200 0
578 6171 0
578 4934 0
578 6407 0
578 1738 0
578 2337 0
578 6322 0
578 3782 0
578 2349 0
578 3466 0
578 3008 0
578 3524 0
578 6011 0
578 4451 0
578 6069 0
578 5927 0
578 3775 0
578 868 0
578 6517 0
578 1936 0
578 2785 0
578 556 0
579 4197 1
579 2719 1
579 3421 1
579 2571 1
579 4797 1
579 4205 1
579 4168 1
579 3311 1
579 2605 1
579 3250 1
579 4206 1
579 5876 1
579 4618 1
579 4434 1
579 1969 1
579 823 1
579 5115 1
579 2308 1
579 4179 1
579 1903 1
579 1911 1
579 5762 1
579 2953 1
579 6064 0
579 5249 0
579 5170 1
579 3579 1
579 2890 0
579 5112 0
579 486 1
579 2753 1
579 5129 1
579 3501 1
579 4650 1
580 1716 1
580 5158 1
580 5154 1
580 99 1
580 1085 1
580 2263 0
580 1670 0
580 6687 0
580 762 1
580 1480 1
580 6437 0
580 5785 1
580 3503 1
580 1088 1
580 6066 0
580 4984 0
580 5764 0
580 5710 0
580 2283 0
581 4342 0
581 1573 1
581 3466 0
581 1268 0
581 6458 0
581 5514 0
581 3197 0
581 2182 0
581 4195 0
581 1819 0
581 958 0
581 1754 1
581 2352 1
581 2349 0
581 2347 0
581 6929 0
581 5327 0
581 6405 0
581 6546 0
581 3389 0
581 4304 1
581 6816 1
581 6117 0
581 6407 0
581 3391 0
581 2346 0
581 2930 0
581 5896 0
581 6930 0
581 3524 0
581 1267 0
581 6304 0
581 6685 0
581 1963 1
581 6171 0
581 3919 0
581 1752 1
581 555 0
581 3737 0
581 6473 0
581 6457 0
581 6928 1
581 5148 0
581 2154 0
581 2186 0
581 6420 0
581 6003 0
582 1716 1
582 5158 1
582 5154 1
582 99 1
582 1085 1
582 2263 0
582 1670 0
582 6687 0
582 762 1
582 1480 1
582 6437 0
582 5785 1
582 3503 1
582 1088 1
582 6066 0
582 4984 0
582 5764 0
582 5710 0
582 2283 0
583 4946 1
583 5479 0
583 2929 0
583 3608 1
583 4155 0
583 6423 1
583 5507 0
583 3647 0
583 2264 0
583 995 0
583 4048 0
583 666 0
583 133 0
583 6274 0
583 407 0
583 5680 1
584 2851 1
584 2307 0
584 5293 0
584 665 0
584 4203 0
584 4770 0
584 2110 0
584 4957 0
584 652 0
584 3386 0
584 3204 0
584 2337 0
584 1641 0
584 3573 1
584 569 0
584 3661 0
584 1992 0
585 762 1
585 1480 1
585 4559 0
585 2323 1
585 3611 0
585 366 0
585 4558 0
585 2321 1
585 3503 1
585 1717 1
585 3608 1
585 2328 1
585 342 1
585 2327 1
585 1088 1
586 6503 1
586 3758 1
586 3503 1
586 762 1
586 2377 1
586 99 1
586 367 1
586 98 1
586 4528 0
586 2284 0
587 5697 1
587 2920 0
587 3329 0
587 1676 0
587 1482 0
587 2077 0
587 6709 0
587 3177 0
587 5619 0
587 6021 0
587 5911 0
587 56 0
587 55 0
587 940 0
587 1474 0
587 6778 0
587 2116 0
587 4200 0
587 6475 0
587 5793 0
587 1080 0
587 3726 0
588 4197 1
588 2719 0
588 3421 1
588 4797 1
588 4206 1
588 5876 0
588 4618 0
588 4434 0
588 1969 1
588 823 0
589 3919 1
589 6191 1
589 1966 0
589 4358 1
589 62 0
589 6555 0
589 4112 1
589 5061 0
589 6401 0
589 6658 0
590 1722 1
590 6368 0
590 5138 0
590 3859 0
590 2351 0
590 5762 1
590 2903 0
590 3560 0
590 5547 0
590 810 0
590 5356 0
590 3734 0
590 3203 0
590 3149 0
590 793 0
590 794 0
590 2330 0
591 3807 0
591 2377 1
591 959 1
591 3732 1
591 967 0
591 6773 0
591 2568 0
591 2907 0
591 6455 1
591 2374 0
592 3807 0
592 2377 1
592 959 1
592 3732 1
592 967 0
592 6773 0
592 2568 0
592 2907 0
592 6455 1
592 2374 0
593 5982 1
593 3359 0
593 3331 0
593 812 1
593 2568 1
593 2374 0
593 2041 1
593 6503 0
593 1749 0
593 967 0
593 1159 0
594 3503 1
594 1088 1
594 99 1
594 5154 1
594 1085 1
594 853 1
594 1716 1
594 2263 0
594 4118 0
594 5869 0
595 2120 1
595 2153 1
595 5515 0
595 4084 0
595 3144 0
595 4273 0
595 652 0
595 959 0
595 1998 0
595 23 1
596 5354 1
596 5615 1
596 2945 1
596 5611 1
596 6376 1
596 5620 0
596 6412 1
596 6417 0
596 5957 1
596 2297 0
597 4565 0
597 2399 1
597 5456 0
597 3867 1
597 2677 0
597 4036 1
597 3700 1
597 6451 0
597 3359 0
597 1934 0
597 2061 0
598 2645 1
598 1912 0
598 5904 0
598 2346 0
598 176 0
598 2959 1
598 6160 0
598 1963 0
598 6473 0
598 6457 0
598 6291 0
598 1367 1
598 2936 0
599 5567 1
599 3106 1
599 6711 1
599 3969 1
599 1998 1
599 970 1
599 2012 1
599 2237 1
599 5562 1
599 6491 1
599 3866 1
599 5408 1
599 3888 0
599 1477 1
599 5047 1
599 764 1
599 5365 1
599 2142 1
599 266 0
599 6534 1
599 3957 0
599 4098 0
599 4409 1
599 867 1
599 866 1
599 1002 0
599 6472 0
599 5398 1
599 4679 1
599 3165 1
599 838 1
599 4067 1
599 1500 0
599 5271 1
599 3606 1
599 2854 1
599 3374 1
599 6066 1
599 474 1
599 5542 1
599 3649 1
599 4126 1
599 1021 1
599 546 0
599 6718 1
599 1022 1
599 4414 0
599 1908 1
599 5516 1
599 291 1
600 2062 1
600 6617 1
600 2347 1
600 2033 0
600 2067 0
600 6374 0
600 6488 0
600 3562 0
600 1730 1
600 2345 1
600 5277 0
600 3976 1
600 4963 0
600 2034 0
600 6797 0
600 2758 0
600 5717 0
600 6931 0
600 3271 0
600 3875 0
600 6301 0
600 3443 0
600 996 0
600 327 1
600 5580 0
600 6492 0
600 6005 0
600 5613 1
600 6507 1
600 6292 0
600 2061 1
600 3564 1
600 6756 1
600 379 1
600 4114 1
600 4924 1
600 6288 1
600 380 1
600 5638 1
600 5693 1
600 4307 1
600 3428 1
600 6568 1
600 3877 0
600 182 0
600 1115 0
600 1105 0
600 2310 0
600 6885 1
600 3737 0
601 2265 1
601 1392 1
601 76 1
601 1964 1
601 4711 1
601 830 0
601 3643 0
601 1691 0
601 6005 0
601 998 0
601 2231 0
601 6291 0
601 6721 1
601 3397 0
601 1823 0
601 1358 0
601 2680 0
601 5027 0
601 566 0
601 2108 1
601 3186 0
601 4182 1
602 6525 0
602 6005 0
602 2231 0
602 2265 1
602 76 1
602 1964 0
602 4711 0
602 6291 0
602 1823 0
602 1358 0
602 4736 0
602 3831 0
602 21 0
602 3976 0
602 4892 0
602 5825 0
602 573 0
603 862 1
603 2404 1
603 1938 1
603 2251 1
603 5533 1
603 3407 1
603 479 1
603 3848 1
603 471 1
603 4983 1
603 88 1
603 4660 1
603 3983 1
603 2139 1
603 3308 1
603 3309 1
603 5644 1
603 6737 0
603 3989 0
603 6746 0
603 3614 0
603 563 0
603 4804 0
603 1046 0
603 3736 0
603 3878 0
603 2750 0
603 562 0
603 2549 1
603 2867 1
603 546 0
603 2707 1
603 1039 1
603 3984 1
603 4496 0
603 5737 1
603 3557 1
603 6202 1
603 5745 1
603 530 1
603 6464 1
603 1040 1
603 1043 1
603 6203 1
603 5247 1
603 6198 1
603 317 1
603 5053 1
603 4047 1
603 2917 1
604 969 1
604 4394 1
604 1582 1
604 3235 1
604 5310 1
604 4404 1
604 588 0
604 4844 0
604 3557 0
604 6464 0
604 2410 0
604 3189 0
604 3004 0
604 916 0
604 2233 0
604 3355 0
604 6802 0
604 5419 0
604 1295 0
604 4345 0
604 1195 0
604 3398 0
604 6870 0
604 1935 0
604 4070 0
604 3217 0
604 3307 0
604 3874 0
604 2576 0
604 3694 0
604 4479 0
604 3977 0
604 4047 0
604 1372 0
604 1579 0
604 989 0
604 5993 0
604 2870 0
604 1540 0
604 329 0
604 5397 0
604 5078 0
604 4388 0
604 3972 0
604 2688 0
604 2443 0
604 4141 0
604 6367 0
604 2865 0
604 5572 0
605 4801 1
605 99 1
605 679 0
605 3503 0
605 207 0
605 2328 0
605 2836 0
605 2263 0
605 2663 0
605 368 0
606 3591 0
606 3592 0
606 3590 0
606 3837 1
606 4122 0
606 4337 1
606 3615 1
606 5309 1
606 4081 1
606 887 0
606 6288 0
606 94 1
606 6932 0
606 5277 0
606 1752 1
606 5900 0
606 3183 0
606 1683 0
606 4106 0
606 1083 1
606 752 0
606 4733 0
606 4632 0
606 3581 0
606 6062 1
606 1794 0
606 1793 0
606 3144 1
606 2120 1
606 4492 0
606 4491 0
606 2833 0
606 2876 1
606 3192 0
606 4943 1
606 4882 1
606 6837 1
606 3153 0
606 3588 0
606 3587 0
606 1528 0
606 18 1
606 1435 0
606 5937 0
606 5117 1
606 3155 0
606 5393 0
606 6384 0
606 3255 1
607 6238 1
607 3783 0
607 6355 0
607 59 0
607 969 0
607 3232 0
607 4110 1
607 1504 1
607 2127 1
607 2132 1
608 4824 1
608 38 1
608 6047 0
608 6477 0
608 369 0
608 1764 0
608 3816 0
608 5452 0
608 1961 0
608 312 1
608 4207 0
608 3721 0
608 5125 0
608 699 0
609 4282 0
609 5291 0
609 4912 1
609 6881 0
609 3832 0
609 5007 0
609 1612 1
609 4884 1
609 6874 1
609 5996 1
609 5093 1
610 967 1
610 3940 1
610 3450 1
610 4919 1
610 579 1
610 4486 1
610 6486 1
610 6097 1
610 1460 0
610 1458 1
610 1159 1
610 5565 1
610 5406 1
610 3540 1
610 4472 1
610 5245 1
610 2585 1
610 3145 1
610 2950 1
611 967 1
611 3940 1
611 3450 1
611 4919 1
611 579 1
611 4486 1
611 6486 1
611 6097 1
611 1460 0
611 1458 1
611 1159 1
611 5565 1
611 5406 1
611 3540 1
611 4472 1
611 5245 1
611 2585 1
611 3145 1
611 2950 1
612 5850 1
612 3359 0
612 4541 1
612 4542 1
612 6295 0
612 5796 1
612 6303 1
612 6503 1
612 5356 0
612 3092 0
612 2041 1
612 3758 1
613 697 1
613 3624 1
613 4554 1
613 4555 1
613 361 1
613 698 1
613 3493 1
613 3566 1
613 6313 1
613 3567 1
613 1909 1
613 608 1
613 4543 1
613 6181 1
613 5496 1
614 366 1
614 2321 1
614 4558 1
614 3611 1
614 4559 1
614 2323 1
614 367 1
614 5154 1
614 99 1
614 3609 1
614 1717 1
615 644 1
615 6224 1
615 1124 1
615 6908 1
615 353 1
615 4361 1
615 119 1
615 2475 1
615 4714 1
615 6615 1
615 5399 1
615 3510 1
615 368 1
616 1987 1
616 6348 0
616 1234 0
616 3455 0
616 2608 0
616 3456 0
616 2636 1
616 6612 0
616 1776 1
616 3671 1
616 3341 1
616 2201 1
616 6131 1
616 2217 1
616 4621 1
616 1646 0
616 115 0
616 4090 0
617 3340 1
617 5031 0
617 2608 0
617 4342 1
617 2636 1
617 3671 1
617 3341 1
617 1776 1
617 2201 1
617 5120 1
617 4464 0
617 4621 0
617 2217 1
618 4818 1
618 1812 1
618 6202 0
618 3557 0
618 530 0
618 6464 0
618 5737 0
618 6180 0
618 1735 0
618 1278 1
618 4103 1
618 1643 1
618 6926 0
618 2670 0
618 5786 1
618 5886 1
618 6012 1
618 986 1
618 1018 1
618 5908 1
618 6145 1
618 2460 1
618 2798 1
618 3454 1
618 5526 1
619 6344 1
619 6651 1
619 6109 1
619 5813 1
619 5306 1
619 2732 1
619 714 1
619 2909 1
619 3103 1
619 4118 1
619 1699 1
619 6208 0
619 1707 1
619 4136 0
619 6265 0
619 2599 1
619 754 1
619 4386 1
620 5849 0
620 1148 0
620 4028 0
620 2661 0
620 1126 1
620 5852 1
620 2394 1
620 4009 1
620 3537 1
620 1888 1
620 40 1
620 6915 1
620 2396 1
620 4455 1
620 4384 0
620 2659 1
620 2484 1
620 1990 1
620 6298 0
620 4766 0
620 4319 0
620 5459 0
620 6505 0
620 2342 0
620 2994 0
620 2584 0
620 668 0
620 1843 0
620 5448 0
620 3175 0
620 3677 0
620 6525 1
621 5029 1
621 6096 1
621 1617 0
621 660 0
621 4893 1
621 2065 1
621 1533 0
621 442 0
621 4283 0
621 4951 0
621 4579 1
621 6914 1
621 5103 1
621 1162 1
621 221 1
621 5705 0
621 1900 0
621 6905 0
621 2981 1
621 630 1
621 34 1
621 5316 1
621 192 0
621 3244 1
621 917 0
622 4384 0
622 369 1
622 6355 0
622 2868 0
622 4455 1
622 6915 1
622 1515 0
622 2411 0
622 2484 1
622 623 0
622 1011 0
622 4555 0
622 6254 0
622 6577 0
622 4987 0
622 4696 0
622 5150 0
622 6411 0
622 5755 0
622 6847 0
622 330 0
623 5640 1
623 2548 1
623 656 1
623 1682 1
623 4768 1
623 5449 1
623 1967 1
623 5970 1
623 4959 1
623 2874 1
623 3843 1
623 113 1
623 3170 1
623 1379 1
623 2575 1
623 645 0
623 5153 1
623 2002 1
623 3438 1
623 6754 0
623 2196 1
623 4634 1
623 5225 1
623 1733 1
624 1054 0
624 4362 0
624 6423 1
624 6183 0
624 6669 0
624 6563 0
624 3324 0
624 3608 1
624 4282 0
624 4118 0
624 2892 0
624 3040 0
624 749 0
624 583 0
624 6087 0
624 3364 0
624 2071 0
625 3583 0
625 3739 0
625 4200 0
625 6023 0
625 3580 0
625 2284 0
625 640 0
625 2446 0
625 3592 0
625 2953 0
625 4411 0
625 2969 0
625 566 0
625 4376 1
625 5755 1
625 1691 1
625 809 1
625 3098 1
625 6218 0
625 5291 1
625 4710 1
625 3525 1
625 5853 1
625 5509 1
625 6866 1
625 6050 1
625 5323 1
626 5605 1
626 6851 0
626 3229 0
626 5324 0
626 2469 0
626 4760 0
626 627 0
626 6777 0
626 603 0
626 3858 0
626 1672 0
626 2627 1
626 5258 1
626 1157 1
626 5346 1
626 6443 1
626 4992 1
626 1526 0
626 106 0
626 1446 0
626 965 0
626 5039 0
626 2284 0
626 2003 1
626 4699 1
626 592 1
626 5812 1
626 6412 0
626 1710 0
626 5285 1
626 3563 1
626 5311 1
626 6421 0
626 5541 0
626 4441 1
626 6554 1
626 6662 1
626 4064 1
626 3836 0
626 5895 1
626 3412 0
626 5171 1
626 2763 1
626 4079 1
626 2764 1
626 5174 1
626 1512 1
626 1442 1
627 594 0
627 3647 0
627 4272 0
627 5051 0
627 6876 0
627 5131 1
627 2295 1
627 5151 1
627 2760 0
627 6138 1
627 5289 1
627 432 0
627 3666 0
627 5387 0
627 3836 0
627 2418 0
627 4160 0
627 5128 0
627 5522 0
627 3317 0
627 1527 0
627 5630 0
627 2010 0
627 3916 0
627 1701 0
627 4960 0
627 4266 1
627 4720 0
627 6141 0
627 5734 0
627 1930 1
627 620 0
627 6494 0
627 2111 1
627 489 1
627 5060 1
627 5007 0
627 649 1
627 5126 1
627 3441 1
627 6614 0
627 2634 1
627 839 1
627 5755 0
627 4145 0
627 2594 0
627 638 0
627 2446 0
627 1712 0
627 980 0
628 5850 1
628 3359 1
628 783 1
628 4928 1
628 3570 1
628 1686 1
628 5765 1
628 4320 1
628 6779 1
628 6781 1
628 1735 1
628 5954 1
628 5467 0
628 3009 0
628 310 0
628 5807 1
628 1769 0
628 3758 1
628 6773 0
628 1205 0
628 835 0
629 6265 1
629 3867 1
629 4386 0
629 1082 1
629 4531 0
629 3099 0
629 3994 0
629 3568 0
629 155 0
629 6625 0
629 1869 0
629 5366 0
629 5430 0
629 1923 1
629 3152 1
629 3073 0
629 6388 0
629 5671 0
629 2921 0
629 4303 0
629 1961 0
629 6455 1
629 196 0
629 5689 0
629 5077 0
629 967 1
629 2114 0
629 4471 0
629 904 0
629 6764 0
629 2616 0
629 5021 0
629 6109 0
629 1941 0
629 4304 0
629 6783 0
629 6408 1
629 2076 0
629 2001 0
629 640 0
630 5427 0
630 3436 0
630 934 0
630 1145 0
630 302 0
630 3729 0
630 5273 0
630 1711 0
630 1696 0
630 3773 0
630 2008 0
630 3813 0
630 4958 0
630 6236 0
630 6734 0
630 4973 0
630 1101 0
630 6759 0
630 3179 0
630 3128 0
630 761 0
630 857 0
630 4030 0
630 4617 0
630 6635 0
630 2569 0
630 6284 0
630 5450 0
630 6134 0
630 749 0
630 426 0
630 2192 0
630 583 0
630 5199 0
630 2603 0
630 1045 0
630 5589 1
630 5135 0
630 930 0
630 6294 0
630 5744 1
630 1374 1
630 3097 0
630 4833 0
630 1463 0
630 2095 0
630 965 0
630 106 0
630 670 0
631 3556 0
631 6500 0
631 3419 1
631 3031 1
631 4350 1
631 4587 1
631 286 1
631 4813 1
631 3678 1
631 3544 0
631 2140 0
631 3172 0
631 2777 0
631 739 0
631 6123 0
631 4102 0
631 5064 0
631 2019 0
631 3296 0
631 5261 0
631 1968 0
631 5152 0
631 1411 0
631 5069 0
631 3171 0
631 4607 0
631 4104 0
631 3297 0
631 3681 0
631 5198 1
631 326 1
631 4105 1
631 6023 0
631 5014 0
631 4904 0
631 4940 1
631 5552 0
631 5547 0
631 1680 0
631 3245 0
631 315 1
631 2622 0
631 649 1
631 800 1
631 5367 0
631 6026 0
631 3237 0
631 6655 0
631 2348 0
632 974 1
632 5708 1
632 1682 1
632 4229 1
632 2791 0
632 3860 0
632 2603 1
632 1045 1
632 3816 1
632 750 1
632 3729 1
632 1145 1
632 302 1
632 934 0
632 3436 1
632 5427 1
632 2846 0
632 2844 1
632 1696 1
633 214 1
633 297 1
633 6818 1
633 2228 1
633 1723 1
633 614 1
633 6540 1
633 5640 1
633 2548 1
633 656 0
633 1682 0
633 4768 1
633 4602 0
633 5150 1
633 580 1
633 1485 1
633 5382 1
633 5530 1
633 6411 1
633 263 1
633 935 1
633 4987 1
633 6349 1
633 4696 1
633 6822 1
634 6672 1
634 3174 1
634 418 1
634 4578 1
634 6387 1
634 2640 1
634 4667 1
634 6454 1
634 2965 1
634 3756 0
634 6479 0
634 3628 0
634 164 1
634 5730 1
634 3292 1
634 2860 1
634 2339 0
634 3178 0
634 1908 0
635 5018 0
635 5279 0
635 643 0
635 3889 1
635 1434 0
635 1699 0
635 1215 0
635 2800 0
635 6343 0
635 3998 0
635 1644 0
635 5332 0
635 4573 0
635 2599 0
635 6305 0
635 109 0
635 2813 0
635 673 0
635 710 0
635 3896 0
635 4386 0
635 4118 0
635 2810 0
635 5134 0
635 4780 0
635 2462 0
635 2598 0
635 6636 0
635 3891 0
635 5802 1
635 5797 0
635 4949 0
636 3787 1
636 3919 1
636 6246 1
636 2221 0
636 6642 0
636 4112 1
636 5061 0
636 6658 0
636 5746 1
636 1350 1
636 3166 1
636 2352 1
636 6324 1
637 967 1
637 3940 1
637 4919 1
637 6097 1
637 579 1
637 6486 1
637 1458 1
637 1159 1
637 5565 1
637 5406 1
637 3540 1
638 845 0
638 1895 1
638 848 0
638 3925 0
638 2964 0
638 885 1
638 886 1
638 6064 1
638 5249 0
638 4338 1
638 4941 0
639 569 0
639 4267 1
639 519 1
639 3919 1
639 6057 1
639 789 1
639 4219 1
639 533 1
639 2352 1
639 2110 1
639 5345 0
640 6940 1
640 2031 1
640 3919 0
640 3119 0
640 3373 0
640 3215 0
640 4112 0
640 314 0
640 4809 0
640 520 0
640 3740 0
640 4120 0
641 752 1
641 1066 1
641 3586 1
641 5117 1
641 6804 1
641 6390 1
641 1752 1
641 3143 1
641 5359 1
641 4861 1
641 6816 1
642 6390 1
642 22 1
642 4709 1
642 4998 1
642 3142 1
642 3153 1
642 6816 1
642 1573 1
642 4945 1
642 1066 1
643 6008 1
643 1207 1
643 4536 1
643 4537 1
643 3910 1
643 1220 1
643 6289 1
643 1214 1
643 1210 1
643 1223 1
643 1212 1
644 2919 1
644 2884 1
644 3475 1
644 4731 1
644 659 1
644 5445 1
644 2656 1
644 5628 1
644 3476 1
644 2655 1
644 640 1
645 3837 1
645 1993 1
645 6119 1
645 1538 1
645 6842 1
645 3805 1
645 307 1
645 2341 1
645 2860 1
645 2339 1
646 4713 1
646 6388 1
646 6215 1
646 5278 1
646 5440 1
646 969 1
646 5987 1
646 5720 1
646 4998 1
646 1642 1
647 3195 1
647 5862 1
647 4986 1
647 3189 0
647 531 0
647 3412 1
647 5709 0
647 665 0
647 633 0
647 4741 1
647 5002 0
647 5023 0
647 1647 0
647 3670 0
648 2062 1
648 6617 1
648 2067 1
648 6374 1
648 6488 1
648 3562 1
648 1730 1
648 2345 1
648 5277 1
648 4963 0
648 6797 1
649 203 1
649 4940 0
649 2631 1
649 6370 0
649 4461 0
649 6940 0
649 2372 0
649 5345 0
649 2113 0
649 4957 0
649 1805 0
649 3737 0
650 1678 1
650 5430 0
650 1671 1
650 3918 1
650 2985 0
650 6409 0
650 1738 1
650 56 0
650 5742 1
650 5456 1
650 13 1
650 605 1
650 3497 0
650 6457 0
650 6473 0
651 1678 1
651 5430 1
651 1671 1
651 3918 1
651 3923 1
651 1342 0
651 3359 1
651 384 0
651 2985 0
651 6409 0
651 3186 0
651 1738 0
652 696 1
652 4553 1
652 6503 1
652 3758 1
652 6597 1
652 6193 1
652 4130 1
652 4260 1
652 3134 1
652 3349 1
652 4598 1
652 3489 1
652 3892 1
652 6638 0
652 3017 0
652 2836 0
653 696 1
653 6503 1
653 2836 0
653 4260 1
653 6193 1
653 3489 1
653 3892 1
653 3778 0
653 3658 0
653 6090 0
653 5867 0
653 3660 0
653 3017 0
653 1078 0
653 5085 1
653 3088 1
653 4801 1
653 4377 0
653 951 0
654 3544 1
654 2777 0
654 2140 1
654 739 1
654 6123 1
654 5064 1
654 5069 0
654 3031 1
654 3556 0
654 6500 0
654 5152 0
654 4705 0
654 2558 1
654 1968 0
654 5149 1
654 4607 0
654 5751 0
654 6239 0
654 5477 0
654 4808 0
654 4105 1
654 2931 1
655 2250 1
655 3556 1
655 3296 1
655 3419 1
655 4587 1
655 5069 1
655 3245 0
655 5198 0
655 4940 0
655 4904 1
655 3171 1
656 6343 1
656 3998 1
656 6636 1
656 3891 1
656 5018 1
656 5279 1
656 3896 1
656 710 1
656 4386 1
656 6273 1
656 1288 1
656 6305 1
656 441 1
656 6823 1
656 6780 1
656 4344 1
656 2134 1
656 4949 1
656 2810 1
656 2809 1
656 2808 1
656 4153 1
656 1692 1
656 6772 1
656 2001 1
656 2462 1
656 2598 1
657 594 1
657 3647 1
657 432 1
657 1527 1
657 5151 1
657 2010 1
657 1701 0
657 3729 1
657 5427 1
657 934 0
657 1711 0
657 5273 1
658 594 1
658 4272 1
658 5128 1
658 3317 0
658 4160 0
658 1527 1
658 5151 1
658 1757 0
658 2008 0
658 3773 0
658 3813 0
658 5450 0
658 6530 0
658 1711 0
658 1645 0
658 2291 0
658 5199 0
658 2791 0
658 1494 0
659 971 1
659 3019 1
659 3680 1
659 6666 1
659 943 1
659 707 1
659 268 1
659 126 1
659 211 1
659 4726 1
659 3221 1
659 6654 1
659 3651 1
659 4365 1
659 3861 1
659 6437 1
659 6423 1
659 6392 1
659 2719 1
659 4023 1
659 3898 1
659 6695 1
659 234 1
659 4267 1
659 6113 1
659 817 1
660 2263 1
660 6503 1
660 339 1
660 368 0
660 631 1
660 5023 0
660 5002 0
660 1134 1
660 6193 1
660 6597 1
660 766 1
660 340 1
660 2323 1
660 4801 1
661 3331 0
661 6584 1
661 5094 1
661 815 0
661 1884 1
661 4875 0
661 5864 1
661 3102 1
661 2147 0
661 5675 0
661 2270 1
661 967 0
661 5956 0
661 1203 0
661 2335 1
661 2950 0
661 2801 0
661 6926 0
661 1161 1
661 1687 1
661 1991 0
661 1728 0
662 2321 1
662 2323 1
662 3608 0
662 1717 0
662 2328 0
662 2326 0
662 1085 0
662 4422 1
662 368 1
662 762 0
662 1480 0
662 1790 1
662 98 0
662 1088 0
662 1716 1
662 766 1
662 5158 0
662 919 0
662 3503 0
662 6666 1
663 2321 1
663 2323 1
663 3608 1
663 2327 1
663 766 1
663 3503 1
663 919 1
663 1744 0
663 6812 0
663 3556 0
663 6500 0
664 5105 1
664 6848 1
664 3321 1
664 5042 1
664 3763 1
664 5662 0
664 6299 0
664 6493 0
664 6490 0
664 624 0
664 5536 0
664 2085 0
664 3572 1
664 6414 0
664 597 0
664 6017 1
664 4270 0
664 6164 0
664 4051 0
664 6699 0
664 5029 0
665 5228 1
665 6847 1
665 2086 1
665 6259 1
665 6637 1
665 6911 1
665 5552 1
665 1732 1
665 1915 0
665 3098 0
665 5349 0
665 5124 1
666 1937 1
666 4019 1
666 685 1
666 3517 1
666 6356 1
666 264 1
666 5439 0
666 2730 0
666 2430 0
666 1714 0
666 5967 1
666 6792 1
667 6814 1
667 5990 1
667 3717 1
667 3805 1
667 2279 0
667 6478 1
667 6600 1
667 4480 1
667 4156 1
667 3971 1
667 5081 1
667 6431 1
667 6674 1
667 5277 0
667 826 1
667 4304 0
667 3046 0
667 1618 1
667 1534 1
667 1541 1
668 94 0
668 6288 1
668 887 1
668 2351 1
668 6070 1
668 5327 1
668 3999 1
668 5244 1
668 6011 1
668 6143 1
668 6930 1
668 3524 1
668 2215 1
668 3465 1
668 5875 1
668 6420 1
668 1089 1
668 789 1
668 3048 1
668 5901 1
668 3329 1
668 5619 1
668 3177 1
669 2964 1
669 5 0
669 3925 1
669 3359 0
669 5233 0
669 5394 0
669 6749 0
669 4251 0
669 2722 1
669 6159 1
669 4943 0
669 5458 1
669 5778 0
669 2909 0
669 5015 0
669 2447 0
669 891 0
669 6310 0
669 4258 1
669 4941 0
670 4371 0
670 4372 0
670 3849 0
670 4453 1
670 1934 1
670 5798 1
670 368 1
670 6538 1
670 2975 1
670 6225 0
670 6030 0
670 1855 0
670 6517 1
670 3782 0
670 5721 1
670 6473 0
670 6457 0
670 1628 1
670 4763 1
670 2211 1
670 2778 1
670 4219 1
670 6420 1
671 5514 0
671 5701 1
671 71 1
671 6407 1
671 6047 0
671 1320 1
671 2225 1
671 6622 0
671 6405 0
671 6165 1
671 3465 0
671 2349 1
671 3502 1
671 2337 1
671 3672 1
672 6370 1
672 2113 1
672 6171 1
672 5148 0
672 6007 0
672 2786 0
672 6701 1
672 4226 1
672 6000 0
672 4941 0
672 5385 0
672 2909 1
672 1221 1
672 829 1
672 1197 0
672 6199 0
672 5120 0
672 5489 0
672 5035 1
672 3206 1
672 3982 1
672 6407 1
673 5514 0
673 2337 0
673 2032 1
673 1110 1
673 3219 0
673 6069 0
673 5746 1
673 6047 1
673 3466 0
673 3775 1
673 6143 1
673 6401 1
673 1738 1
673 3529 1
673 3247 0
673 71 1
674 6535 1
674 3625 1
674 1446 0
674 106 0
674 965 0
674 1532 1
674 2291 1
674 5633 1
674 4732 1
674 865 1
674 1696 0
674 2008 0
674 3773 0
674 3813 0
674 6236 0
674 4958 0
674 6734 0
674 4973 0
674 1101 0
674 6759 0
674 3179 0
674 4030 0
674 4617 0
674 5097 0
674 5708 1
674 1682 1
674 1710 0
674 2791 0
674 3860 1
674 1681 0
674 5498 1
674 5427 0
674 4438 0
674 3436 0
674 302 0
674 934 0
674 3729 0
674 5273 0
674 6412 0
674 1711 0
674 4214 1
674 5199 0
674 2603 0
674 6294 0
674 1494 1
674 6421 0
674 930 0
674 5135 0
674 5589 0
674 109 0
675 3329 1
675 1676 1
675 1482 1
675 2077 1
675 6709 1
675 5619 1
675 5911 1
675 5046 1
675 56 1
675 6021 1
675 55 1
675 1474 1
675 940 1
675 3177 1
675 5793 1
675 1080 1
675 621 1
675 5180 1
675 3933 1
675 1360 1
676 5725 1
676 6426 1
676 5071 1
676 481 1
676 3972 1
676 6765 1
676 3388 1
676 4333 1
676 3248 1
676 2003 1
676 5770 1
676 5501 1
676 2825 1
676 6798 0
676 2607 0
676 735 1
676 1206 1
676 3552 1
676 3743 0
676 4000 0
676 2372 0
676 4145 1
676 982 1
676 6552 1
676 2842 1
676 4142 0
676 790 1
676 5122 1
676 5590 1
676 3343 0
676 3126 0
676 6343 0
676 3947 0
676 4634 0
676 5225 0
676 6168 0
676 6046 0
676 6114 0
676 6662 1
676 6611 1
676 6013 0
676 6326 0
676 1541 1
676 1427 0
676 2916 0
676 3452 0
676 525 0
676 811 0
676 2015 0
676 2305 0
677 1396 1
677 407 0
677 789 0
677 4219 0
677 509 0
677 4145 0
677 6262 1
677 1641 1
677 2786 0
677 5860 1
677 3375 1
677 1804 0
678 2326 0
678 1717 0
678 3608 0
678 2328 0
678 2327 0
678 6760 0
678 5338 1
678 26 1
678 4971 1
678 5557 1
678 6475 1
678 3063 1
678 4125 1
678 1779 1
678 2357 0
679 4623 1
679 3954 1
679 3185 1
679 2156 1
679 3112 1
679 629 1
679 435 1
679 3332 1
679 5957 1
679 946 1
679 6177 1
679 5664 1
679 1493 1
679 2062 1
679 3912 1
679 4189 1
680 4112 1
680 3919 1
680 314 1
680 4809 1
680 520 1
680 3740 1
680 3903 1
680 3995 1
680 4120 1
680 5061 1
680 6658 1
680 1350 1
680 3166 1
680 6324 1
680 3228 1
681 6322 1
681 5325 1
681 1738 1
681 3509 1
681 4292 1
681 2154 1
681 6083 0
681 4641 0
681 6331 0
681 5109 0
682 6183 1
682 6563 1
682 6669 1
682 3324 1
682 4760 1
682 2469 1
682 3229 1
682 6851 1
682 5324 1
682 1672 1
682 3858 1
682 627 1
682 6777 1
682 603 1
682 506 1
682 2445 1
682 5030 1
682 2861 1
682 2646 1
682 4457 1
682 4758 1
682 3755 1
682 6722 1
683 904 1
683 3347 1
683 2616 1
683 5021 1
683 3740 1
683 4120 1
683 6109 1
683 520 1
683 314 1
683 3099 1
683 3994 1
683 3568 1
683 155 1
683 1869 1
683 6625 1
683 5366 1
683 5430 1
683 5205 1
683 6787 1
683 4878 1
683 3121 1
683 709 1
683 4118 1
683 1707 0
684 5613 1
684 4963 1
684 6381 0
684 5501 0
684 671 0
684 5434 0
684 6649 0
684 5571 0
684 5575 0
684 1361 0
684 4767 0
684 5212 0
684 2825 0
684 3114 0
684 4892 1
684 1730 1
684 2345 1
684 2183 0
684 2347 1
684 2033 1
684 5793 0
684 5514 0
684 1080 0
684 1658 0
684 6568 1
684 4043 0
684 4129 0
684 6066 0
684 2607 0
684 6438 0
684 3613 0
684 2034 1
684 6778 0
684 6797 1
684 3976 1
684 3743 0
684 3017 0
684 5277 1
684 182 0
684 2925 0
684 5954 0
684 6016 0
684 2061 1
684 6005 1
684 3758 0
684 3209 0
684 6507 1
684 4508 0
684 5939 0
684 6322 0
685 967 0
685 3940 1
685 3450 1
685 4919 0
685 6097 0
685 579 0
685 4486 0
685 6486 0
685 1460 0
685 2950 1
685 1458 0
685 1159 0
685 5565 0
685 5406 0
685 3540 0
685 4472 0
685 5245 0
685 2585 0
685 3145 0
685 5675 1
685 3268 1
685 3136 1
685 5776 1
685 3522 1
685 3044 1
685 3944 0
685 1687 1
685 1466 1
686 1915 1
686 1724 1
686 4911 1
686 13 1
686 5323 1
686 6050 1
686 6866 1
686 4710 1
686 5127 1
686 6774 1
686 5509 1
686 1840 1
686 5853 1
686 3125 1
686 5283 1
686 4306 1
686 1656 1
686 2893 0
686 3618 1
686 6216 1
686 3213 1
686 1783 1
686 1926 1
686 3248 1
686 4333 1
686 1188 1
686 336 1
686 3867 0
686 4325 0
686 5356 1
686 4901 1
686 3474 1
686 1172 1
686 4978 1
686 2377 1
686 4923 1
686 3098 1
686 5755 1
686 3242 1
686 6939 1
686 5286 1
686 801 1
686 6277 1
686 86 1
686 3676 1
686 397 1
686 809 1
686 5291 1
687 5078 1
687 2408 1
687 5053 1
687 317 1
687 4141 1
687 5247 1
687 546 1
687 530 1
687 3189 1
687 531 1
687 6202 1
687 352 1
687 1975 1
687 6180 1
687 5737 1
687 5745 1
687 1986 1
687 2411 1
687 6003 1
687 3557 1
687 1579 1
687 989 1
687 824 0
687 3738 0
687 4463 0
687 1183 1
687 3409 1
687 5644 0
687 471 0
687 4983 0
687 2139 0
687 90 0
687 3983 0
687 3308 0
687 88 0
687 4660 0
687 6264 0
687 5884 0
687 2332 0
687 2331 0
687 1039 0
687 1479 0
687 5338 0
687 5871 0
687 566 0
687 1716 0
687 2867 0
687 1857 0
687 986 0
687 4496 0
688 1882 1
688 2473 1
688 6076 1
688 4941 0
688 375 1
688 2909 0
688 1988 1
688 3859 1
688 5138 1
688 5747 0
688 3141 1
688 1699 1
688 2261 1
688 6221 1
688 6667 1
688 476 1
688 2445 0
688 3019 0
688 506 0
688 376 1
688 2487 1
688 5039 1
688 2292 1
688 1985 1
688 5063 1
688 5663 1
688 6549 1
688 4755 1
688 4756 1
688 627 0
688 6851 0
688 3229 0
688 5324 0
688 2469 0
688 4760 0
688 1672 0
688 3365 1
688 2823 1
688 5941 1
688 5946 1
688 3422 1
688 6183 0
688 3324 0
688 6563 0
688 6669 0
688 1199 0
688 2266 0
688 2491 0
688 6422 1
688 4169 1
689 6619 0
689 553 0
689 2857 1
689 4091 1
689 5009 1
689 4948 1
689 1259 1
689 5083 1
689 1028 1
689 3444 0
689 1483 1
689 3434 1
689 3884 1
689 5385 1
689 4174 1
689 1026 1
689 4974 0
689 2858 1
689 4908 1
689 6317 1
689 942 1
689 2150 1
689 4676 1
689 2014 1
689 4991 1
690 2349 1
690 6407 1
690 6199 0
690 6083 0
690 6444 1
690 3982 1
690 5470 1
690 2346 1
690 2213 0
690 5927 0
690 6160 1
691 113 1
691 4959 1
691 1379 1
691 3843 1
691 214 1
691 297 1
691 6818 1
691 2228 1
691 1723 1
691 3412 0
691 5640 1
691 2548 1
691 656 1
691 4768 1
691 1682 1
691 4602 1
692 6109 0
692 5021 1
692 2616 0
692 3740 1
692 520 1
692 4120 0
692 314 1
692 2909 0
692 4941 0
692 2599 1
692 5403 1
692 5332 0
692 1644 0
692 904 1
692 3347 1
693 2636 1
693 1776 1
693 3671 1
693 2201 1
693 3341 1
693 6131 1
693 4621 0
693 2217 1
693 5773 1
693 3218 1
693 4253 1
693 4963 0
693 2110 1
694 4189 1
694 719 1
694 2397 0
694 540 0
694 5957 0
694 3185 0
694 4623 1
694 3954 0
694 3112 0
694 629 0
694 2156 0
694 946 1
694 3386 1
695 6291 0
695 5746 0
695 6860 0
695 5076 0
695 5327 1
695 3529 0
695 5249 0
695 2608 0
695 5297 0
695 2605 0
695 4168 0
695 4797 0
695 3250 0
695 4205 0
695 3311 0
696 2801 1
696 6926 1
696 2950 1
696 796 1
696 5384 0
696 5675 0
696 4252 0
696 2697 0
696 4472 0
696 5333 0
697 4017 1
697 3523 1
697 36 1
697 1129 1
697 3520 1
697 647 1
697 355 1
697 37 1
697 2477 1
697 1388 1
697 152 0
697 633 0
697 818 0
697 1519 0
697 1323 0
697 1531 0
698 5199 1
698 3729 1
698 1711 1
698 930 1
698 4229 1
698 5135 1
698 6294 0
698 865 1
698 5520 1
698 1145 0
698 5427 0
698 3436 0
698 934 1
699 3141 1
699 1699 1
699 2261 1
699 6221 1
699 6667 1
699 2487 1
699 5039 1
699 4755 1
699 4756 1
699 627 1
699 6851 1
699 3229 1
699 5324 0
699 2469 1
700 5427 1
700 3436 1
700 934 1
700 1145 1
700 3729 0
700 5273 1
700 1711 1
700 1696 1
700 3773 0
700 2008 0
700 3813 1
700 4958 1
700 6236 1
700 6734 0
700 4973 1
701 6412 0
701 2945 1
701 1056 1
701 1241 1
701 4142 0
701 5611 1
701 886 1
701 6064 1
701 5354 1
701 5620 0
701 983 1
701 5615 1
701 5189 1
701 1805 1
701 6376 0
702 4162 1
702 5743 1
702 3252 1
702 4117 1
702 590 1
702 5607 1
702 6417 1
702 977 1
702 4193 1
702 5611 1
702 6376 0
703 1915 1
703 13 1
703 5323 0
703 6050 1
703 1840 1
703 5509 1
703 3525 1
703 5853 1
703 1724 0
703 4911 0
703 5291 1
703 5283 1
703 3125 1
703 397 1
704 6255 1
704 2825 1
704 5770 1
704 5986 1
704 1498 1
704 2830 1
704 4293 1
704 2273 1
704 3018 0
704 6714 1
704 1612 1
704 658 1
704 210 1
704 246 1
704 657 1
705 4693 1
705 5277 1
705 752 0
705 3443 1
705 6931 1
705 3153 0
705 4963 0
705 1066 0
705 3294 0
705 4753 0
705 2876 0
705 4943 0
705 3255 0
705 3587 0
705 3586 0
705 6837 1
706 696 1
706 4553 1
706 2836 1
706 6193 1
706 6597 1
706 3468 1
706 4130 1
706 1134 1
706 2663 1
706 6219 1
706 3758 1
706 6503 1
706 4260 1
706 3134 1
706 631 1
706 3349 1
706 4598 1
706 2872 1
706 1359 1
707 2590 1
707 3134 0
707 2297 0
707 3468 0
707 1481 0
707 5085 0
707 2836 0
707 368 0
707 2263 0
707 696 1
707 1978 0
708 696 1
708 4553 1
708 2836 1
708 6193 1
708 6597 1
708 3468 1
708 4130 1
708 1134 1
708 2663 1
708 6219 1
708 3758 1
708 6503 0
708 4260 1
708 3134 1
708 631 1
708 3349 1
708 4598 1
708 2872 1
708 1359 1
709 943 0
709 707 0
709 6666 0
709 6449 0
709 2497 0
709 6926 0
709 2801 0
709 2670 0
709 795 0
709 5889 0
709 2597 0
709 2950 0
709 2335 0
709 4238 0
709 797 0
709 5675 0
709 2673 0
709 3559 0
709 3651 1
709 3221 1
710 2612 1
710 2374 0
710 3379 0
710 6362 0
710 3526 0
710 368 0
710 3050 0
710 3187 1
710 2088 0
710 5850 1
710 5796 0
711 904 1
711 3347 1
711 6093 1
711 3233 1
711 6265 1
711 5925 1
711 3206 1
711 4118 1
711 5928 1
711 6117 1
711 4386 1
712 2323 1
712 3758 1
712 3043 0
712 6503 1
712 368 0
712 1085 1
712 697 0
712 3624 0
712 4554 0
712 4555 0
712 99 1
712 339 1
713 2313 0
713 2666 1
713 3873 0
713 1279 0
713 5850 0
713 3359 0
713 2665 0
713 5950 0
713 813 0
713 4472 0
714 1716 1
714 2323 1
714 2321 1
714 1085 1
714 99 1
714 5158 1
714 339 1
714 766 1
714 368 0
714 6503 0
714 5084 0
715 5215 0
715 3528 0
715 6901 0
715 1892 0
715 1271 0
715 2356 0
715 2505 0
715 354 1
715 369 1
715 2512 0
715 361 0
716 4130 1
716 1134 1
716 6219 1
716 2962 1
716 697 1
716 3624 1
716 4554 0
716 4043 1
716 2901 1
716 361 1
716 698 1
717 2636 1
717 1776 1
717 3671 1
717 2201 1
717 3341 1
717 6131 1
717 4621 1
717 2217 1
717 5773 1
717 3218 1
717 4253 1
717 2645 1
718 3153 1
718 1376 1
718 6384 1
718 694 1
718 3143 1
718 3155 1
718 6842 1
718 91 1
718 3236 1
718 2942 1
718 958 1
718 3149 1
718 3245 1
718 2278 1
718 4686 1
718 5000 1
718 1362 1
718 2711 1
718 2341 1
718 3166 1
718 2451 1
718 4703 1
718 3717 1
718 5990 1
718 6814 1
718 3805 1
718 1432 1
718 959 1
718 5648 1
718 5942 1
718 3580 1
719 3153 1
719 1376 1
719 6384 1
719 694 1
719 3143 1
719 3155 1
719 6842 1
719 91 1
719 3236 1
719 2942 1
719 958 1
719 3149 1
719 3245 1
719 2278 1
719 4686 1
719 5000 1
719 1362 1
719 2711 1
719 2341 1
719 3166 1
719 2451 1
719 4703 1
719 3717 1
719 5990 1
719 6814 1
719 3805 1
719 1432 1
719 959 1
719 5648 1
719 5942 1
719 3580 1
720 1858 1
720 404 1
720 4869 1
720 3496 1
720 4831 1
720 4739 1
720 6077 1
720 683 1
720 303 1
720 4604 1
720 1158 1
720 6447 1
721 1367 1
721 81 1
721 2244 1
721 6297 0
721 3010 0
721 1768 1
722 1367 1
722 81 1
722 2244 1
722 6297 0
722 3010 0
722 1768 1
723 1915 1
723 13 1
723 6050 1
723 5323 1
723 1840 1
723 5509 1
723 5853 1
723 3525 1
723 6866 1
723 4710 1
723 5127 1
723 6774 1
723 1724 1
723 4911 0
723 3125 1
723 6943 0
723 5291 0
723 809 1
723 5283 1
723 4306 0
723 1656 1
723 3869 1
723 2893 0
723 3618 0
723 3213 1
723 801 1
724 4875 1
724 1125 1
724 6548 1
724 4909 1
724 5094 1
724 1726 1
724 1884 1
724 2547 1
724 967 1
724 3940 1
724 4910 1
725 697 1
725 3624 1
725 4554 1
725 4555 1
725 361 1
725 698 1
725 3493 1
725 3566 1
725 6313 1
725 3567 1
725 1909 1
725 4543 1
725 608 1
725 6181 1
725 5496 1
725 6272 1
725 1173 1
725 3648 1
725 1134 1
725 4130 1
725 6219 1
725 3043 1
725 3651 1
725 3221 1
725 4365 1
725 4726 1
725 3861 1
725 2845 1
725 4260 1
725 4598 1
725 6406 1
725 5495 1
725 2397 1
725 3790 1
725 4678 1
725 3793 1
725 124 1
725 4801 1
725 3997 1
725 971 1
725 4359 1
725 919 1
726 1915 1
726 5323 0
726 13 1
726 6050 1
726 1840 1
726 5509 1
726 5853 1
726 3525 1
726 6866 1
726 4710 1
726 5127 1
726 1724 1
726 6774 0
726 4911 1
726 809 1
726 5291 1
726 6943 1
726 3125 1
726 5283 1
726 4306 1
726 1656 1
726 3869 1
726 3213 1
726 2893 0
726 3618 0
726 6216 0
726 397 1
726 3676 1
726 801 1
726 6277 1
726 86 1
726 5286 1
726 6939 1
726 5755 1
726 3098 1
726 4923 1
726 2377 1
726 4978 1
726 1172 1
726 3474 1
726 4901 1
726 5356 1
726 4325 1
726 3867 1
726 336 0
726 1188 1
726 4333 1
726 3248 1
726 1926 1
726 1783 1
727 2062 1
727 6617 1
727 2347 1
727 2033 1
727 2067 1
727 6374 1
727 6488 1
727 3562 1
727 1730 1
727 2345 1
727 5591 0
728 4913 0
728 1431 1
728 5753 0
728 6624 1
728 3248 1
728 3832 1
728 2695 1
728 5291 1
728 3315 1
728 2618 1
728 4377 0
728 5390 1
728 3784 1
728 5114 1
728 13 1
728 5509 1
728 5323 1
728 3525 1
728 5853 1
728 968 1
728 1432 1
728 2907 0
728 2924 0
728 3474 0
728 2239 1
728 1680 1
728 1649 1
728 1152 1
728 1554 1
728 5630 1
728 3705 1
729 2062 1
729 6617 1
729 2347 1
729 2033 1
729 2067 1
729 6374 1
729 6488 1
729 3562 1
729 1730 1
729 2345 1
729 5591 0
730 5753 1
730 1431 1
730 4913 1
730 3248 1
730 6624 1
730 3832 1
730 1996 1
730 4333 1
730 5960 1
730 1432 1
730 2695 1
730 5291 1
730 809 1
730 3315 1
730 4377 1
730 2618 1
730 5390 1
730 3784 1
730 5114 1
730 13 1
730 5509 1
730 5323 1
730 3525 1
730 5853 1
730 3098 1
730 968 1
730 1986 0
730 6003 0
730 3189 0
730 2907 1
730 3786 0
730 1528 1
730 3240 1
730 2924 1
731 697 1
731 3624 1
731 4554 1
731 4555 1
731 361 1
731 698 1
731 4556 1
731 4557 1
731 3566 1
731 1909 1
731 6313 1
731 4543 1
731 608 1
731 3567 1
731 3493 1
732 6866 1
732 5853 1
732 3525 1
732 5509 1
732 1840 1
732 6050 1
732 5323 0
732 13 1
732 1724 1
732 4911 1
732 5291 1
732 809 1
732 3125 1
732 4306 1
732 1656 1
732 3618 0
732 397 1
732 801 1
732 3676 1
732 6277 1
733 1676 1
733 3329 0
733 1482 1
733 2077 1
733 6709 0
733 5619 1
733 3177 1
733 940 1
733 1474 1
733 55 1
733 56 1
733 6021 1
733 5911 1
733 5046 1
734 5460 1
734 3649 1
734 650 1
734 1785 1
734 607 1
734 3180 1
734 5768 1
734 2989 0
734 318 1
734 604 1
734 2149 1
734 304 1
734 1671 1
734 5511 1
734 4644 1
734 4906 0
734 2056 1
734 2388 1
734 522 1
734 5321 1
734 6330 1
734 2474 1
734 2384 1
734 418 1
734 2481 1
734 5694 1
734 2638 1
734 2383 1
734 352 1
735 6940 1
735 2310 1
735 6885 0
735 3737 1
735 5899 1
735 4957 1
735 2373 1
735 4853 1
735 3734 1
735 435 1
735 3332 1
735 519 1
735 5348 1
735 6860 1
735 637 1
735 2545 1
735 3386 1
735 1641 1
736 5850 1
736 3359 1
736 4541 1
736 4542 0
736 6295 1
736 5796 1
736 6303 1
736 6503 1
736 5356 0
736 3092 0
736 2041 1
736 3758 1
736 919 0
736 1077 1
736 3187 1
736 1258 1
736 3623 1
736 4239 1
736 3003 1
736 2398 1
736 2612 0
736 2421 1
737 697 1
737 3624 0
737 4554 1
737 4555 1
737 361 1
737 698 1
737 4556 1
737 4557 0
737 3566 1
737 1909 1
737 6313 1
737 4543 1
737 608 1
737 3567 1
737 3493 1
737 6272 1
737 1173 1
737 1756 1
737 2608 1
737 4359 1
737 3043 1
737 4357 1
737 124 1
737 699 0
737 689 1
737 1760 1
737 2260 1
737 5588 1
737 4601 1
737 4600 1
737 4895 1
738 697 1
738 3624 0
738 4554 1
738 4555 1
738 361 1
738 698 1
738 4556 1
738 4557 0
738 3566 1
738 1909 1
738 6313 1
738 4543 1
738 608 1
738 3567 1
738 3493 1
738 6272 1
738 1173 1
738 1756 1
738 2608 1
738 4359 1
738 3043 1
738 4357 1
738 124 1
738 699 0
738 689 1
738 1760 1
738 2260 1
738 5588 1
738 4601 1
738 4600 1
738 4895 1
739 5427 1
739 3436 0
739 934 1
739 1145 1
739 3729 1
739 302 1
739 5273 0
739 1711 0
739 1696 1
739 3773 1
739 2008 1
739 3813 1
739 4958 1
739 6236 1
739 6734 1
739 4973 1
739 1101 1
739 6759 1
739 3179 1
739 3128 1
739 5097 1
739 761 1
740 5506 1
740 6335 1
740 2460 0
740 214 1
740 297 1
740 6818 1
740 2228 1
740 614 1
740 1723 1
740 3757 1
740 6673 1
740 3790 1
740 2430 0
740 5466 1
740 6187 1
740 6577 1
740 1748 1
740 6822 1
740 3992 1
740 739 0
740 6123 0
740 3544 0
740 2140 0
741 2033 1
741 2347 1
741 6005 1
741 6507 1
741 2067 1
741 5613 1
741 6492 1
741 5277 1
741 4310 1
741 4307 1
742 1612 1
742 6243 1
742 347 1
742 5996 1
742 4230 1
742 6248 1
742 6103 1
742 3641 1
742 6247 1
742 1329 1
743 5 1
743 3925 1
743 4941 1
743 846 1
743 556 1
743 1743 0
743 4251 1
743 6310 1
743 891 0
743 2964 1
744 967 1
744 3940 1
744 1460 0
744 1458 1
744 2950 1
744 5675 1
744 3944 1
744 4910 1
744 6080 1
744 5384 1
745 845 1
745 5531 1
745 735 1
745 5228 1
745 2044 1
745 2086 0
745 904 1
745 2355 1
745 4118 1
745 1707 1
746 3284 1
746 1695 0
746 668 1
746 1671 0
746 2677 0
746 5692 1
746 304 1
746 604 1
746 2149 1
746 2507 1
746 607 0
746 3180 0
746 5768 0
746 1785 0
746 3959 0
746 4014 0
746 474 0
746 2466 0
746 1000 1
747 2033 1
747 2034 1
747 6005 1
747 6507 0
747 2067 0
747 6488 0
747 6374 0
747 3562 0
747 2347 1
747 6797 1
747 3443 1
747 2758 1
747 5717 1
747 6931 0
747 3271 1
747 3875 1
747 6301 1
747 996 1
747 1320 0
747 2225 0
747 5257 0
747 182 0
747 4963 0
747 5613 0
747 1730 1
747 2345 1
747 2061 1
747 6292 1
747 1932 1
747 6568 1
747 1738 0
747 4995 0
748 3583 1
748 4200 0
748 3592 0
748 4411 0
748 2969 0
748 3580 0
748 4337 0
748 2502 0
748 3452 0
748 618 0
748 2446 0
748 617 0
748 13 0
748 5323 0
748 6050 0
748 1840 0
748 5509 0
748 6218 0
748 2953 0
748 1915 0
749 3126 0
749 4191 0
749 2156 1
749 3320 1
749 6860 1
749 6182 1
749 4242 0
749 2939 1
749 5332 0
749 1644 0
749 4573 0
749 2599 0
749 5403 0
749 2338 1
749 3737 1
749 4502 1
749 3149 0
749 750 0
749 6696 0
749 4646 0
749 2314 0
749 6352 0
749 6567 1
749 6656 1
749 1530 1
749 536 1
749 1891 1
750 689 1
750 1760 0
750 2260 1
750 5588 1
750 4601 1
750 4895 1
750 4600 0
750 3043 1
750 2092 1
750 5592 1
750 1173 1
750 2608 1
750 1756 1
750 6272 1
750 5807 1
750 3758 1
750 6503 1
750 340 1
750 2337 0
750 2110 0
750 697 1
750 4554 1
750 3624 1
750 3793 0
750 361 1
750 4556 1
750 698 1
750 3566 1
750 1909 1
750 6313 1
750 2351 0
750 3332 0
750 435 0
750 4359 0
751 4957 1
751 4951 1
751 5348 0
751 3251 0
751 5411 0
751 3661 1
751 1970 1
751 6368 1
751 71 1
751 5701 1
751 1640 1
751 6938 1
751 3937 1
751 5334 1
751 6940 0
751 1641 1
751 5514 0
751 4402 1
751 1766 0
751 3660 0
751 2159 1
751 318 0
751 5834 0
752 5367 1
752 4250 1
752 6842 1
752 5000 1
752 5172 1
752 6659 1
752 87 1
752 3906 1
752 2743 1
752 4674 0
752 1395 1
752 4166 0
752 4304 0
752 959 1
753 1613 1
753 4404 1
753 57 1
753 1582 0
753 969 1
753 190 1
753 6355 0
753 6825 1
753 4394 1
753 368 0
753 4422 0
754 2030 1
754 2706 1
754 6332 1
754 1616 1
754 1972 1
754 102 1
754 6843 1
754 368 0
754 4422 0
754 6355 0
754 101 1
754 5959 1
755 809 1
755 5291 1
755 6943 1
755 13 1
755 5509 1
755 3525 1
755 1915 1
755 5323 1
755 6050 1
755 1840 1
755 801 1
755 5286 1
755 86 1
755 6939 1
755 5755 1
756 3347 1
756 904 1
756 754 1
756 4118 1
756 5021 1
756 6109 1
756 2616 1
756 3099 1
756 3994 1
756 155 1
756 5366 1
756 5430 1
756 3568 1
756 6625 1
756 1869 1
757 344 1
757 1718 1
757 282 1
757 1404 1
757 5936 0
757 1065 0
757 6585 0
757 2879 1
757 4346 1
757 4132 1
757 6196 1
757 1907 1
758 5514 0
758 4971 1
758 26 1
758 6475 1
758 5557 1
758 3063 1
758 1859 1
758 4300 1
758 1633 1
758 1847 1
758 1837 1
758 6458 0
758 868 0
758 6113 1
758 2588 1
758 1640 1
758 6938 1
758 6510 1
758 5701 1
758 1662 1
759 89 1
759 5765 0
759 2720 0
759 835 0
759 993 0
759 4130 0
759 2730 0
759 2448 0
759 6840 0
759 3582 0
759 6102 0
759 3069 0
760 6885 1
760 5344 0
760 2782 1
760 5696 1
760 6775 0
760 6065 0
760 1701 1
760 2009 1
760 1136 0
760 135 0
760 5578 0
760 3282 1
761 339 1
761 1714 1
761 1610 1
761 4024 1
761 4727 1
761 6369 1
761 197 1
761 2443 0
761 2263 0
761 766 0
761 368 0
762 5768 1
762 3180 1
762 1785 1
762 607 1
762 4014 1
762 3959 1
762 474 1
762 650 0
762 2466 1
762 2854 1
762 2900 1
762 3883 1
763 5335 1
763 5336 1
763 5337 1
763 3566 1
763 1909 1
763 264 0
763 5326 0
763 2419 0
763 3682 1
763 929 1
763 5890 0
763 689 0
763 3996 1
763 1615 1
763 3691 1
764 1463 1
764 6424 1
764 360 1
764 1606 1
764 974 1
764 1682 1
764 3270 1
764 3612 1
764 2095 1
764 2508 1
764 5450 1
764 6635 1
764 5455 1
764 2603 1
764 3816 1
765 4130 0
765 1134 0
765 6219 0
765 5496 0
765 2413 0
765 368 0
765 3651 1
765 4365 1
765 211 1
765 5921 1
765 4678 1
765 3790 1
765 5002 1
765 5023 1
765 2551 0
765 6302 0
765 209 1
766 3134 1
766 631 1
766 4260 1
766 1359 1
766 4598 1
766 3349 1
766 1134 1
766 6219 1
766 4130 1
766 4801 1
767 3183 1
767 1605 1
767 1464 1
767 2207 1
767 5926 1
767 5479 1
767 6730 1
767 5347 1
767 2780 0
767 5545 0
767 1683 0
768 1680 1
768 358 1
768 3139 1
768 4497 1
768 2504 1
768 5228 1
768 3182 1
768 2086 1
768 3633 1
768 2355 1
768 845 1
768 5531 1
769 6412 0
769 6421 0
769 2242 1
769 5297 0
769 2397 1
769 540 1
769 3229 0
769 5324 0
769 6851 0
769 2469 0
769 4760 0
769 1672 0
769 627 0
769 6777 0
769 6406 0
769 2823 0
769 5495 0
769 2351 1
769 5957 1
769 3185 1
769 4623 1
769 3954 1
769 3112 1
769 3320 1
769 629 1
769 5076 1
769 1791 0
769 946 1
770 2062 1
770 6617 1
770 2347 0
770 2033 0
770 2067 1
770 6374 1
770 6488 1
770 3562 1
770 1730 1
770 2345 1
770 5277 1
770 4963 0
770 3976 1
770 2034 0
770 6797 1
770 327 1
770 5580 1
770 6492 1
770 6005 0
771 6519 1
771 417 1
771 6319 1
771 3539 1
771 3290 1
771 4098 1
771 5707 1
771 319 1
771 4976 1
771 4888 1
772 6519 1
772 417 1
772 6319 1
772 3539 1
772 3290 1
772 4098 1
772 5707 1
772 319 1
772 4976 1
772 4888 1
773 4875 1
773 1125 1
773 6548 1
773 4909 1
773 5094 1
773 2547 1
773 1884 1
773 2881 1
773 1159 1
773 1458 1
773 5776 1
774 5250 1
774 1170 1
774 5730 1
774 3146 1
774 1398 1
774 553 1
774 478 1
774 1366 1
774 1649 1
774 5010 1
775 1806 1
775 6944 0
775 2341 0
775 3166 0
775 1362 1
775 2904 1
775 6255 1
775 2825 1
775 5770 1
775 654 1
775 3178 1
775 751 1
775 5986 0
775 753 1
775 13 1
775 2618 1
775 5853 1
775 3525 1
775 5509 1
775 3315 1
775 4377 1
776 1620 1
776 4950 1
776 3141 1
776 2261 1
776 2807 1
776 819 1
776 979 1
776 3324 1
776 6183 0
776 5324 1
776 2491 1
777 5060 1
777 3916 1
777 1072 1
777 2010 1
777 2510 1
777 3666 1
777 3836 1
777 2418 1
777 5734 1
777 6141 1
777 1015 1
777 3621 1
777 5637 1
777 1426 1
777 2891 1
777 3747 1
777 4137 1
777 4720 1
777 2589 1
777 6876 1
777 5051 1
777 2515 1
777 6412 0
777 6421 0
777 2594 1
777 4145 1
777 1527 1
777 5630 1
778 3583 1
778 3739 1
778 4200 0
778 6023 0
778 2284 0
778 3580 0
778 640 1
778 4411 0
778 566 0
778 494 0
778 13 1
778 1840 1
778 5323 1
778 1915 1
778 2502 0
778 6866 1
778 5509 1
779 1446 1
779 106 1
779 965 1
779 1696 1
779 3773 1
779 2008 1
779 3813 1
779 6236 1
779 4958 1
779 6734 1
779 4973 1
779 1101 1
779 6759 1
779 3179 1
779 3128 1
779 5097 1
779 761 1
779 857 1
779 4030 1
779 4617 1
779 6635 1
779 2569 1
779 6284 1
779 5450 1
779 6412 0
779 6421 0
779 5427 1
779 4438 1
779 3436 1
779 302 1
779 934 1
779 3729 1
779 5273 1
779 6535 1
779 1711 1
779 5199 1
779 2603 1
779 1045 1
779 2580 1
779 6294 1
779 1494 1
780 2062 1
780 6617 1
780 2347 0
780 2033 0
780 2067 1
780 6374 1
780 6488 1
780 3562 1
780 1730 1
780 2345 1
780 5277 1
780 4963 0
780 2034 0
780 6797 1
781 3628 0
781 3972 1
781 6426 1
781 2015 0
781 2455 1
781 3135 0
781 5089 0
781 229 0
781 944 0
781 2540 0
781 999 0
781 2016 0
781 822 0
781 808 0
781 3553 0
781 5644 0
781 471 0
781 4983 0
781 2139 1
781 4914 1
781 2253 0
781 3355 1
781 2233 1
781 4525 0
781 6619 0
781 553 0
781 5009 0
781 5011 1
781 4836 0
782 967 1
782 4919 1
782 5556 1
782 5850 0
782 1458 1
782 1460 1
782 3940 1
782 3450 1
782 2950 1
782 3522 1
782 3944 1
782 4910 1
782 3893 1
782 6080 1
783 4976 1
783 6445 1
783 281 1
783 3703 1
783 5365 1
783 764 1
783 2340 1
783 2456 1
783 4888 1
783 3835 1
784 2062 1
784 6617 1
784 2347 1
784 2033 0
784 2067 1
784 6374 1
784 6488 1
784 3562 1
784 1730 1
784 2345 1
784 5277 1
784 4963 0
784 3976 1
784 2034 1
784 6797 1
784 2758 1
785 3763 1
785 5105 1
785 3113 1
785 6848 1
785 5042 1
785 6493 1
785 624 1
785 5341 1
785 5108 1
785 2331 1
786 5470 1
786 3982 1
786 2346 1
786 5904 0
786 6368 0
786 2545 0
786 2353 0
786 2282 0
786 3564 1
786 1181 0
786 6933 1
786 3274 1
786 1933 1
786 2026 1
786 3466 0
787 832 0
787 2353 0
787 3466 0
787 6368 0
787 6409 0
787 2545 0
787 6933 1
787 2265 0
787 3386 0
787 1943 0
787 213 0
787 2347 0
787 1641 0
787 3875 0
788 6933 1
788 2941 1
788 533 0
788 6368 0
788 2545 0
788 2353 0
788 509 0
788 1181 0
788 789 1
788 4219 1
788 5402 1
788 2347 1
789 2322 0
789 2545 0
789 5331 0
789 6581 0
789 6639 1
789 2113 0
789 3333 0
789 5209 0
789 2352 0
789 3737 0
789 5076 0
789 435 0
789 3332 0
789 3847 0
789 661 1
789 2735 0
789 3386 0
790 998 1
790 3791 1
790 6103 1
790 1329 0
790 5084 0
790 4139 1
790 1470 1
790 5996 1
790 3641 1
790 6071 0
790 2771 1
791 2510 1
791 3916 1
791 3666 1
791 6141 1
791 5051 1
791 5060 1
791 1527 1
791 5630 1
791 4960 1
791 5130 1
791 1712 1
791 3441 1
792 5912 0
792 6762 0
792 1619 0
792 6278 0
792 4047 0
792 3694 0
792 6264 0
792 1938 0
792 3774 0
792 3736 1
792 1537 1
792 3224 1
793 3329 1
793 1676 1
793 1482 1
793 2077 1
793 6709 1
793 3177 1
793 5619 1
793 1474 1
793 5911 1
793 940 1
793 55 1
793 56 1
793 6021 1
793 5046 1
793 3778 1
793 3659 0
793 2797 1
793 3569 1
793 4450 0
793 3723 0
793 4967 0
793 6740 0
793 3751 0
793 4973 0
793 3813 0
793 4271 0
793 5456 0
793 5793 0
793 1751 0
793 2961 0
793 1080 0
793 2457 0
793 3359 0
793 4185 0
793 5278 0
793 621 0
793 1360 0
793 5180 0
793 3933 0
793 165 0
793 1745 0
793 5105 0
793 5667 0
793 1962 0
793 5427 0
793 6016 0
793 4301 0
793 671 0
793 5434 0
793 6649 0
794 998 1
794 2253 1
794 5266 1
794 804 1
794 6874 1
794 6060 1
794 6241 1
794 4466 1
794 4309 1
794 6681 1
794 2112 1
794 3316 1
794 976 1
794 446 1
794 1010 1
794 2662 1
794 3754 1
794 4979 1
795 1915 0
795 13 1
795 5323 1
795 6050 1
795 1840 1
795 5509 1
795 3525 1
795 5853 1
795 6866 1
795 4710 1
795 5127 1
795 6774 1
795 1724 1
795 4911 1
796 5643 1
796 6095 1
796 604 1
796 4050 1
796 6156 1
796 2989 1
796 6782 1
796 2825 0
796 4736 0
796 2554 0
796 3997 0
796 1580 0
796 1676 0
796 1066 0
796 4676 0
797 2836 1
797 696 1
797 4553 1
797 6597 1
797 6193 1
797 3468 1
797 4130 1
797 2663 1
797 1134 1
797 6219 1
797 4329 0
797 6503 1
797 3758 1
797 4260 1
797 3134 1
797 631 1
797 3349 1
798 6176 0
798 2824 0
798 5770 0
798 5434 0
798 5501 0
798 2825 0
798 793 0
798 2330 0
798 5442 0
798 794 0
798 790 0
798 5867 0
798 3659 0
798 953 0
798 6244 0
798 1498 0
798 6378 0
798 3199 0
798 3072 0
799 5110 1
799 560 1
799 564 1
799 569 1
799 6562 1
799 1221 0
799 2373 0
799 5521 0
799 509 1
799 5120 0
799 1971 0
799 538 0
800 4416 1
800 1268 1
800 4945 0
800 2791 1
800 3860 1
800 1681 0
800 1740 0
800 5692 0
800 1243 1
800 5427 0
800 3436 0
800 1145 0
800 302 0
800 4438 0
801 5110 0
801 1633 0
801 4300 0
801 6773 0
801 6083 1
801 6331 0
801 6457 0
801 6473 0
801 6885 0
801 700 1
801 5758 1
801 5475 1
802 612 1
802 27 1
802 1122 1
802 1786 1
802 2075 1
802 2654 1
802 4763 1
802 1920 1
802 4259 1
802 894 1
802 6914 1
802 6916 1
802 2984 1
802 2982 1
802 163 1
802 635 1
802 6919 1
802 6907 1
803 2321 1
803 2323 1
803 766 1
803 3556 0
803 6500 0
803 2327 1
803 3608 1
803 4726 0
803 5963 0
803 3232 0
803 3962 0
804 5640 1
804 2548 1
804 656 0
804 1682 0
804 5449 0
804 4768 1
804 1967 1
804 5984 0
804 4959 1
804 113 1
804 2874 1
804 3843 1
804 1379 1
804 3170 1
804 2575 1
804 5553 1
804 4696 1
804 1733 1
804 3412 0
804 498 0
805 3338 0
805 5110 1
805 5648 0
805 5080 0
805 3186 0
805 1397 0
805 1936 0
805 4643 1
805 3744 0
805 4763 0
805 1934 0
805 6460 0
805 6016 0
805 5467 0
805 310 0
805 3009 0
806 4333 1
806 3248 1
806 3808 0
806 6022 0
806 3910 0
806 6409 0
806 3950 0
806 468 0
806 5535 0
806 1644 1
806 4573 1
806 5332 1
806 2599 1
806 5403 1
806 960 1
806 5369 1
806 746 1
806 6928 0
807 6839 1
807 2704 1
807 3932 0
807 6686 1
807 197 1
807 4727 1
807 6369 1
807 3779 1
807 2427 0
807 865 0
807 5990 0
807 6814 0
807 3717 0
807 3805 0
808 98 0
808 4118 0
808 368 0
808 5021 0
808 6109 0
808 1707 0
808 6265 0
808 747 0
808 3248 0
808 6881 0
808 224 0
808 5356 0
808 6788 0
808 2080 0
809 885 0
809 886 0
809 6064 0
809 5249 0
809 4338 0
809 2113 1
809 6492 1
809 6374 1
809 6488 1
809 3562 1
809 2067 1
809 6083 1
809 4159 1
809 6022 1
810 6737 1
810 4047 1
810 419 1
810 6264 1
810 2073 1
810 862 1
810 546 1
810 916 1
810 2251 1
810 1619 1
810 3974 1
810 1938 1
810 2403 1
811 2046 1
811 904 1
811 3347 1
811 6093 1
811 6265 1
811 6109 1
811 2616 1
811 5021 1
811 5356 1
811 4200 0
811 191 1
811 1923 1
811 3248 1
811 4333 1
811 3832 1
811 6624 1
811 224 1
811 3867 1
811 3233 1
812 904 1
812 2616 1
812 3099 1
812 6408 0
812 2076 0
812 2001 1
812 1707 1
812 2599 1
812 6265 1
812 5494 1
813 6282 1
813 3522 1
813 6126 1
813 1587 1
813 6623 1
813 5913 1
813 4919 1
813 579 1
813 6486 1
813 6097 1
813 2270 1
813 4735 1
813 1458 1
813 1159 1
813 5565 1
813 3540 1
813 4472 1
813 5245 1
813 2585 1
813 3435 1
813 2841 1
813 3450 1
813 5670 1
813 3943 1
813 2286 1
813 2578 1
814 3243 1
814 3244 1
814 1358 1
814 1914 1
814 4957 1
814 5963 1
814 6409 1
814 2976 1
814 4136 1
814 4106 1
815 697 1
815 6272 1
815 4359 1
815 3043 1
815 4357 1
815 124 1
815 699 1
815 689 1
815 4600 1
815 1949 1
816 5599 1
816 4078 1
816 1295 1
816 2543 1
816 6404 1
816 988 1
816 865 1
816 4044 1
816 6606 0
816 1568 1
817 3554 1
817 6492 0
817 2371 0
817 6083 0
817 2067 0
817 3562 0
817 6488 0
817 6374 0
817 4159 0
817 3808 0
817 5193 1
817 2964 0
817 4995 0
817 6043 0
817 3782 0
817 2731 1
817 2387 0
817 1738 0
817 3607 1
818 1259 1
818 5083 1
818 1028 1
818 1483 1
818 4974 1
818 1026 1
818 4174 1
818 2858 1
818 4908 1
818 6317 1
818 942 1
818 2150 1
818 4676 1
818 738 1
818 1257 1
818 1285 1
818 5061 1
818 6805 1
818 2857 1
818 5415 1
818 4844 1
818 3360 1
818 4952 1
818 5368 0
818 3449 1
818 3297 1
818 1646 1
818 6811 1
818 6320 1
819 2622 0
819 4813 1
819 3171 0
819 3360 0
819 3394 1
819 3544 0
819 6026 0
819 3245 0
819 5367 0
819 4686 0
819 3396 0
819 3031 1
819 5065 0
820 2607 0
820 6765 0
820 1685 0
820 6035 1
820 3710 0
820 5713 1
820 5501 0
820 5867 0
820 808 0
820 5629 0
820 4930 0
820 2951 0
820 5519 1
820 6757 1
820 5122 1
820 4428 0
820 696 1
820 2128 0
820 654 0
820 4282 0
820 1686 0
820 3718 0
820 2377 0
820 5077 0
820 1528 0
820 2801 0
820 6926 0
820 2670 0
820 5889 0
820 4441 1
820 2907 0
820 5291 0
820 809 0
820 2695 0
820 2687 0
820 2574 0
820 4305 0
820 1638 0
820 433 0
820 2618 0
820 5114 0
820 5390 0
820 3784 0
820 5509 0
820 3525 0
820 4377 0
820 3315 0
820 13 0
821 5348 1
821 3251 0
821 5411 0
821 4957 1
821 4951 1
821 3661 1
821 1970 1
821 6368 1
821 71 1
821 5701 1
821 1640 1
821 6938 1
821 3937 1
821 6940 0
821 1641 1
821 2264 0
821 4189 0
821 662 0
821 5514 0
821 2337 0
821 1962 0
821 4073 0
821 5074 0
821 4402 0
821 1766 0
821 4946 0
822 5356 1
822 5675 0
822 6450 0
822 4990 0
822 5384 1
822 742 1
822 654 1
822 782 0
822 5850 0
822 1915 0
822 3363 0
822 1660 0
822 967 0
822 5084 0
822 436 0
822 6438 0
822 1075 0
822 4000 0
822 2950 1
822 4910 0
822 3364 0
822 3940 0
822 2924 0
823 2321 1
823 4558 1
823 366 1
823 3611 1
823 4559 1
823 2323 1
823 762 1
823 1480 1
823 1717 0
823 2328 0
823 3608 1
823 342 1
823 3609 1
823 2326 0
823 1088 1
823 1085 1
823 1790 0
823 367 1
823 5158 1
823 98 1
824 2430 1
824 2227 0
824 4690 1
824 1949 1
824 2419 1
824 861 0
824 834 0
824 2161 0
824 5141 1
824 3149 0
824 6171 0
824 5864 0
824 3102 0
824 1573 0
824 5359 0
824 993 0
824 6524 0
824 1261 0
824 854 0
824 3793 0
824 1161 0
824 5030 0
825 6167 0
825 1173 0
825 6009 0
825 566 0
825 3497 0
825 4892 0
825 2243 0
825 5939 0
825 4527 0
825 2609 0
825 372 0
825 381 1
825 2437 0
825 2449 0
825 6930 0
825 3484 0
825 5766 0
825 1792 0
825 2426 0
825 6094 0
825 1003 0
825 5819 0
825 6262 0
826 366 1
826 2321 1
826 4558 1
826 3611 1
826 4559 1
826 2323 1
826 367 0
826 5154 1
826 99 1
826 3609 1
826 1717 1
826 3608 1
826 2328 1
826 342 1
826 2327 1
827 697 1
827 3624 1
827 4554 1
827 4555 1
827 361 1
827 698 1
827 4556 1
827 4557 1
827 3566 1
827 1909 1
827 6313 1
827 608 1
827 4543 1
827 3567 1
827 3493 1
827 6272 1
827 1173 1
827 1756 1
827 2608 1
828 2622 0
828 4813 1
828 3171 0
828 3360 0
828 3394 1
828 3544 0
828 6026 0
828 3245 0
828 5367 0
828 4686 0
828 3396 0
828 3031 1
828 5065 0
829 3035 0
829 3766 1
829 6506 0
829 4724 0
829 6282 0
829 5897 0
829 3044 0
829 284 0
829 6192 0
829 3522 0
829 5756 0
829 2451 1
830 5954 0
830 2447 0
830 2375 0
830 5467 0
830 3009 0
830 2437 0
830 6076 0
830 5120 0
830 835 0
830 2337 0
830 3648 0
830 1735 0
830 6467 0
830 3758 0
830 3033 0
830 3373 0
830 926 0
830 2374 0
831 5319 1
831 995 1
831 2458 1
831 1633 0
831 375 1
831 6549 0
831 5066 1
831 2487 0
831 2473 1
831 3141 1
831 5039 1
831 4755 1
831 2266 0
831 506 1
832 1732 0
832 5055 0
832 2297 1
832 4957 0
832 1381 0
832 809 0
832 6927 0
832 2046 0
832 109 0
832 5286 1
832 4604 0
832 4961 0
832 899 0
833 6927 0
833 2766 1
833 5431 1
833 4484 1
833 5184 1
833 5880 1
833 5789 1
833 5878 1
833 1859 0
833 899 1
833 1858 1
833 639 1
834 1320 0
834 1934 0
834 5860 1
834 3375 1
834 2218 1
834 2128 0
834 556 0
834 2227 0
834 1804 0
834 4930 0
835 1342 1
835 6902 1
835 1892 1
835 6901 1
835 2717 0
835 2391 1
835 3510 1
835 222 1
835 119 1
835 5399 1
835 353 1
835 2475 1
835 1383 1
835 1271 0
836 809 1
836 6943 1
836 3467 1
836 5291 1
836 6637 1
836 2695 1
836 3162 1
836 5723 1
836 1720 0
836 1573 0
836 1393 0
837 2333 1
837 1687 1
837 1161 1
837 809 0
837 6943 0
837 5291 0
837 6637 0
837 3467 0
837 2695 0
837 3162 0
837 5723 0
837 2950 1
837 2801 1
837 6926 1
837 2670 1
838 6734 1
838 767 1
838 1696 1
838 3773 1
838 2008 1
838 3813 1
838 809 0
838 6943 0
838 5291 0
838 6637 0
838 3467 0
838 2695 0
838 3162 0
838 5723 0
838 2846 1
838 1720 0
839 5852 0
839 1888 0
839 2394 0
839 40 0
839 1126 0
839 6609 0
839 3537 0
839 4009 0
839 193 0
839 2515 0
839 3820 0
839 3469 1
840 6851 0
840 3229 0
840 5324 0
840 2469 0
840 4760 0
840 627 0
840 6777 0
840 603 0
840 3858 0
840 1672 0
840 3503 1
840 4026 1
840 98 1
840 1088 1
840 99 1
840 5154 1
840 1085 1
841 4376 0
841 4200 0
841 1752 0
841 3592 0
841 3583 0
841 4411 0
841 2969 0
841 215 0
841 3580 0
841 4337 0
841 6359 0
841 2502 0
842 3793 0
842 6678 1
842 211 1
842 4365 1
842 3861 1
842 3651 1
842 861 0
842 834 0
842 2161 0
842 1408 1
842 3149 0
842 5921 1
842 5002 1
842 4678 1
843 436 0
843 967 1
843 3940 1
843 3450 1
843 4919 1
843 579 1
843 4486 1
843 6097 1
843 6486 1
843 1460 0
843 1458 1
843 1159 1
843 5565 1
843 5406 1
843 3540 1
843 4472 1
843 5245 1
843 2585 1
843 3145 1
843 2950 0
843 5675 0
843 3268 0
843 3136 0
843 5776 0
843 3522 1
843 3044 1
843 3944 0
843 4910 0
843 1687 0
843 1466 0
843 3499 0
843 5556 0
843 2191 0
843 3893 0
843 1440 0
844 368 0
844 3229 0
844 4760 0
844 6777 0
844 627 0
844 6851 0
844 5324 0
844 2469 0
844 603 0
844 3858 0
844 1672 0
844 5039 0
844 3648 0
844 6861 0
845 3229 1
845 5324 1
845 6851 1
845 2469 1
845 4760 1
845 1672 1
845 3858 1
845 603 1
845 627 1
845 6777 1
845 6183 1
845 6669 1
845 6563 1
845 3324 1
845 2458 1
845 3141 1
845 6667 1
845 1699 1
845 2261 1
845 6221 1
845 506 1
845 2445 1
845 2861 1
845 5030 1
845 4758 1
845 2646 1
845 4457 1
845 3755 1
845 6722 1
845 2473 1
845 3214 1
845 6406 0
845 2823 0
845 434 0
845 5066 0
845 5495 0
845 3422 0
845 4950 0
845 5941 0
845 1620 0
845 4759 0
845 6594 0
845 6664 0
845 5039 1
845 2487 0
845 2266 0
845 2495 0
846 368 0
846 4422 0
846 2092 1
846 3793 1
846 6678 1
846 2263 0
846 6355 0
846 5496 1
846 5141 1
846 2443 0
846 2323 0
846 6369 0
846 4727 0
846 197 0
847 697 1
847 3624 1
847 4554 1
847 4555 1
847 361 1
847 698 1
847 4556 1
847 4557 1
847 3566 1
847 3493 1
847 6272 1
847 1756 1
847 2608 1
847 4357 1
847 124 1
848 6582 1
848 3361 1
848 838 0
848 3165 0
848 4251 0
848 574 0
848 6638 0
848 6897 1
848 6086 0
848 2910 0
848 298 0
848 5923 0
848 3646 0
849 4333 1
849 3248 1
849 4000 1
849 6790 0
849 6370 0
849 5819 0
849 1003 0
849 1915 1
849 6640 0
849 13 1
849 1840 1
849 5323 1
849 6050 1
849 6866 1
849 5509 1
849 5853 1
849 3525 1
849 4710 1
849 1260 1
850 2338 0
850 4116 0
850 5409 0
850 1604 0
850 4600 0
850 4601 0
850 4895 0
850 719 1
850 529 0
850 6543 0
850 5570 0
851 665 0
851 1173 1
851 2608 1
851 6272 1
851 541 0
851 1417 1
851 4600 0
851 5385 0
851 697 1
851 3624 1
852 696 1
852 4553 1
852 6503 1
852 3758 1
852 2836 1
852 6193 1
852 6597 1
852 3468 1
852 4130 1
852 1134 1
852 2663 1
852 6219 1
853 5228 0
853 3182 1
853 1680 1
853 3560 1
853 358 1
853 3139 1
853 4497 1
853 4011 1
853 2504 1
853 1460 1
853 2239 0
853 1235 1
853 6212 1
854 2120 0
854 2153 0
854 1754 0
854 4084 1
854 5515 0
854 3144 0
854 2339 0
854 3178 0
854 23 1
854 1998 0
854 963 0
854 706 0
854 5117 0
854 6804 0
854 6929 0
855 2052 1
855 1267 0
855 348 0
855 2051 0
855 2057 0
855 3819 1
855 6816 1
855 2279 1
855 6842 0
855 4250 0
855 5767 0
856 5705 0
856 1454 0
856 2461 0
856 3762 0
856 3569 1
856 661 0
856 5884 0
856 4693 0
856 5001 0
856 5405 0
856 439 0
857 5151 1
857 5131 1
857 2295 1
857 6138 1
857 594 0
857 5051 0
857 4272 0
857 3647 0
857 6876 0
857 2760 0
857 432 0
857 3666 0
857 5387 0
857 3836 0
858 2652 1
858 4138 1
858 3987 1
858 911 1
858 4390 1
858 6049 1
858 1164 1
858 1827 1
858 1323 0
858 6290 0
858 1531 0
858 6701 0
858 6678 0
858 4259 0
858 3518 0
858 4364 0
858 1920 0
859 4185 1
859 2291 0
859 785 1
859 5514 1
859 3329 0
859 1676 0
859 1482 0
859 2919 1
859 1633 1
859 1630 1
859 1849 1
859 4941 0
860 3573 1
860 3575 1
860 3577 1
860 3576 1
860 5876 1
860 4206 1
860 1664 0
860 5297 0
860 823 1
860 3501 0
860 5129 0
861 6417 0
861 6442 0
861 3787 0
861 6421 0
861 1732 0
861 2297 1
861 5026 1
861 6428 0
861 4961 0
861 3438 0
861 2002 0
861 1775 0
861 6754 0
861 5153 0
861 5238 0
861 6125 0
862 764 1
862 2921 1
862 277 1
862 4720 1
862 6901 0
862 1185 0
862 1915 1
862 13 1
862 1840 1
862 5323 1
862 6050 1
862 5853 1
862 809 1
862 2306 0
863 697 1
863 3624 1
863 4554 1
863 4555 1
863 698 1
863 361 1
863 1909 1
863 5588 1
863 4600 1
863 699 1
863 124 1
863 4357 1
863 3043 1
864 650 1
864 5694 1
864 5488 0
864 2468 0
864 3649 1
864 1785 1
864 607 1
864 3180 1
864 5768 1
864 3959 1
864 4014 1
864 2466 1
864 1149 1
864 2388 1
864 2056 1
865 6183 1
865 3324 1
865 6669 1
865 6563 1
865 1882 1
865 2473 1
865 6076 1
865 6428 1
865 6422 0
865 3141 1
865 6667 1
865 1699 1
865 2261 1
865 6221 1
865 1988 0
865 3215 1
865 4950 0
865 6406 0
865 2823 0
865 3422 0
865 5941 0
865 3365 0
865 434 0
865 5495 0
865 5066 0
865 5946 0
866 2505 1
866 745 1
866 6243 1
866 1501 1
866 4465 1
866 2813 1
866 4467 1
866 5342 1
866 139 1
866 4082 1
866 5736 1
866 998 1
866 3643 0
866 6844 1
866 2671 1
866 6846 1
866 4873 1
867 3289 1
867 2503 1
867 5322 1
867 2279 0
867 5475 1
867 1573 0
867 690 0
867 6603 0
867 1135 0
867 4943 0
867 190 1
867 1752 1
867 6688 0
867 1571 0
867 3766 1
868 1280 1
868 3768 0
868 1961 0
868 4478 1
868 3047 1
868 4054 1
868 1512 1
868 5086 1
868 1611 1
868 1282 0
868 194 1
868 1064 1
868 1574 1
868 6395 0
869 6142 0
869 3589 0
869 1374 0
869 5744 0
869 2843 0
869 2119 0
869 992 0
869 2837 0
869 3066 0
869 4965 0
869 2583 0
869 2767 0
869 6739 0
869 1081 0
869 2291 1
869 6515 1
869 6114 1
869 4617 0
869 1696 0
869 3773 0
869 2008 0
869 4958 0
869 6236 0
869 6734 0
869 6134 0
869 3179 0
869 5450 0
869 6880 0
869 5097 0
869 3378 0
869 583 0
869 749 0
869 5062 0
869 5840 0
869 5427 0
869 3436 0
869 302 0
869 109 1
869 5273 0
869 2603 0
869 4849 0
869 6571 0
869 6740 0
869 6696 0
869 750 0
869 3816 0
869 2294 1
869 965 0
869 106 0
869 670 0
870 6395 1
870 1064 1
870 3047 1
870 3854 1
870 2206 0
870 1606 0
870 2095 0
870 2508 0
870 360 0
870 974 0
870 5984 0
870 4768 0
870 5708 0
870 388 0
870 2901 0
870 4229 0
870 4602 0
870 1237 0
870 136 1
871 4924 1
871 6756 1
871 4114 1
871 3564 1
871 4963 0
871 5613 0
871 2347 0
871 2897 0
871 3443 1
871 6931 1
872 4333 1
872 3248 1
872 1644 0
872 5332 0
872 4573 0
872 960 0
872 5403 0
872 2599 0
872 5369 0
872 6736 0
872 746 0
873 2372 1
873 1194 1
873 2886 1
873 4640 0
873 6867 1
873 3678 0
873 6383 1
873 5441 1
873 1838 1
873 5869 0
873 638 1
874 279 1
874 5675 1
874 2673 1
874 6067 1
874 1543 1
874 6724 1
874 1687 1
874 1161 1
874 2595 1
874 1458 1
874 4472 1
874 4909 0
874 6548 0
874 4663 1
875 471 1
875 2139 1
875 5644 1
875 5053 1
875 317 1
875 1039 1
875 5247 1
875 4640 0
875 4496 1
875 824 1
875 3738 1
876 889 1
876 5367 1
876 884 1
876 1960 1
876 3642 1
876 5006 1
876 4319 1
876 2943 1
876 3245 1
876 2339 1
877 2321 1
877 2323 0
877 4558 1
877 366 1
877 3611 1
877 4559 0
877 1085 1
877 762 0
877 1480 0
877 1088 1
877 1790 0
877 98 1
877 2327 1
877 2328 0
877 1717 0
877 3608 1
877 342 1
877 3609 1
878 2263 1
878 1714 1
878 1610 1
878 4024 1
878 2836 1
878 368 0
878 696 1
878 4553 1
878 6193 1
878 6597 0
878 3468 0
878 4130 1
878 1134 1
878 2663 1
878 6219 0
878 4329 0
879 3861 1
879 3221 0
879 211 0
879 4365 0
879 3651 1
879 5921 1
879 4678 1
879 3790 1
879 5023 1
879 3965 1
879 5002 1
879 3757 0
880 5850 1
880 3359 0
880 2374 1
880 2041 1
880 6550 1
880 6503 1
880 4320 1
880 6779 1
880 6781 0
880 5982 1
881 98 1
881 1790 1
881 2321 1
881 762 0
881 1480 0
881 224 1
881 155 0
881 5430 0
881 3568 0
881 6625 0
881 1869 0
881 5205 1
881 3314 0
882 6483 1
882 4393 1
882 3682 1
882 4127 1
882 5335 1
882 1615 1
882 953 1
882 1509 1
882 956 1
882 5529 1
882 1708 0
882 2021 1
883 967 0
883 3940 1
883 3450 1
883 4919 0
883 579 0
883 4486 0
883 6097 0
883 6486 0
883 1460 0
883 1458 1
883 1159 1
883 5565 1
883 5406 1
883 3540 1
883 4472 1
883 5245 1
883 2585 1
883 3145 1
883 2950 0
884 6721 0
884 1612 1
884 3122 1
884 6243 1
884 5148 0
884 3426 1
884 4939 1
884 5682 1
884 2107 1
884 3269 1
884 5499 0
884 6846 0
884 863 1
884 4912 1
884 1666 1
884 5304 1
885 2691 0
885 999 1
885 850 1
885 1646 1
885 6811 0
885 3297 0
885 4948 1
885 1259 0
885 5083 1
885 1028 1
885 3444 0
885 1483 1
885 3434 0
885 3884 1
886 6251 1
886 852 1
886 1205 1
886 342 0
886 835 0
886 3570 0
886 5765 0
886 783 0
886 3631 0
886 4068 0
886 5481 0
886 2816 1
886 4626 0
887 1937 1
887 4019 1
887 2430 0
887 685 1
887 6356 0
887 2455 0
887 3517 1
887 5439 0
887 264 0
887 3303 0
887 2021 0
887 101 0
888 3263 0
888 1715 1
888 3503 1
888 5148 0
888 3149 0
888 2321 0
888 4558 1
888 2323 0
888 366 1
888 1088 0
888 1085 1
888 3608 0
888 1717 0
888 2328 0
888 342 1
888 1584 0
888 1716 1
889 3646 0
889 1986 1
889 3189 1
889 6180 1
889 530 1
889 6202 1
889 531 1
889 352 1
889 1975 1
889 5737 1
890 4441 1
890 5519 1
890 2607 0
890 3001 1
890 1839 1
890 3206 0
890 4478 1
890 5346 1
890 1157 1
890 5077 1
890 418 1
891 1248 1
891 2611 0
891 6285 0
891 2247 1
891 4946 1
891 6003 0
891 531 0
891 3055 0
891 1403 0
891 6397 0
892 4069 0
892 6157 0
892 1036 0
892 2838 0
892 5043 0
892 5421 0
892 6028 0
892 5108 0
892 6017 0
892 201 1
892 1952 0
893 2895 1
893 4963 0
893 5159 1
893 5160 1
893 5161 1
893 5597 1
893 5293 1
893 3581 0
893 6507 0
893 6314 1
893 2897 1
893 2347 0
893 5613 0
893 5593 1
893 5583 1
893 6495 1
893 5586 1
893 1851 1
893 3443 1
893 569 1
893 6931 1
893 4154 1
893 3564 1
893 6756 1
893 1738 0
893 4995 0
893 6047 0
893 6933 1
893 3524 0
893 5896 0
893 2215 0
893 4770 1
893 1730 1
893 4793 0
893 3034 0
893 2040 0
893 5257 0
893 2225 0
893 1320 0
893 6405 1
893 6165 1
893 6505 1
893 2349 1
893 788 1
893 5275 1
893 3999 0
893 3502 0
893 2337 0
893 3672 0
893 6171 0
894 1730 1
894 2345 1
894 4892 1
894 5613 0
894 4963 0
894 182 0
894 2347 0
894 2033 1
894 2034 1
894 6797 1
894 2758 1
894 5717 1
894 6931 1
894 3271 1
894 3875 1
894 6301 1
894 3443 1
894 6005 0
894 6507 0
894 2061 1
894 5638 1
894 380 1
894 6288 1
894 4924 1
894 5693 1
894 3428 1
894 4307 1
894 6292 1
895 889 1
895 884 1
895 5367 1
895 1960 1
895 3642 0
895 5006 1
895 5459 0
895 4319 0
895 6298 0
895 3857 0
895 5132 0
895 5855 0
895 4766 0
895 4899 0
896 889 1
896 884 1
896 5367 1
896 1960 1
896 3642 0
896 5006 1
896 5459 0
896 4319 0
896 6298 0
896 3857 0
896 5132 0
896 5855 0
896 4766 0
896 4899 0
897 1738 1
897 4292 1
897 4995 1
897 6047 1
897 3524 1
897 5896 1
897 2215 1
897 1320 0
897 2225 1
897 2040 1
897 3034 1
897 4793 1
897 5257 1
897 1731 1
897 6896 1
897 6165 1
897 6405 1
897 3465 1
897 6505 1
897 2349 1
897 2787 1
897 3502 1
897 3999 1
897 2337 1
897 6171 1
897 3672 1
897 1947 1
897 4451 1
897 6322 1
897 5325 1
897 5616 1
897 6517 1
897 885 0
897 2218 1
897 5860 1
897 6444 0
897 3375 1
897 6473 1
897 2783 1
897 6407 1
897 3775 0
897 3782 1
897 2778 1
897 3982 1
897 5514 1
897 5927 1
897 6069 1
897 4159 1
897 6083 1
897 5148 0
898 2062 1
898 6617 1
898 2347 1
898 2033 1
898 2067 1
898 1730 1
898 5277 1
898 4963 0
898 2034 1
898 6797 1
898 327 1
899 2156 1
899 3126 0
899 4191 0
899 4242 0
899 3320 1
899 6860 1
899 6182 1
899 2939 1
899 1644 0
899 4573 0
899 5332 0
899 2599 0
899 5403 0
899 2338 1
899 3737 1
899 4502 1
899 3149 0
899 6696 0
899 750 0
899 6352 0
899 2314 0
899 4646 0
899 6567 1
899 6656 1
899 1530 1
899 536 1
899 1891 1
899 861 0
899 3778 0
899 6090 0
899 3658 0
899 3660 0
899 2047 0
899 3659 0
899 4842 0
899 1613 0
899 6825 0
899 3391 0
899 5279 0
899 5348 0
899 3455 0
899 3808 0
899 3910 0
899 5738 0
899 4193 0
899 6928 0
899 6409 0
899 3386 1
899 1215 0
899 3950 0
900 157 1
900 2033 1
900 2632 1
900 2034 1
900 3982 1
900 5257 1
900 5616 0
900 4641 0
900 1181 1
900 6292 1
900 1933 1
901 1752 1
901 6816 1
901 5742 1
901 6685 1
901 1675 1
901 2709 1
901 3610 1
901 879 1
901 1751 1
901 4195 0
901 1819 0
902 3491 1
902 3497 1
902 952 0
902 6879 0
902 3494 1
902 1151 0
902 2423 0
902 1702 0
902 368 0
902 6364 0
902 4196 1
902 1701 0
902 4422 0
902 663 1
902 6482 1
902 6355 0
902 2437 0
903 5965 1
903 4166 0
903 104 1
903 1337 1
903 777 1
903 3812 1
903 6580 1
903 3715 1
903 2676 1
903 2815 1
903 284 1
903 3522 1
903 5456 1
903 2042 1
903 25 1
903 6638 1
903 6773 1
903 204 0
903 6505 1
903 6767 1
903 6086 1
903 2910 0
903 3646 0
903 1746 1
903 6508 0
903 6179 1
903 6444 0
903 4251 1
903 579 1
903 4486 1
903 6097 1
903 6486 1
903 4249 1
903 6456 1
903 3778 1
903 3658 1
903 6090 1
903 2961 0
903 145 0
903 6588 1
903 3343 1
903 3766 1
903 6506 0
903 1934 0
903 2061 1
903 3804 1
903 1745 1
903 972 1
904 4200 0
904 3043 0
904 3583 1
904 4256 0
904 3511 1
904 3580 1
904 2446 0
904 3592 1
904 2953 0
904 4411 1
904 2969 0
904 4337 0
904 2502 0
904 6218 0
905 5910 1
905 5883 0
905 5891 1
905 6409 1
905 5536 0
905 6299 1
905 5662 0
905 6493 1
905 5105 1
905 624 1
905 5952 1
906 6940 1
906 2310 1
906 3737 1
906 5899 1
906 6885 1
906 4957 1
906 2373 1
906 4853 1
906 3734 1
906 435 1
906 3332 1
907 2062 1
907 6617 1
907 2347 0
907 1730 1
907 2345 0
907 4963 0
907 5613 1
907 2033 1
907 5277 1
907 538 0
908 2023 1
908 5792 1
908 4504 1
908 4650 1
908 6321 1
908 2608 1
908 1173 1
908 5112 1
908 71 1
908 5701 1
909 3610 1
909 1573 1
909 1267 1
909 4998 1
909 2050 0
909 2499 1
909 3005 0
909 1752 1
909 1083 0
909 1834 0
909 6304 0
910 1974 1
910 3232 1
910 6052 1
910 5963 1
910 1991 1
910 620 1
910 813 1
910 5950 1
910 2665 1
910 6873 1
911 1169 1
911 2549 1
911 5741 1
911 6632 1
911 6392 1
911 4062 1
911 197 1
911 4727 1
911 6369 1
911 5141 1
912 2606 1
912 5831 1
912 1957 0
912 6251 1
912 852 1
912 3570 1
912 1205 1
912 3047 1
912 5481 0
912 4626 1
913 2337 0
913 4130 1
913 2352 0
913 2845 1
913 2397 0
913 6251 0
913 2532 0
913 4600 1
913 4601 1
913 4895 1
914 4930 1
914 2337 0
914 2040 1
914 1731 1
914 3466 1
914 1821 1
914 5257 1
914 6434 0
914 3008 1
914 4819 0
914 4548 1
914 6458 1
914 6253 0
914 5514 1
914 6401 0
914 4641 0
914 5616 0
914 59 1
914 6199 0
914 5927 0
914 4129 0
914 2786 0
914 6473 0
914 6457 0
914 3006 1
914 6238 0
914 5318 1
914 3484 0
914 4290 0
914 5667 1
914 2225 1
914 2349 0
914 5110 0
914 6231 1
914 2890 1
914 3672 1
914 2346 1
914 5974 0
914 5327 1
914 244 0
914 1934 0
914 2961 0
914 6546 0
914 3389 0
914 5121 1
914 4763 0
914 2347 0
914 1738 0
914 6407 0
914 555 0
915 336 1
915 4325 1
915 1926 1
915 4333 1
915 4901 1
915 2377 1
915 3098 0
915 5755 1
915 5286 1
915 3676 0
915 4306 1
916 1752 1
916 6928 1
916 282 0
916 1910 0
916 1754 1
916 3142 1
916 5277 1
916 4442 0
916 323 0
916 4715 1
916 4674 0
916 4270 0
916 765 0
916 1186 0
916 752 1
916 6816 1
916 21 1
916 652 1
916 4821 0
916 4787 1
916 809 0
916 6943 0
916 3467 0
916 5291 0
916 6637 0
916 2695 0
916 3162 0
916 5723 0
916 3156 1
916 1720 0
916 1573 1
916 1393 0
916 2930 0
916 1395 0
916 2333 0
916 987 0
916 6734 0
916 6195 0
916 5750 0
916 6656 0
916 6567 0
916 1530 0
916 5542 0
916 5111 1
916 5512 1
916 5117 1
916 6804 1
916 706 1
916 2611 0
916 5474 0
917 1127 1
917 3074 1
917 3956 1
917 611 1
917 6194 1
917 1817 1
917 6415 1
917 3107 1
917 3018 1
917 4872 1
917 1201 1
917 2277 1
917 4990 1
917 5882 0
917 1204 1
917 2916 1
917 3552 0
917 1820 0
917 4693 0
917 1672 0
917 6171 0
917 1077 0
917 3187 0
917 1804 1
917 4654 1
917 1059 1
917 1462 1
917 2276 1
918 3940 1
918 967 1
918 3450 1
918 4919 1
918 4486 0
918 6097 0
918 6486 1
918 4616 1
918 279 1
918 3100 1
918 2950 1
918 5675 0
918 3136 1
919 1169 1
919 2549 1
919 5741 1
919 6632 1
919 6392 1
919 4062 1
919 197 1
919 4727 1
919 6369 1
919 5141 1
920 5564 0
920 3052 0
920 3484 0
920 4290 0
920 2435 1
920 4572 0
920 3958 0
920 172 1
920 6868 1
920 5430 0
920 155 0
920 3949 1
920 2941 1
920 167 1
920 6191 1
921 327 0
921 1000 1
921 3563 0
921 2920 0
921 1539 1
921 670 1
921 516 1
921 517 1
921 225 0
921 2358 1
921 3595 1
921 6496 1
922 607 1
922 3180 1
922 5768 1
922 3959 1
922 1785 1
922 4014 1
922 2466 1
922 1149 0
922 474 0
922 650 0
922 2056 1
922 2388 1
922 5321 1
922 6330 1
922 522 1
922 2474 1
922 3594 1
922 6499 1
922 3267 1
922 2384 1
922 418 1
922 2481 1
922 351 1
922 1904 1
922 2383 1
922 2472 1
922 6661 1
922 2036 1
922 527 1
922 5772 1
922 2386 1
922 4021 1
922 973 1
922 5488 0
922 5694 0
922 2485 0
922 352 0
922 2385 0
922 2468 1
922 2359 1
922 2358 1
922 2677 1
922 1671 1
922 5290 1
922 574 1
922 304 1
922 2149 1
922 604 1
922 1844 0
922 3165 0
923 2032 1
923 6069 1
923 5514 0
923 6355 0
923 1738 0
923 4292 0
923 4995 0
923 6407 0
923 2783 0
923 6047 0
923 1320 0
923 2225 0
923 6165 0
923 6405 0
923 2215 0
923 5896 0
923 3524 0
923 2717 1
923 6642 0
923 3466 0
923 2040 0
923 3034 0
923 4793 0
923 5257 0
923 1731 0
923 6896 0
923 3498 1
923 556 0
923 6505 0
923 2349 0
923 2787 0
923 3502 1
923 3999 0
923 2337 0
923 424 1
923 6171 0
923 3672 1
923 1947 0
923 4451 0
923 6322 0
923 5325 0
923 5616 0
923 6517 0
923 6057 0
923 885 1
923 2218 0
923 5860 0
923 6444 0
923 6473 0
924 2263 1
924 3758 1
924 6503 1
924 339 1
924 3764 1
924 368 0
924 3134 1
924 631 1
924 2872 1
924 4598 1
924 1359 1
924 3349 1
924 3468 1
924 1134 1
924 6597 1
924 6193 1
924 2663 1
924 6219 1
924 366 1
924 2321 1
924 4558 1
924 3611 1
924 2323 1
924 4559 1
924 766 1
924 340 1
924 367 1
924 5154 1
924 3503 1
924 1481 1
924 99 1
924 5085 1
924 4801 1
924 3088 1
924 3609 1
924 2328 1
924 2836 1
924 4560 1
924 1085 1
924 4553 0
924 696 0
924 3489 1
924 1716 1
924 3892 1
924 5158 1
924 3767 1
924 679 1
924 1744 1
925 6603 1
925 2116 1
925 4043 0
925 4073 1
925 1743 0
925 4352 1
925 2338 1
925 2960 1
925 1676 1
925 3329 1
925 6400 0
925 2829 1
925 3869 0
926 3463 1
926 6247 1
926 5048 1
926 1329 1
926 1612 1
926 3643 0
926 998 0
926 4082 1
926 139 1
926 5971 1
926 1501 1
926 4465 1
926 2813 1
926 745 1
926 6243 1
927 1718 1
927 3649 0
927 475 0
927 650 0
927 1149 0
927 4052 1
927 5954 0
927 1065 1
927 1074 0
927 3628 0
927 5766 1
927 4395 1
927 4217 1
927 5687 0
927 3653 0
927 3771 0
927 4630 0
927 1675 0
927 3210 0
927 748 0
927 2315 0
927 6172 0
927 973 0
928 2636 1
928 1776 1
928 3671 1
928 2201 1
928 3341 1
928 6131 1
928 2217 1
928 4621 1
928 5773 1
928 3218 1
928 4253 1
928 4963 1
928 2110 1
928 1981 1
928 3340 1
928 182 1
928 72 1
928 2166 1
928 1957 1
928 6329 1
928 2645 1
928 3721 1
928 6458 1
928 4342 1
928 5120 1
928 5652 1
928 316 1
928 3529 1
928 1987 1
928 6147 1
928 6209 1
928 1090 1
929 2825 1
929 5770 1
929 5501 1
929 6255 1
929 5986 1
929 6714 1
929 1612 1
929 1440 1
929 4396 1
929 1498 1
929 2830 1
929 4293 0
929 790 0
929 794 0
929 5291 1
929 809 1
929 13 1
929 3525 1
929 5853 1
929 5509 1
929 5430 1
929 155 1
929 3206 1
929 6117 1
929 811 1
929 2607 0
929 6580 1
929 3715 1
929 904 1
929 3347 1
929 658 1
929 246 1
929 210 1
929 657 1
929 3018 1
929 2279 0
929 4465 1
929 2813 1
929 5093 1
929 3377 1
929 772 1
929 3552 1
929 6087 1
929 3707 1
929 6408 0
929 3009 1
929 5467 1
929 3326 1
929 4441 1
929 452 1
930 2374 0
930 6272 1
930 1756 1
930 1173 1
930 3758 1
930 6503 1
930 4601 1
930 4600 1
930 4895 1
930 919 1
930 5765 0
930 783 0
930 3570 0
930 5850 1
930 25 1
930 5176 0
930 2842 1
930 3037 1
931 4202 0
931 3506 0
931 3615 0
931 5309 0
931 4081 0
931 4337 0
931 4340 0
931 1752 0
931 1083 0
931 1910 0
931 2160 0
931 3924 0
931 5117 0
931 3837 0
931 867 0
931 1622 1
932 366 1
932 2321 1
932 4558 1
932 3611 1
932 4559 1
932 2323 1
932 367 0
932 5154 1
932 99 1
932 3609 1
932 1717 1
932 3608 1
932 2328 1
932 342 1
932 2327 1
932 4560 1
932 4562 1
932 2263 0
932 1085 1
932 3764 1
932 339 1
932 1716 1
932 5158 1
932 6503 0
932 3758 0
932 3767 1
932 5785 1
932 1480 1
932 762 1
932 6437 1
932 766 1
932 1584 1
932 3503 1
932 1088 1
932 6650 1
932 1715 1
932 98 1
932 853 1
932 6444 0
932 2923 0
932 6708 1
932 6684 0
932 6438 0
932 368 0
932 5571 0
932 5575 0
932 1361 0
932 6721 1
932 2087 0
932 865 0
933 2270 1
933 4735 1
933 5913 1
933 6282 1
933 967 1
933 6126 0
933 5670 1
933 2950 1
933 5654 1
933 2881 1
933 279 1
933 2269 1
933 1660 0
933 5882 0
934 5521 1
934 5327 1
934 3776 1
934 5348 1
934 2337 0
934 3386 0
934 1641 1
934 5113 0
934 2958 1
934 5514 1
934 6458 1
935 6458 1
935 4392 1
935 659 1
935 1950 1
935 5091 1
935 2926 1
935 3910 1
935 3046 1
935 5521 0
935 6837 1
935 5199 0
935 348 1
935 668 1
936 3583 1
936 3739 0
936 4200 0
936 2284 0
936 3580 0
936 6023 0
936 640 0
936 2446 0
936 3592 1
936 2953 0
937 6238 0
937 6559 1
937 1240 1
937 3982 1
937 2346 1
937 4226 1
937 1181 1
937 6405 1
937 5786 0
937 6564 1
937 6860 0
938 5487 0
938 4484 0
938 899 0
938 825 0
938 307 1
938 6015 1
938 6754 0
938 6274 1
938 1292 1
938 2919 0
939 6933 1
939 3466 0
939 6639 1
939 2545 0
939 6368 0
939 3386 0
939 4184 0
939 2282 0
939 5904 1
939 3564 1
939 2353 0
939 2048 0
939 5625 0
939 3748 0
939 3075 0
940 637 1
940 3953 1
940 4761 1
940 3200 1
940 1632 1
940 666 1
940 72 1
940 547 0
940 5958 1
940 949 0
941 6404 1
941 1438 1
941 4806 1
941 2463 1
941 6274 1
941 4941 0
941 6343 1
941 4629 1
941 6442 1
941 1923 0
941 1472 1
942 865 0
942 536 0
942 4676 0
942 4139 0
942 1700 0
942 1698 0
942 4200 0
942 511 1
942 519 0
942 3583 0
942 4411 0
942 4036 0
943 607 1
943 3180 1
943 5768 1
943 1785 1
943 3959 1
943 4014 1
943 2466 1
943 650 1
943 474 1
943 2376 1
943 2900 1
943 2854 1
943 3606 1
943 3607 1
943 3883 1
943 6439 1
943 2056 1
943 2388 1
943 5321 1
943 6330 1
943 522 1
943 2474 1
943 3594 1
943 6499 1
943 3267 1
943 2384 1
943 418 1
943 2481 1
943 351 1
943 6496 1
943 1904 1
943 2383 1
943 2472 1
943 5488 1
943 527 1
943 5772 1
943 2386 1
943 4021 1
943 973 1
943 5694 1
943 2485 1
943 352 1
943 2385 1
943 2468 1
943 2359 1
943 2358 1
943 2677 1
943 1671 1
943 604 1
943 2149 1
944 4047 1
944 3977 1
944 2073 1
944 6261 1
944 4368 1
944 1033 1
944 6427 1
944 4046 1
944 6694 1
944 5070 1
944 3694 1
944 6264 1
944 419 1
944 5033 1
944 1412 1
944 1413 1
944 3217 1
944 3307 1
944 5003 1
944 6703 1
944 1040 1
944 546 1
944 6737 1
944 563 1
944 3989 1
944 6746 1
944 4804 1
944 6655 1
944 2865 1
945 548 1
945 4791 1
945 289 1
945 2455 1
945 2233 1
945 2073 1
945 3977 1
945 546 1
945 3941 1
945 5012 1
945 1861 1
945 2924 1
945 2865 1
946 5954 0
946 3456 0
946 6503 1
946 812 1
946 6761 1
946 5850 1
946 5176 0
946 6612 0
946 3758 1
946 4320 1
946 6781 1
946 6779 1
946 3455 0
946 2375 0
946 6348 0
946 1234 0
946 5467 1
946 3009 1
946 310 1
947 6479 0
947 3628 0
947 3756 0
947 1908 0
947 2481 1
947 418 1
947 2384 1
947 351 1
947 6672 1
947 4578 1
947 6387 1
947 2640 1
947 6104 1
947 4667 1
947 6454 1
947 3174 1
947 2965 0
947 2385 1
947 352 1
947 2485 1
947 308 1
947 6467 0
947 2358 1
947 4093 1
947 2860 1
947 6456 0
947 225 0
947 5068 0
947 4036 0
947 4369 1
947 5185 1
947 3193 1
947 3985 1
947 3700 0
947 585 1
947 1619 1
947 2363 1
947 5912 1
947 6762 1
947 5285 1
947 516 1
947 866 0
947 517 1
947 3736 1
947 4804 1
947 563 1
947 3878 1
947 2825 1
947 389 0
947 3040 0
948 2062 1
948 2347 1
948 2067 1
948 5277 1
948 3976 1
948 6797 1
948 327 1
948 5580 1
948 6492 1
948 6507 1
949 5228 1
949 1680 1
949 358 1
949 3560 1
949 3182 1
949 4497 1
949 3139 1
949 4011 1
949 2504 1
949 1460 1
949 2239 1
949 1235 1
949 6212 1
949 5314 1
949 5683 1
949 5552 1
949 6911 1
949 2672 1
949 387 1
949 734 1
949 2556 1
949 2903 1
949 5547 1
949 3655 1
949 2044 1
949 755 1
949 2086 1
949 6259 1
949 3633 1
949 2355 1
949 845 1
949 1009 1
949 5531 1
949 735 0
949 1206 0
949 6847 0
949 5755 0
949 6675 1
949 5349 1
949 4899 1
949 5132 1
949 3857 1
949 5855 1
949 5881 1
949 6637 1
949 2695 1
949 1732 1
949 5127 1
949 6921 1
949 5505 1
950 2455 1
950 5071 1
950 3004 1
950 548 1
950 824 1
950 1295 1
950 2232 1
950 4047 1
950 989 1
950 1579 1
951 3953 0
951 2211 1
951 1819 1
951 2173 1
951 6400 1
951 316 1
951 2154 0
951 2609 1
951 6406 1
951 4747 1
952 679 1
952 340 0
952 3489 1
952 3892 1
952 696 1
952 4553 1
952 2263 1
952 3758 1
952 6503 1
952 2836 0
952 5085 1
952 3088 1
952 4801 1
952 1481 1
952 207 1
952 3468 1
952 1134 1
952 6597 1
952 6193 1
952 4329 1
952 2663 1
952 6219 1
952 4130 1
952 3134 1
952 631 1
952 2872 1
952 4260 1
952 4598 1
952 3349 1
952 1359 1
953 1157 1
953 5285 1
953 5086 1
953 6554 1
953 5895 1
953 6765 1
953 4699 1
953 4441 1
953 4076 1
953 6662 1
953 4064 1
954 3405 1
954 616 1
954 214 1
954 297 1
954 6818 1
954 2228 1
954 1723 1
954 614 1
954 6540 1
954 5640 0
954 656 0
954 4768 0
954 2548 0
954 1682 0
954 1967 0
954 4602 0
954 865 1
954 3412 0
954 4833 1
954 5569 1
954 3603 0
954 1379 1
954 113 1
954 3843 1
954 625 1
954 2059 1
954 5316 0
954 1036 0
954 2838 0
954 193 0
954 3694 0
955 604 1
955 2149 1
955 2507 1
955 1681 1
955 5687 1
955 649 1
955 3653 1
955 3860 1
955 4231 1
955 304 1
955 2791 1
955 5956 1
955 1740 1
955 4087 1
955 5460 1
955 528 1
955 607 0
955 3180 0
955 5768 0
955 1785 0
955 3959 0
955 4014 0
955 2466 0
955 2056 0
955 2388 0
955 522 0
955 5321 0
955 6330 0
955 2474 0
955 3594 0
955 2384 0
955 418 0
955 2481 0
955 351 0
955 1671 0
955 5694 0
955 1904 0
955 2383 0
955 2472 0
955 5488 0
955 527 0
955 5772 0
955 2386 0
955 4021 0
955 2485 0
955 352 0
955 2385 0
955 2468 0
955 2359 0
955 2358 0
956 1157 1
956 5285 1
956 5086 1
956 6554 1
956 5895 1
956 6765 1
956 4699 1
956 4441 1
956 4076 1
956 6662 1
956 4064 1
957 2505 1
957 2148 1
957 6471 0
957 5777 0
957 2356 0
957 1666 0
957 3656 0
957 4912 0
957 3558 0
957 4873 0
957 6846 0
957 2671 0
957 6844 0
957 5304 1
957 5499 0
957 2107 0
957 3269 0
957 5747 0
957 2357 0
957 6847 0
957 5682 0
957 1329 0
957 5048 0
957 4236 0
957 4230 0
957 6103 0
957 3463 0
957 6247 0
957 3122 0
957 1612 0
957 3643 0
957 998 0
957 6874 0
957 5736 0
957 4082 0
957 5971 0
957 139 0
957 5342 0
957 4467 0
957 2813 0
957 4465 0
957 6243 0
957 1501 0
957 745 0
957 5558 0
957 735 0
957 5755 0
957 1206 0
957 1203 0
957 863 0
958 2505 1
958 2148 1
958 6471 0
958 5777 0
958 2356 0
958 1666 0
958 3656 0
958 4912 0
958 3558 0
958 4873 0
958 6846 0
958 2671 0
958 6844 0
958 5304 1
958 5499 0
958 2107 0
958 3269 0
958 5747 0
958 2357 0
958 6847 0
958 5682 0
958 1329 0
958 5048 0
958 4236 0
958 4230 0
958 6103 0
958 3463 0
958 6247 0
958 3122 0
958 1612 0
958 3643 0
958 998 0
958 6874 0
958 5736 0
958 4082 0
958 5971 0
958 139 0
958 5342 0
958 4467 0
958 2813 0
958 4465 0
958 6243 0
958 1501 0
958 745 0
958 5558 0
958 735 0
958 5755 0
958 1206 0
958 1203 0
958 863 0
959 2062 1
959 6617 1
959 2347 1
959 2033 1
959 2067 1
959 6374 1
959 6488 1
959 3562 1
959 1730 1
959 2345 1
959 5277 1
959 4963 1
959 3976 1
959 2034 1
959 6797 1
959 2758 1
959 5717 1
959 6931 1
959 3271 1
959 3875 1
959 6301 1
959 3443 1
959 327 1
959 5580 1
959 6492 1
959 6005 1
959 5613 1
959 6507 1
959 6292 1
959 2061 1
959 5638 1
959 380 1
959 6288 1
959 4924 1
959 4114 1
959 5693 1
959 4307 1
959 3428 1
959 6568 1
959 3877 1
959 182 1
959 3734 1
959 5595 1
959 2348 1
959 1105 1
959 662 1
959 5591 1
959 1115 1
959 2353 1
959 6801 1
960 192 0
960 1858 1
960 404 1
960 3496 0
960 4739 0
960 6077 0
960 303 0
960 683 0
960 4604 0
960 2066 0
960 5880 0
960 2766 0
960 5431 0
960 2772 0
960 1880 0
960 79 0
960 6927 0
960 5834 1
960 598 0
960 5037 0
960 2208 1
960 4934 1
960 228 0
960 5656 1
960 628 1
960 2454 1
960 4049 1
960 4265 1
960 5184 1
960 5878 0
960 691 0
960 995 1
960 3467 0
960 899 0
960 243 1
960 3404 0
960 539 0
960 2832 0
960 4484 0
960 639 1
960 5658 0
960 2668 0
960 1914 0
960 5789 0
960 5787 0
960 2467 0
960 1666 0
960 5304 0
961 6343 1
961 3998 1
961 6305 1
961 3896 1
961 710 1
961 4386 1
961 6273 1
961 1288 1
961 2810 1
961 2809 1
961 2808 1
961 2807 1
961 5617 1
962 6247 1
962 6060 1
962 6874 1
962 976 1
962 3364 0
962 2461 0
962 1790 0
962 6071 0
962 6883 0
962 3269 1
962 2107 1
962 5682 1
962 4912 1
962 863 1
962 6668 0
962 4712 0
962 835 0
962 1691 0
962 5400 0
962 6243 1
962 1612 1
962 2253 1
962 998 1
962 5439 0
962 6248 1
962 3426 1
962 4939 1
962 5148 1
962 809 0
962 5291 0
962 5084 1
962 4465 1
962 5093 1
962 2813 1
962 3377 1
962 6117 0
962 4836 1
962 5048 1
962 5869 0
962 3791 1
962 3017 1
962 3641 1
962 1713 1
962 6716 1
962 3754 0
962 2112 1
962 5426 1
962 446 1
963 3467 1
963 809 1
963 5291 1
963 1666 0
963 3404 0
963 4242 0
963 2668 0
963 539 0
963 2832 0
963 1915 1
963 6847 1
963 2678 0
963 5323 0
963 6050 1
963 13 1
963 1840 0
963 5853 1
963 3525 1
963 6866 1
963 4710 1
963 5509 1
963 1914 0
963 1724 1
963 4911 1
963 2320 0
963 3125 1
963 5283 1
963 4306 1
963 1656 1
963 3618 1
963 2893 1
963 5705 0
963 5958 0
963 4674 0
963 5787 0
963 397 1
963 3676 1
963 801 1
963 6277 1
963 86 1
963 5286 1
963 3098 1
963 4923 0
963 2377 1
963 4978 1
963 1172 1
963 192 0
963 3474 1
963 4901 1
964 487 1
964 6343 0
964 3998 0
964 6636 0
964 3891 0
964 5018 0
964 5279 0
964 3896 0
964 710 0
964 4386 0
964 6273 0
964 1288 0
964 6305 0
964 6823 0
964 441 0
964 2134 0
964 6780 0
964 4344 0
964 4949 1
964 4941 1
964 2810 0
964 2809 0
964 2808 0
965 594 0
965 4272 0
965 3647 0
965 5051 0
965 6876 0
965 2760 0
965 5151 1
965 5131 1
965 2295 1
965 6138 1
965 5289 1
966 1710 1
966 5755 1
966 6847 1
966 5747 1
966 5626 1
966 1668 1
966 493 1
966 2004 1
966 4269 1
966 2324 1
966 1513 1
966 924 1
966 1997 1
966 3872 1
967 3608 1
967 3646 0
967 1790 0
967 1088 1
967 762 1
967 1480 1
967 6047 0
967 2964 0
967 368 0
967 1085 1
967 1938 0
967 6856 0
967 2377 0
967 5615 0
967 5541 0
967 849 0
967 3556 0
967 2870 0
967 4051 0
967 2158 0
967 3204 0
967 961 0
967 4968 0
967 3769 0
967 1004 0
967 2747 0
967 6410 0
967 956 0
967 3999 0
967 3812 0
967 940 0
967 1792 0
967 2047 0
967 5088 0
967 2707 0
967 1986 0
967 1018 0
967 3524 0
967 495 0
967 2721 0
967 979 0
967 99 1
967 5176 0
967 1358 0
968 6384 1
968 1395 1
968 3615 1
968 809 0
968 6943 0
968 2695 0
968 3162 0
968 5723 0
968 3467 0
968 5291 0
968 6637 0
969 3585 1
969 368 0
969 4422 0
969 6503 0
969 695 0
969 369 0
969 1944 0
969 45 0
969 1959 0
969 6429 0
969 6355 0
969 3758 0
970 6018 1
970 3338 1
970 3546 1
970 5603 1
970 3219 0
970 2438 0
970 5190 0
970 224 1
970 556 0
970 2909 0
970 4941 0
970 1394 0
971 1367 1
971 2645 0
971 2959 0
971 1768 1
971 5904 0
971 1912 0
971 2346 0
971 176 0
971 1963 0
971 6473 0
971 6457 0
971 6291 0
971 6160 0
971 4464 0
971 2953 0
971 5809 0
971 6538 0
971 3341 0
971 2936 0
971 81 1
972 5134 0
972 2001 0
972 479 0
972 2251 0
972 3796 0
972 837 0
972 658 0
972 5200 0
972 5401 0
972 3358 0
972 1159 0
972 6026 0
972 6866 0
972 6050 0
972 5323 0
972 4493 0
973 2186 0
973 6457 1
973 6473 1
973 6407 1
973 2231 1
973 6160 0
973 6163 0
973 6401 1
973 4641 0
973 3502 0
973 4451 0
973 1934 0
973 1320 0
973 6460 0
973 6171 0
973 4763 0
973 6531 0
973 2171 0
973 5872 0
973 3775 0
973 4819 0
973 5616 0
973 5206 0
974 2347 1
974 2786 1
974 3466 0
974 3757 1
974 6673 0
974 3790 0
974 5002 0
974 4972 0
974 5466 0
974 2631 1
974 182 0
974 4253 0
974 3033 0
974 5120 0
974 3340 1
974 4342 0
974 2636 0
974 6444 1
975 5412 1
975 5871 1
975 325 0
975 1398 0
975 6619 0
975 5106 0
975 6501 0
975 6878 0
975 3731 0
975 4782 0
975 4176 0
975 115 1
976 645 1
976 6763 1
976 5457 1
976 1773 1
976 5530 1
976 3239 1
976 1733 1
976 6822 1
976 2887 1
976 1196 0
976 4325 0
976 1568 1
976 2015 0
976 3425 1
976 2874 0
976 3170 0
976 4959 0
976 113 0
976 3843 0
976 1379 0
976 2575 0
976 5153 1
976 2002 1
976 3438 1
976 6754 1
976 5238 0
976 6125 0
976 1775 1
976 668 1
976 2087 1
976 686 1
976 1833 1
976 2196 0
976 4634 0
976 1542 0
976 6616 0
976 5246 0
976 1545 1
976 5984 1
977 5131 1
977 4145 1
977 2594 1
977 6494 1
977 5236 0
977 980 0
977 5151 1
977 638 0
977 212 0
977 620 0
978 6291 0
978 2959 1
978 6297 0
978 3529 0
978 5746 0
978 5297 0
978 2608 0
978 6860 0
978 5076 0
978 435 0
978 3332 0
978 2337 0
978 5907 0
978 379 0
978 3477 0
978 2636 1
978 4621 0
978 6132 0
978 5876 0
978 4206 0
978 4734 0
978 3579 0
978 2217 0
978 4253 0
978 5773 0
979 5158 1
979 1716 1
979 211 1
979 6666 1
979 126 1
979 943 1
979 707 1
979 3503 0
979 2723 0
979 5642 0
979 6015 0
979 2301 0
979 3991 0
979 2614 0
979 4776 0
979 3732 0
979 939 0
979 1153 0
979 2870 0
979 1540 0
979 5141 1
979 6268 0
980 1247 0
980 432 0
980 2418 0
980 6138 1
980 5151 1
980 5131 1
980 2295 1
980 5289 1
980 4266 1
980 594 0
980 4272 0
980 6876 0
980 5051 0
980 3647 0
981 1738 1
981 4292 1
981 4995 1
981 6047 1
981 3524 1
981 5896 1
981 2215 1
981 1320 0
981 2225 1
981 2040 1
981 3034 1
981 4793 1
981 5257 1
981 1731 1
981 6896 1
982 1932 1
982 4310 1
982 5120 1
982 564 1
982 1221 1
982 3340 0
982 560 1
982 5110 1
982 6420 1
982 569 1
982 2352 0
983 511 1
983 383 0
983 2608 0
983 1173 0
983 3737 1
983 6057 1
983 6420 1
983 4127 0
983 2347 0
983 4107 0
983 6430 0
983 3734 1
984 696 1
984 4553 1
984 6503 1
984 3758 1
984 4884 0
984 3134 1
984 631 1
984 4598 1
984 1359 1
984 2872 1
984 4260 1
984 3349 1
984 3468 1
984 1134 1
984 6597 1
984 6193 1
984 2663 1
984 6219 1
984 4130 1
984 2263 1
984 4329 1
984 1481 1
984 6369 0
984 4801 1
984 5085 1
984 207 1
984 2836 1
984 3088 1
984 3017 0
984 3739 0
984 3652 0
985 697 1
985 3624 1
985 4554 1
985 4555 1
985 361 1
985 698 1
985 4556 1
985 4557 1
985 3566 1
985 1909 1
985 6313 1
985 608 1
985 4543 1
985 3567 1
985 3493 1
985 6272 1
985 1173 1
985 1756 1
985 2608 1
985 4359 1
985 3043 1
985 4357 1
985 124 1
985 699 1
985 689 1
985 1760 1
985 2260 1
985 5588 1
985 4600 1
985 4601 1
985 4895 1
985 1949 0
985 4690 0
985 2419 0
985 5807 1
985 3758 1
985 6503 1
986 3142 1
986 4731 1
986 4715 1
986 6816 0
986 5111 1
986 3970 1
986 2048 1
986 5329 1
986 5625 1
986 5379 1
986 3748 1
986 3075 1
986 2812 1
986 3686 1
986 5512 1
986 4709 1
986 6289 1
986 323 0
986 4442 0
986 4861 1
986 5474 0
986 6436 0
986 474 0
986 5542 0
986 3374 0
986 6804 0
986 5117 0
986 706 0
986 963 0
986 4674 0
986 4681 1
986 2291 1
986 4270 0
987 697 1
987 3624 1
987 4554 1
987 4555 1
987 361 1
987 698 1
987 4556 1
987 4557 1
987 3566 1
987 1909 1
987 6313 1
987 608 1
987 4543 1
987 3567 1
987 3493 1
987 6272 1
987 1173 1
987 1756 1
987 2608 1
987 4359 1
987 3043 1
987 4357 1
987 124 1
987 699 1
987 689 1
987 1760 1
987 2260 1
987 5588 1
987 4600 1
987 4601 1
987 4895 1
987 1949 0
987 4690 0
987 2419 0
987 5807 1
987 3758 1
987 6503 1
987 2326 1
987 3511 1
987 2092 1
987 5592 1
987 2351 1
987 368 1
988 2337 0
988 5348 1
988 3386 1
988 5901 0
988 6420 0
988 5521 1
988 1197 0
988 5327 1
988 5318 0
988 3776 1
988 5275 1
988 1641 1
988 2040 1
988 3466 1
988 5257 1
988 6368 1
988 3306 0
988 2351 0
989 2321 1
989 4558 1
989 366 1
989 3611 1
989 4559 1
989 2323 1
989 1480 1
989 98 1
989 2327 1
989 1717 0
989 3608 1
989 2328 0
989 3609 1
989 2326 0
989 342 1
989 1085 1
989 1088 1
989 1790 1
989 367 1
989 1716 1
989 5158 1
989 368 1
989 99 1
989 3503 1
989 5154 1
989 1584 1
989 2263 1
989 339 1
989 3764 1
989 4560 1
989 4562 1
989 6503 1
989 2923 0
989 6708 0
989 6355 1
989 2377 0
990 2323 1
990 2321 0
990 4558 1
990 366 1
990 2328 1
990 1717 1
990 342 1
990 6946 1
990 762 1
990 4026 1
990 1480 1
990 368 1
990 4422 1
990 854 1
990 1088 1
990 2443 1
990 1085 1
990 6353 1
990 1790 1
990 3037 1
990 2377 0
990 236 1
990 1113 1
991 2300 0
991 1686 0
991 2667 0
991 2590 0
991 2551 0
991 2336 0
991 4912 0
991 863 0
991 3037 0
991 2259 0
991 4490 0
991 6916 0
991 1889 0
991 3512 0
991 2470 0
991 6400 0
991 1680 0
991 2308 0
991 565 0
991 6380 0
991 3806 0
991 1738 0
991 5138 0
992 6940 0
992 4627 1
992 2373 1
992 2189 1
992 2110 1
992 5521 1
992 4166 0
992 3203 1
992 3734 1
992 1808 0
992 3737 1
992 1812 0
992 5031 1
992 2352 1
993 3503 1
993 2321 1
993 366 1
993 4558 1
993 3611 1
993 4559 1
993 2323 1
993 1716 1
993 5154 1
993 6437 1
993 3758 1
993 367 1
993 6503 1
993 99 1
993 5158 1
993 1085 1
993 2263 1
993 3609 1
993 3608 1
993 6946 1
993 1717 1
993 2328 1
994 967 0
994 5675 1
994 5776 1
994 3268 1
994 3136 1
994 4910 0
994 5850 0
994 1660 0
994 6218 1
994 1159 0
994 5950 0
994 813 0
994 1458 0
994 5406 0
994 5565 0
994 3627 1
994 5556 1
994 2191 1
994 2950 1
994 2801 1
994 6926 1
994 2670 1
994 6126 0
994 5384 0
994 5204 0
994 6550 0
994 2675 0
994 5082 0
994 6220 0
994 2881 0
994 3940 0
994 4990 0
994 4919 0
994 6097 0
994 579 0
994 4486 0
994 6486 0
994 1460 0
994 2612 0
994 431 0
995 6368 1
995 5899 1
995 4267 1
995 68 1
995 213 1
995 6933 1
995 1547 1
995 4292 1
995 2545 1
995 6477 1
995 5327 1
995 6485 1
995 1932 1
995 4310 1
995 2909 1
995 5015 1
995 1992 1
995 3564 1
995 4107 1
995 3466 1
996 2954 1
996 3039 0
996 1634 0
996 3218 0
996 2523 0
996 6407 0
996 2783 0
996 1547 0
996 4995 0
996 1738 0
996 4292 0
996 6047 0
996 1320 0
996 3524 0
996 5896 0
996 2215 0
997 4259 1
997 3518 1
997 1920 1
997 2055 1
997 894 1
997 4364 1
997 6304 0
997 4195 0
997 4042 0
997 1441 0
997 28 0
997 29 0
997 6529 0
997 21 0
997 2554 0
997 2959 0
997 4253 0
997 2979 0
997 6290 0
997 1323 0
997 4006 0
997 646 0
997 1531 0
997 2868 0
997 6937 0
997 4464 0
997 411 1
997 3817 0
997 3149 0
997 2689 0
997 5697 0
997 6673 1
997 5921 1
997 5916 1
997 4319 1
997 3862 0
997 2652 1
997 4138 1
998 2409 1
998 5927 1
998 5672 1
998 2546 0
998 3743 1
998 4806 1
998 2414 1
998 6057 1
998 2372 1
998 5345 1
998 3333 1
998 6463 1
998 5483 1
998 2113 1
998 4957 1
998 4253 1
998 6572 1
998 1272 1
998 718 1
998 3734 1
999 2608 1
999 3332 1
999 3386 1
999 6656 1
999 6567 1
999 1530 1
999 2242 1
999 3737 1
999 5521 1
999 5958 1
999 5348 1
999 2434 1
999 3734 1
999 3924 1
999 3796 1
999 3801 1
999 1197 1
999 2352 1
999 2353 1
1000 2443 0
1000 6369 1
1000 4727 1
1000 197 1
1000 368 0
1000 1714 1
1000 1610 1
1000 4024 1
1000 2323 1
1000 2263 0
1000 339 0
1000 766 1
1000 2092 1
1000 951 0
1000 2440 1
1001 1738 1
1001 4292 1
1001 4995 1
1001 6047 1
1001 3524 1
1001 5896 1
1001 2215 1
1001 1320 0
1001 2225 1
1001 2040 1
1001 3034 1
1001 4793 1
1001 5257 1
1001 1731 1
1001 6896 1
1002 884 1
1002 5367 1
1002 889 1
1002 1960 1
1002 3642 1
1002 5006 1
1002 3245 1
1002 5459 0
1002 4319 0
1002 6298 0
1002 3857 0
1002 5132 0
1002 5855 0
1002 4766 0
1002 4899 0
1002 2943 1
1002 2339 0
1002 4304 1
1003 6940 1
1003 2310 1
1003 6885 1
1003 3737 1
1003 5899 1
1003 4957 1
1003 2373 1
1003 4853 1
1003 3734 1
1003 435 1
1003 3332 1
1004 2062 1
1004 6617 1
1004 2347 1
1004 1730 1
1004 2345 1
1004 4892 1
1004 380 1
1004 6288 1
1004 379 1
1004 5277 1
1004 2033 1
1004 2067 1
1004 5580 1
1004 5613 0
1004 2372 0
1004 5345 0
1004 4963 0
1005 2321 1
1005 4558 1
1005 366 1
1005 3611 1
1005 4559 1
1005 2323 1
1005 762 1
1005 1480 1
1005 98 1
1005 2327 1
1005 1717 1
1005 2328 1
1005 3608 1
1005 6946 1
1005 342 1
1005 3609 1
1005 2326 1
1005 1085 1
1005 1088 1
1005 1790 0
1005 367 0
1005 5158 1
1005 1716 1
1005 99 1
1005 368 0
1005 3503 0
1006 6940 1
1006 2310 1
1006 6885 1
1006 3737 1
1006 5899 1
1006 2373 1
1006 4957 1
1006 4853 1
1006 3734 1
1006 3332 1
1006 435 1
1006 519 1
1006 5348 1
1006 6860 1
1006 637 1
1006 2545 1
1006 3386 1
1006 1641 1
1006 4189 1
1006 641 1
1006 3549 1
1006 68 1
1006 4529 1
1006 2260 1
1006 5965 1
1006 6581 1
1006 1891 1
1006 3588 1
1006 6444 1
1006 3204 1
1006 123 1
1006 2062 1
1006 4203 1
1006 1336 1
1006 6302 1
1006 5740 1
1006 5306 1
1006 5813 1
1006 4197 1
1006 3905 1
1006 2204 1
1006 5749 1
1006 6617 1
1006 3126 1
1006 3075 0
1006 3748 0
1006 5620 0
1006 6877 1
1006 6639 1
1007 5072 1
1007 796 1
1007 5889 1
1007 2948 1
1007 1440 1
1007 5204 1
1007 2570 1
1007 5670 1
1007 742 1
1007 5384 1
1007 5939 1
1007 3926 1
1007 4474 1
1007 5934 1
1007 3328 1
1007 6883 1
1007 6071 1
1008 697 1
1008 3624 1
1008 4554 1
1008 4555 1
1008 361 1
1008 698 1
1008 4556 1
1008 4557 1
1008 3566 1
1008 1909 1
1008 6313 1
1008 608 1
1008 4543 1
1008 3567 1
1008 3493 1
1008 6272 1
1008 1173 1
1008 1756 1
1008 2608 1
1008 4359 1
1008 3043 1
1008 4357 1
1008 124 1
1008 699 1
1008 4600 1
1008 4601 1
1008 4895 1
1008 689 1
1008 1760 1
1008 2260 1
1008 5588 1
1009 1085 1
1009 1088 1
1009 2323 1
1009 2321 1
1009 4558 1
1009 366 1
1009 3611 1
1009 4559 1
1009 3503 1
1009 762 1
1009 5154 1
1009 1717 1
1009 3608 1
1009 2328 1
1009 6946 1
1009 342 1
1009 3609 0
1009 2327 1
1010 904 1
1010 3347 1
1010 754 1
1010 4118 1
1010 5021 1
1010 2616 1
1010 6109 1
1010 3099 1
1010 3994 1
1010 155 1
1010 5366 1
1010 5430 1
1011 904 1
1011 3347 1
1011 754 1
1011 4118 1
1011 5021 1
1011 2616 1
1011 6109 1
1011 3099 1
1011 3994 1
1011 155 1
1011 5366 1
1011 5430 1
1012 6638 1
1012 6086 1
1012 2910 1
1012 298 1
1012 5923 1
1012 3646 1
1012 1746 1
1012 1332 1
1012 6097 1
1012 579 0
1012 4486 0
1012 5518 0
1012 4919 0
1012 5938 0
1012 743 0
1012 6486 0
1012 6883 0
1012 5913 0
1012 6071 0
1012 942 0
1012 4908 0
1012 6317 0
1012 2858 1
1012 3778 1
1012 6090 1
1012 3658 1
1012 3660 1
1012 3659 1
1012 2047 1
1012 4842 1
1012 5867 1
1012 6640 1
1012 6174 1
1012 2459 1
1012 3804 1
1012 5676 1
1012 3044 0
1012 4724 0
1012 6056 0
1012 6175 1
1012 2726 1
1012 3194 1
1012 452 1
1012 460 1
1012 2457 1
1012 6045 1
1012 6776 1
1012 6115 1
1012 5629 1
1012 1729 1
1013 4195 0
1013 323 0
1013 6304 0
1013 2951 0
1013 1541 0
1013 3805 0
1013 3717 0
1013 5990 0
1013 2279 0
1013 4882 0
1013 6478 0
1013 3971 0
1013 4156 0
1013 4480 0
1013 6600 0
1013 5081 0
1013 6431 0
1013 6674 0
1013 5277 0
1013 826 0
1013 2411 0
1013 4304 0
1013 3046 0
1013 1618 0
1013 1534 0
1013 5474 0
1013 1963 0
1013 752 0
1013 6928 0
1013 6812 0
1013 4337 0
1013 5021 0
1013 5122 0
1013 958 0
1013 3153 0
1013 1267 0
1013 1752 0
1013 1066 1
1013 3580 1
1013 3587 0
1013 3255 0
1013 4943 0
1013 2876 0
1013 5428 0
1013 3837 0
1013 2943 0
1013 4724 0
1013 4753 0
1013 3294 0
1014 3929 1
1014 5049 1
1014 4981 1
1014 1157 1
1014 5688 1
1014 3551 1
1014 3298 1
1014 5933 1
1014 4478 1
1014 2627 1
1014 6541 1
1014 1844 1
1014 18 0
1014 15 0
1014 17 0
1014 5445 1
1014 832 1
1014 138 1
1014 4211 1
1014 806 1
1014 2301 0
1014 3303 0
1014 1087 0
1014 1632 0
1014 381 0
1014 6378 1
1014 4072 1
1014 2120 1
1014 5090 1
1014 1634 1
1014 4084 1
1014 5515 1
1014 5270 0
1014 1178 0
1014 1978 1
1014 1350 1
1014 3768 1
1014 23 1
1014 1754 1
1014 3345 1
1014 963 1
1014 706 1
1014 3144 1
1014 2726 1
1014 6887 1
1014 3194 1
1014 1998 1
1014 6688 1
1014 4356 1
1015 3934 1
1015 3936 1
1015 6686 1
1015 6369 1
1015 4727 1
1015 197 1
1015 6839 1
1015 3932 1
1015 3779 1
1015 233 1
1015 2704 1
1015 368 0
1015 4422 0
1015 5077 1
1015 6830 1
1015 556 1
1015 1059 1
1015 3371 1
1015 6355 0
1015 1745 0
1015 3400 0
1015 3530 0
1015 1152 0
1015 1572 0
1015 6564 0
1016 2636 1
1016 1776 1
1016 3671 1
1016 2217 1
1016 5773 1
1016 4253 1
1016 3340 1
1016 2110 1
1016 2645 1
1016 5120 0
1016 3721 1
1017 2636 1
1017 1776 1
1017 3671 1
1017 2217 1
1017 5773 1
1017 4253 1
1017 3340 1
1017 2110 1
1017 2645 1
1017 5120 0
1017 3721 1
1018 2448 1
1018 3945 1
1018 2744 1
1018 3950 1
1018 3052 1
1018 2708 1
1018 2706 1
1018 4746 1
1018 5409 0
1018 2826 0
1018 6409 0
1018 3646 0
1018 3361 0
1018 6638 0
1018 6086 0
1018 1746 0
1018 1332 0
1018 5452 0
1018 579 0
1018 4486 0
1018 6097 0
1018 6486 0
1018 4919 0
1018 942 0
1018 2858 0
1018 4908 0
1018 6317 0
1018 3778 0
1018 3658 0
1018 6090 0
1018 4842 0
1018 3659 0
1018 3660 0
1018 2047 0
1018 6453 0
1018 5861 0
1018 3804 0
1018 4107 0
1018 1224 0
1018 4423 0
1018 5676 0
1018 368 0
1018 3044 0
1018 6056 0
1018 6175 0
1018 2910 0
1018 3668 0
1019 3344 1
1019 1139 1
1019 2452 1
1019 3847 1
1019 2169 1
1019 1344 1
1019 4707 1
1019 704 1
1019 1611 1
1019 1262 1
1019 1264 1
1019 1261 1
1019 1719 1
1019 2301 1
1019 3854 1
1019 3047 1
1019 6395 1
1019 1720 1
1019 6827 1
1019 3928 1
1019 3917 1
1019 5305 1
1019 2174 1
1019 382 1
1019 3768 1
1019 1574 1
1019 3925 1
1019 1064 1
1019 1280 1
1019 368 0
1019 154 0
1019 785 0
1019 6403 0
1019 3288 1
1019 1138 1
1019 3345 1
1019 5110 0
1019 818 0
1019 1087 1
1019 609 1
1019 2037 1
1019 2144 1
1019 5653 1
1019 6702 1
1019 2568 1
1019 2128 1
1019 4054 1
1019 3338 0
1019 1966 0
1020 697 1
1020 4554 1
1020 4555 1
1020 3624 1
1020 361 1
1020 698 1
1020 4556 1
1020 4557 1
1020 3566 1
1020 6313 1
1020 1909 1
1020 608 1
1020 4543 1
1020 3567 1
1020 3493 1
1020 6272 1
1020 1173 1
1020 1756 1
1020 2608 1
1020 4359 1
1020 3043 1
1020 4357 1
1020 124 1
1020 699 1
1020 4600 1
1020 4601 1
1020 4895 1
1020 689 1
1020 2260 1
1020 5588 1
1020 1760 1
1020 2419 0
1020 4690 0
1020 1949 0
1020 5807 1
1021 2062 1
1021 6617 1
1021 2345 0
1021 1730 0
1021 2347 1
1021 5613 0
1021 4963 0
1021 2033 0
1021 6374 0
1021 6488 0
1021 3562 0
1021 2067 0
1021 2061 0
1021 5638 0
1021 3976 1
1021 5277 0
1021 6522 0
1021 6639 0
1021 2034 0
1021 6797 0
1021 2758 0
1021 5717 0
1021 327 1
1022 2397 0
1022 2337 0
1022 2962 1
1022 3386 1
1022 1197 0
1022 5521 1
1022 5348 1
1022 5318 0
1022 3737 1
1022 2853 1
1022 5113 0
1023 2120 1
1023 4084 1
1023 5515 1
1023 3144 1
1023 23 1
1023 1998 1
1023 2726 1
1023 6688 1
1023 3330 1
1023 6497 1
1023 5937 1
1023 6527 0
1024 2377 1
1024 399 1
1024 6939 1
1024 1402 1
1024 3761 1
1024 2297 1
1024 809 0
1024 5291 1
1024 5960 1
1024 4333 1
1024 1996 1
1024 5323 1
1025 5014 1
1025 5083 1
1025 5317 1
1025 1259 1
1025 1028 0
1025 3444 0
1025 4948 1
1025 1483 1
1025 3434 1
1025 3884 1
1025 4676 0
1025 2150 1
1025 942 1
1025 6317 1
1025 2858 1
1025 4908 1
1025 1026 0
1025 4974 0
1025 4174 0
1026 6713 0
1026 4359 1
1026 3744 0
1026 2458 1
1026 5120 0
1026 3012 0
1026 4951 0
1026 2702 0
1026 697 1
1026 3624 1
1026 6015 0
1026 361 1
1026 698 1
1026 3493 1
1026 3566 1
1026 6313 1
1026 6181 1
1026 5496 1
1027 214 1
1027 297 1
1027 6818 1
1027 614 1
1027 5640 1
1027 616 1
1027 865 1
1027 4833 1
1027 3412 1
1027 6754 1
1027 2745 1
1027 113 1
1027 84 1
1028 214 1
1028 5150 1
1028 5530 1
1028 614 0
1028 6540 0
1028 5640 1
1028 616 0
1028 3405 0
1028 865 1
1028 2745 1
1028 2739 1
1028 3628 0
1028 5506 0
1028 3990 0
1028 4250 0
1028 1284 0
1028 297 1
1028 6818 1
1028 2228 1
1028 1723 1
1029 4071 1
1029 2441 1
1029 3620 1
1029 4318 1
1029 6140 1
1029 138 1
1029 3552 1
1029 169 1
1029 6110 1
1029 178 1
1030 556 1
1030 6083 0
1030 2154 0
1030 4096 1
1030 6642 1
1030 3781 0
1030 6400 1
1030 368 0
1030 6069 1
1030 166 1
1030 1119 1
1030 6047 0
1030 3777 0
1030 2337 0
1030 5514 1
1030 5616 1
1030 3466 1
1030 3775 0
1031 3329 1
1031 1676 1
1031 1482 1
1031 2077 1
1031 6709 1
1031 5619 1
1031 940 1
1031 1474 1
1031 55 1
1031 56 1
1031 6021 1
1031 5911 1
1031 5046 1
1032 1915 1
1032 13 1
1032 5323 1
1032 6050 1
1032 1840 1
1032 5509 1
1032 3525 1
1032 5853 1
1032 6866 1
1032 4710 1
1032 5127 1
1032 6774 1
1033 5701 1
1033 6510 1
1033 1640 1
1033 5746 1
1033 4405 0
1033 5112 0
1033 6938 1
1033 141 1
1033 2588 1
1033 3201 1
1033 4761 1
1033 2032 1
1033 5902 0
1033 2351 0
1033 5334 1
1033 5958 1
1034 3141 1
1034 6667 1
1034 2261 1
1034 1699 1
1034 6221 1
1034 2487 1
1034 5039 1
1034 4755 1
1034 4756 1
1034 627 1
1034 3229 1
1035 5559 1
1035 997 0
1035 4047 1
1035 2073 1
1035 3977 1
1035 6261 1
1035 5070 1
1035 4368 1
1035 4705 1
1035 1968 1
1036 4060 1
1036 1127 1
1036 4313 1
1036 1614 1
1036 3105 1
1036 3515 0
1036 3107 1
1036 3074 1
1036 6223 1
1036 3084 1
1037 734 1
1037 1680 1
1037 1460 1
1037 6911 1
1037 2239 1
1037 5552 1
1037 3560 1
1037 5228 1
1037 2086 1
1037 3633 1
1037 5464 1
1037 6259 1
1037 5931 1
1037 2770 1
1037 3869 1
1037 4978 0
1037 4923 0
1037 1172 0
1038 6374 1
1038 2067 1
1038 3562 1
1038 6488 1
1038 6492 1
1038 2033 0
1038 5470 0
1038 3982 0
1038 2346 0
1038 2347 1
1038 2034 0
1038 4963 0
1038 5613 1
1038 6005 0
1038 6507 1
1038 2371 0
1038 6797 1
1038 3443 1
1038 6022 0
1038 3808 0
1039 493 1
1039 5552 1
1039 1680 1
1039 5547 1
1039 1710 1
1039 5755 1
1039 6847 1
1039 4912 1
1039 6180 0
1039 3370 0
1039 5737 0
1039 6003 0
1039 3569 0
1039 1684 0
1039 794 0
1039 793 0
1039 1685 0
1039 2797 0
1039 5626 1
1039 4303 1
1039 3190 1
1039 661 0
1039 4693 0
1039 4282 1
1039 5001 0
1039 439 0
1039 286 0
1039 5405 0
1039 6688 0
1039 2950 0
1039 3872 1
1039 2004 1
1039 4269 1
1039 2324 1
1039 1513 1
1039 924 1
1040 3043 1
1040 2351 1
1040 1173 0
1040 1756 1
1040 2608 1
1040 6272 1
1040 6183 0
1040 6563 0
1040 6669 0
1040 3324 1
1040 2110 1
1040 3332 1
1040 435 1
1040 697 1
1040 3624 1
1040 4554 0
1040 2337 1
1040 361 1
1040 2260 1
1040 2612 0
1040 2546 0
1040 6087 1
1040 3737 1
1040 3566 1
1040 608 1
1040 1909 1
1040 6313 1
1040 2350 1
1040 4690 0
1040 1949 1
1040 2419 1
1040 4042 1
1040 3793 1
1040 5807 0
1040 4359 1
1041 5277 1
1041 5580 1
1041 5421 0
1041 6017 0
1041 6804 0
1041 5117 0
1041 6288 1
1041 4195 0
1041 752 0
1041 3153 0
1041 1066 0
1041 3294 0
1041 4753 0
1041 2876 0
1041 4943 0
1041 3255 0
1041 6853 0
1042 631 1
1042 2872 1
1042 3134 1
1042 4260 1
1042 4598 1
1042 1359 1
1042 3349 1
1042 3468 1
1042 1134 1
1042 2663 1
1042 6597 1
1042 6193 1
1042 4801 1
1042 5085 0
1042 3088 1
1042 3489 1
1042 3892 0
1042 2263 1
1042 6503 0
1042 3758 0
1042 679 1
1042 340 1
1042 207 1
1042 1481 1
1042 2836 1
1042 696 1
1042 4553 0
1042 368 0
1042 1610 1
1042 1714 1
1042 1078 0
1042 951 1
1043 3677 0
1043 2755 1
1043 5139 1
1043 2756 1
1043 6372 1
1043 662 1
1043 4122 0
1043 1280 1
1043 1353 1
1043 663 1
1044 6437 1
1044 2515 0
1044 3820 0
1044 1085 1
1044 5158 1
1044 2321 1
1044 366 1
1044 4558 1
1044 3611 1
1044 4559 0
1044 1716 1
1044 5154 1
1044 3503 1
1044 99 1
1044 2263 0
1044 1584 1
1044 3758 0
1044 367 1
1044 6503 0
1044 2455 0
1044 2351 0
1044 5951 1
1044 2644 0
1044 5833 0
1044 706 0
1044 963 0
1044 333 0
1044 3609 1
1044 3608 1
1044 891 0
1044 4560 0
1044 3465 0
1044 6546 0
1044 3389 0
1044 3386 0
1044 3764 1
1044 2352 1
1044 4616 0
1044 6884 0
1044 1036 0
1044 2838 0
1044 5852 0
1044 193 0
1044 2079 0
1044 975 0
1044 5483 0
1044 662 0
1045 1888 0
1045 5852 0
1045 2394 0
1045 40 0
1045 1126 0
1045 6609 0
1045 193 0
1045 1678 0
1045 5850 1
1045 3359 0
1045 2515 0
1045 654 1
1045 782 1
1045 1078 0
1045 5954 1
1045 6199 0
1045 3007 1
1045 6771 1
1045 3718 0
1045 1001 1
1045 1642 1
1045 2950 0
1045 2801 1
1045 6926 0
1045 2670 1
1045 2951 0
1045 663 0
1045 2267 0
1045 5082 1
1045 2675 1
1045 6220 1
1045 3712 1
1045 13 1
1045 3525 0
1045 5853 1
1045 3376 1
1045 1749 0
1045 6117 1
1045 399 1
1045 5770 1
1045 5501 1
1045 4398 0
1045 5430 0
1045 6223 0
1045 3761 1
1046 3141 1
1046 6667 1
1046 2261 1
1046 1699 1
1046 6221 1
1046 2487 1
1046 5039 1
1046 4755 1
1046 4756 1
1046 627 1
1046 3229 1
1046 5324 1
1046 6851 1
1046 2469 1
1046 4760 1
1046 1672 1
1046 603 1
1046 3858 1
1046 6777 1
1046 6183 1
1046 3324 1
1046 6669 1
1046 6563 1
1046 6549 1
1046 2823 1
1046 5941 1
1046 5946 1
1046 3422 1
1046 4950 1
1046 434 1
1046 5066 1
1046 6406 1
1046 2266 1
1046 2495 1
1046 506 1
1046 5030 1
1046 2861 1
1046 2445 1
1046 5563 1
1046 2501 1
1046 375 1
1046 2458 1
1047 3538 1
1047 4959 0
1047 5987 1
1047 1546 1
1047 4110 0
1047 2929 1
1047 6064 1
1047 6549 0
1047 1678 1
1047 6032 0
1047 2469 0
1047 6851 0
1047 3858 0
1047 1672 0
1047 2249 1
1047 782 1
1047 831 0
1047 2412 1
1047 667 0
1047 4941 1
1047 2260 0
1047 6109 1
1047 1104 0
1047 3043 1
1047 6114 0
1047 3589 1
1047 3039 1
1047 6563 1
1047 3324 0
1047 1549 1
1047 3909 1
1047 2455 1
1047 963 0
1047 706 0
1047 2457 1
1048 3141 1
1048 6667 1
1048 2261 1
1048 1699 1
1048 6221 1
1048 2487 1
1048 5039 1
1048 4755 1
1048 4756 1
1048 627 1
1048 3229 1
1048 5324 1
1048 6851 1
1048 2469 1
1048 4760 1
1048 1672 1
1048 603 1
1048 3858 1
1048 6777 1
1048 6183 1
1048 3324 1
1048 6669 1
1048 6563 1
1048 6549 1
1048 2823 1
1048 5941 1
1048 5946 1
1048 3422 1
1048 4950 1
1048 434 1
1048 5066 1
1048 6406 1
1048 2266 1
1048 2495 1
1048 506 1
1048 5030 1
1048 2861 1
1048 2445 1
1048 5563 1
1048 2501 1
1048 375 1
1048 2458 1
1049 6711 1
1049 3106 0
1049 5562 1
1049 3969 0
1049 4781 1
1049 970 1
1049 2012 0
1049 2237 0
1049 3866 0
1049 5567 1
1049 4172 1
1049 5819 0
1049 1003 0
1049 4067 1
1049 6112 1
1049 6519 1
1049 838 1
1049 3165 1
1049 5712 1
1049 3397 1
1049 3282 1
1049 5999 1
1049 5609 1
1049 5027 1
1049 500 1
1049 5370 1
1049 6919 1
1049 5516 0
1049 6353 0
1049 5047 1
1049 1477 0
1049 5722 0
1049 3539 0
1049 6534 0
1049 5446 1
1049 3290 1
1049 4098 0
1049 3957 0
1049 5707 0
1049 319 0
1049 4976 0
1049 4888 0
1049 4409 1
1049 6319 1
1049 1350 0
1049 3888 1
1049 1947 0
1049 4126 1
1049 2898 0
1050 2321 1
1050 1790 0
1050 1480 1
1050 762 1
1050 98 1
1050 2327 1
1050 1717 1
1050 3608 1
1050 2328 1
1050 6946 1
1051 6797 1
1051 6931 1
1051 2758 1
1051 5717 1
1051 3271 1
1051 3875 1
1051 6301 1
1051 996 1
1051 3443 1
1051 5693 1
1051 3428 1
1051 4307 1
1051 4870 1
1051 2345 1
1051 1730 1
1051 4892 1
1051 2061 1
1051 5638 1
1051 4924 1
1051 380 0
1051 6288 0
1051 6756 1
1051 4114 1
1051 3564 1
1051 378 1
1051 4410 1
1051 379 0
1051 6292 1
1051 3272 1
1051 6522 0
1051 2347 0
1051 2033 0
1051 5613 0
1051 5901 0
1051 6933 1
1051 1933 1
1051 2026 1
1051 6507 0
1051 4963 0
1051 4195 0
1052 5473 1
1052 5461 1
1052 4401 1
1052 1895 1
1052 4747 0
1052 4604 1
1052 4739 1
1052 4831 1
1052 303 1
1052 6077 1
1052 3496 1
1052 5658 0
1052 2766 0
1052 5066 0
1052 1819 0
1052 6427 0
1052 3529 0
1052 316 0
1052 5945 0
1052 2211 0
1052 5391 0
1052 5037 1
1053 4877 1
1053 967 1
1053 6012 1
1053 2948 0
1053 3331 1
1053 5094 0
1053 3100 1
1053 815 1
1053 6926 1
1053 2801 0
1053 2950 1
1053 2670 1
1053 6087 0
1053 4990 1
1053 5204 1
1053 5384 1
1053 5670 0
1053 2570 1
1053 2587 0
1053 742 0
1053 903 1
1053 394 1
1053 3021 1
1053 1659 1
1053 5854 1
1053 1687 1
1053 782 0
1053 654 1
1053 779 1
1053 3364 0
1053 5770 0
1053 5501 0
1053 2374 1
1053 5857 1
1053 813 0
1053 5950 1
1053 2612 1
1053 1660 1
1053 1001 1
1053 1642 1
1053 431 0
1053 436 0
1053 6071 1
1053 5897 1
1054 4893 1
1054 5029 1
1054 6096 1
1054 5705 0
1054 2065 1
1054 3244 1
1054 3529 0
1054 316 0
1054 4951 0
1054 688 1
1054 3246 1
1054 1617 0
1054 5945 0
1054 5656 1
1054 4265 1
1054 5184 1
1054 628 1
1054 2454 1
1054 2888 0
1054 4033 0
1054 2211 0
1054 5391 0
1055 904 1
1055 3347 1
1055 5021 1
1055 2616 1
1055 6109 1
1055 520 1
1055 3740 1
1055 4120 1
1055 314 1
1055 3099 1
1055 3994 1
1055 155 1
1055 3568 1
1055 6625 1
1055 5366 1
1055 1869 1
1055 5430 1
1055 5205 1
1055 4878 1
1055 3121 1
1055 709 1
1055 6787 1
1055 4035 1
1055 4118 1
1055 1707 1
1055 6265 1
1055 3233 1
1055 1923 1
1055 747 1
1055 4196 1
1055 191 1
1055 4978 1
1055 6117 1
1055 3206 1
1055 5925 1
1055 3867 1
1055 2599 1
1055 5403 1
1055 3248 1
1055 4333 1
1055 754 1
1055 5356 0
1055 4386 1
1055 6881 1
1055 224 0
1056 3329 1
1056 1676 1
1056 1482 1
1056 2077 1
1056 6709 1
1056 5619 1
1056 3177 1
1056 940 1
1056 1474 1
1056 55 1
1056 56 1
1056 6021 1
1056 5911 1
1056 5046 1
1056 5793 1
1056 1080 1
1056 621 1
1056 5180 1
1056 1360 1
1056 3933 1
1056 4185 1
1056 5667 1
1056 2829 1
1056 6784 1
1056 1743 1
1056 4073 1
1056 4352 1
1056 5838 1
1056 5839 1
1057 4197 1
1057 2719 1
1057 3421 1
1057 2571 1
1057 3250 1
1057 4206 1
1057 5876 1
1057 4618 1
1057 4434 1
1057 823 1
1057 2308 1
1057 1969 1
1057 5115 1
1057 4179 1
1057 1903 1
1057 26 0
1057 5762 1
1057 2953 0
1057 1911 1
1057 4328 0
1057 2312 0
1057 6557 0
1057 6132 0
1057 6064 0
1057 5249 0
1057 5170 1
1057 3579 1
1057 2958 0
1057 6789 0
1057 3573 1
1057 3575 1
1057 3577 1
1057 1664 0
1057 4650 1
1057 2753 1
1057 486 1
1057 5112 1
1057 2890 0
1058 1491 1
1058 6307 1
1058 1031 1
1058 6828 1
1058 6120 1
1058 4349 1
1058 6867 1
1058 638 1
1058 212 1
1058 4242 1
1058 3126 1
1058 4191 1
1058 6383 0
1058 586 1
1058 2372 1
1058 5345 1
1058 3796 1
1058 5750 1
1059 967 1
1059 3940 1
1059 3450 1
1059 4919 1
1059 6097 1
1059 579 1
1059 4486 1
1059 6486 1
1059 1460 1
1059 1458 1
1060 5277 0
1060 752 1
1060 3153 1
1060 1066 1
1060 3294 1
1060 3587 1
1060 3586 1
1060 3255 1
1060 6837 1
1060 5117 1
1060 6804 1
1060 4945 1
1060 1268 1
1060 1780 1
1060 4277 1
1060 6478 0
1060 6600 0
1060 4631 1
1061 6478 1
1061 2279 1
1061 2951 1
1061 4969 1
1061 3046 0
1061 5421 0
1061 6017 1
1061 3178 1
1061 2339 1
1061 826 1
1061 4441 1
1061 5122 1
1061 3131 1
1061 6117 1
1061 4955 0
1061 5687 0
1061 3653 0
1061 6156 0
1061 3805 1
1061 4787 1
1061 1963 1
1061 5622 0
1061 6674 1
1061 5277 0
1061 6853 0
1061 2289 0
1061 4175 1
1061 967 0
1061 1165 0
1061 4304 1
1061 4904 0
1061 4416 0
1061 1618 1
1061 1950 0
1061 1541 0
1061 752 1
1061 2695 0
1061 4426 0
1062 5927 1
1062 3743 1
1062 6057 0
1062 6420 0
1062 1089 0
1062 3048 0
1062 789 0
1062 5901 0
1062 4219 0
1062 719 1
1062 6538 0
1062 5809 0
1062 1934 0
1062 2409 1
1062 5672 1
1062 4490 0
1062 5483 1
1062 3951 0
1062 6685 0
1062 718 1
1062 2546 0
1062 3333 0
1062 2447 0
1062 2483 0
1062 5297 0
1063 5849 0
1063 1148 1
1063 4028 1
1063 2661 1
1063 1523 1
1063 688 1
1063 5448 1
1063 2994 1
1063 4604 1
1063 4831 1
1063 4739 1
1063 303 1
1063 2342 1
1063 6938 1
1063 3529 1
1063 79 0
1063 969 1
1063 5431 0
1063 6298 1
1063 4766 1
1063 6927 1
1063 6505 1
1063 2584 1
1063 668 1
1063 4112 1
1063 1630 1
1063 1843 1
1064 2785 1
1064 6038 1
1064 1212 1
1064 2559 1
1064 1631 1
1064 1920 1
1064 1738 1
1064 4292 1
1064 4995 1
1064 6047 1
1064 2463 1
1064 4188 1
1064 3524 1
1064 1320 1
1064 2225 1
1064 2040 1
1064 3034 1
1064 6165 1
1064 6505 1
1064 2349 1
1064 3502 1
1065 4685 1
1065 1231 1
1065 2848 0
1065 6744 1
1065 5692 1
1065 1681 1
1065 1740 1
1065 2963 1
1065 1241 0
1065 2945 0
1065 1056 0
1065 4349 0
1065 1000 1
1065 3589 1
1065 992 1
1066 3756 1
1066 6479 1
1066 3628 1
1066 4414 1
1066 2250 1
1066 954 0
1066 3292 1
1066 3146 1
1066 3387 1
1066 3262 0
1066 5795 1
1066 2931 1
1066 582 0
1066 5730 1
1066 3802 1
1067 5442 0
1067 3652 0
1067 1716 1
1067 2148 0
1067 2326 1
1067 3608 1
1067 1717 1
1067 2328 1
1067 6437 0
1067 6423 1
1067 3503 1
1067 2321 1
1067 4013 0
1067 5158 1
1068 4594 1
1068 185 1
1068 3876 1
1068 5758 1
1068 5475 1
1068 4007 1
1068 4010 1
1068 3536 0
1068 4134 1
1068 1386 1
1068 6905 1
1068 4819 0
1068 2129 1
1068 1917 0
1068 2185 1
1069 4260 1
1069 4598 1
1069 3134 1
1069 3349 1
1069 1359 1
1069 1134 1
1069 6219 1
1069 4130 1
1069 2323 1
1069 766 1
1069 5066 0
1069 6406 0
1069 5495 0
1070 4640 1
1070 6440 1
1070 3391 1
1070 3052 1
1070 5402 1
1070 3919 1
1070 4930 1
1070 2271 1
1070 6151 1
1070 6070 1
1070 1141 1
1070 6011 1
1070 2215 1
1070 3524 1
1070 3849 0
1070 4372 1
1070 4666 1
1070 3674 1
1071 155 1
1071 224 1
1071 5430 1
1071 3568 1
1071 5366 1
1071 6625 1
1071 1869 1
1071 5205 1
1071 3314 1
1071 3099 1
1071 3994 1
1072 1717 1
1072 2328 1
1072 3608 1
1072 6946 1
1072 342 1
1072 2323 1
1072 2321 1
1072 4558 1
1072 366 1
1072 762 1
1072 1480 1
1073 2980 1
1073 9 1
1073 6293 1
1073 1255 1
1073 4978 1
1073 6450 1
1073 1554 1
1073 1926 1
1073 3810 0
1073 224 1
1073 2069 0
1073 2117 0
1073 4509 0
1073 5519 0
1073 4508 0
1073 5027 0
1074 3649 1
1074 5460 1
1074 650 1
1074 1785 1
1074 607 1
1074 3180 1
1074 5768 1
1074 4014 1
1074 3959 1
1074 1149 1
1074 2989 1
1074 2149 1
1074 604 1
1074 304 1
1075 6185 1
1075 4327 1
1075 4539 1
1075 6867 1
1075 2371 1
1075 891 1
1075 1357 1
1075 6022 1
1075 6488 1
1075 1895 1
1075 2785 1
1075 2439 0
1075 2382 1
1075 3179 1
1075 1259 1
1076 5427 1
1076 3436 1
1076 934 1
1076 1145 1
1076 302 1
1076 3729 0
1076 5273 0
1076 1711 0
1076 1696 1
1076 3773 1
1076 2008 1
1076 3813 1
1076 4958 1
1076 6236 1
1076 6734 1
1076 4973 1
1076 1101 1
1077 6195 1
1077 6868 1
1077 6070 1
1077 3999 1
1077 5244 1
1077 3465 1
1077 6420 1
1077 3329 1
1077 4226 1
1077 4640 1
1077 6854 1
1077 3672 1
1077 2337 1
1077 5793 1
1077 2349 1
1077 5809 0
1077 5860 1
1077 2271 1
1077 2162 1
1077 1080 1
1077 1738 1
1077 4187 1
1077 157 1
1078 6189 1
1078 2164 1
1078 1644 1
1078 3149 1
1078 750 1
1078 4646 1
1078 2314 1
1078 861 1
1078 1613 1
1078 3391 1
1078 3778 1
1078 5279 1
1078 3808 1
1078 3910 1
1078 3455 1
1078 5738 1
1078 6409 1
1078 6928 1
1079 3861 1
1079 4365 1
1079 3651 1
1079 211 1
1079 2053 0
1079 6183 1
1079 6563 1
1079 6669 1
1079 3324 1
1079 5141 0
1079 5921 0
1080 6409 0
1080 1678 1
1080 605 1
1080 1383 1
1080 4116 0
1080 3918 1
1080 222 1
1080 3186 0
1080 117 1
1080 2782 0
1081 2747 1
1081 4083 1
1081 3449 1
1081 1109 1
1081 270 1
1081 5991 1
1081 3432 1
1081 850 1
1081 5385 1
1081 3886 1
1081 2093 1
1081 675 1
1081 5877 1
1081 5301 1
1081 544 1
1081 5673 1
1081 5989 1
1081 2402 1
1081 5362 1
1081 4944 1
1081 5243 1
1081 4705 1
1081 1968 1
1081 2558 1
1081 5261 1
1081 5892 1
1081 5146 1
1081 5368 1
1082 2062 1
1082 6617 1
1082 2347 1
1082 2033 0
1082 2067 0
1082 6374 0
1082 6488 0
1082 3562 0
1082 1730 0
1082 2345 0
1082 5277 0
1082 4963 0
1082 3976 1
1082 327 1
1083 904 1
1083 3347 1
1083 5021 1
1083 2616 1
1083 6109 1
1083 520 1
1083 3740 1
1083 4120 1
1083 314 1
1083 3099 1
1083 3994 1
1083 155 1
1083 3568 1
1083 6625 1
1083 5366 1
1083 1869 1
1083 5430 1
1083 5205 1
1083 4878 1
1083 3121 1
1083 709 1
1083 6787 1
1083 4035 1
1083 4118 1
1083 6265 1
1083 3233 1
1083 1923 1
1083 747 1
1083 4196 0
1083 191 1
1083 4978 1
1084 967 1
1084 3940 1
1084 3450 1
1084 4919 1
1084 579 1
1084 4486 1
1084 6097 1
1084 6486 1
1084 1460 0
1084 1458 1
1084 1159 1
1084 5565 1
1084 5406 1
1084 3540 1
1084 4472 1
1084 5245 1
1084 2585 1
1084 3145 1
1084 2950 1
1084 5675 1
1084 3268 1
1084 3136 1
1084 5776 1
1084 3522 1
1084 3044 1
1084 3944 1
1084 4910 1
1085 762 1
1085 1480 1
1085 2323 1
1085 2321 1
1085 4558 1
1085 4559 1
1085 3611 1
1085 366 1
1085 367 0
1085 1715 0
1085 6437 0
1085 2923 0
1085 342 1
1085 3608 1
1085 6946 1
1085 3503 0
1085 6721 0
1085 1585 0
1085 98 1
1086 2950 1
1086 5675 1
1086 1687 1
1086 1161 1
1086 2595 1
1086 6925 1
1086 3627 1
1086 4473 1
1086 1710 0
1086 796 1
1086 5836 1
1086 5196 1
1086 6412 0
1086 783 1
1086 5654 1
1086 3437 1
1086 1203 1
1087 1977 1
1087 1654 1
1087 1643 1
1087 4103 1
1087 1804 1
1087 986 0
1087 4839 0
1087 1819 0
1087 1064 0
1087 2832 1
1087 1001 1
1087 1096 1
1087 2367 1
1087 3231 1
1088 368 0
1088 1714 1
1088 1610 1
1088 4024 1
1088 4325 0
1088 3315 0
1088 6355 0
1088 696 1
1088 6248 0
1088 2443 0
1088 6369 1
1088 2323 1
1088 3758 1
1089 5430 1
1089 155 1
1089 3568 1
1089 904 1
1089 6788 1
1089 5596 1
1089 1707 1
1089 4563 1
1089 4561 1
1089 4175 0
1089 2616 1
1089 5869 1
1089 3867 1
1089 5733 1
1090 1855 1
1090 1386 1
1090 5798 1
1090 4453 1
1090 1934 1
1090 4422 1
1090 4656 0
1090 1922 1
1090 4372 1
1090 4371 1
1090 1658 1
1090 1 1
1090 3938 0
1091 1885 1
1091 644 1
1091 6224 1
1091 1124 1
1091 6908 1
1091 353 1
1091 4361 1
1091 119 1
1091 2475 1
1091 4714 1
1091 6615 1
1091 5399 1
1091 368 1
1091 3510 1
1091 4422 1
1092 4824 1
1092 370 1
1092 1072 0
1092 3916 0
1092 2010 0
1092 3960 1
1092 3956 1
1092 4577 1
1092 2976 1
1092 1964 0
1092 4711 0
1093 1518 1
1093 1323 1
1093 2979 1
1093 6290 1
1093 1531 1
1093 369 1
1093 914 1
1093 3490 1
1093 6355 1
1094 1617 1
1094 4579 1
1094 6914 1
1094 5103 1
1094 1533 1
1094 4283 1
1094 442 1
1094 1162 1
1094 221 1
1094 1900 1
1094 6905 1
1094 2981 1
1094 630 1
1094 34 1
1094 5029 1
1094 6096 1
1095 2983 1
1095 837 1
1095 2282 1
1095 6557 1
1095 6551 1
1095 1776 1
1095 3671 1
1095 2201 1
1095 6131 1
1095 3341 1
1095 6081 1
1095 2291 1
1095 1532 1
1095 6565 1
1095 6241 1
1096 1915 1
1096 13 1
1096 5323 1
1096 6050 1
1096 1840 1
1096 5509 1
1096 3525 1
1096 5853 1
1096 6866 1
1096 4710 1
1096 5127 1
1096 6774 1
1096 1724 1
1096 4911 1
1097 4906 1
1097 2416 1
1097 527 1
1097 2386 1
1097 4021 1
1097 5772 1
1097 973 1
1097 3061 1
1097 4822 1
1097 1004 1
1097 2370 1
1097 4821 1
1097 3451 1
1097 3853 1
1097 4683 1
1097 5903 1
1097 936 1
1097 5993 1
1097 6468 1
1097 6470 1
1097 6474 1
1097 1301 1
1097 3862 1
1097 3372 1
1097 3640 1
1097 6480 1
1097 4181 1
1097 5761 1
1097 3596 0
1097 1074 1
1097 510 1
1097 5488 1
1097 2359 1
1097 4477 1
1097 2257 0
1097 6439 1
1097 5720 0
1097 6679 1
1098 4906 1
1098 2416 1
1098 527 1
1098 2386 1
1098 4021 1
1098 5772 1
1098 973 1
1098 3061 1
1098 4822 1
1098 1004 1
1098 2370 1
1098 4821 1
1098 3451 1
1098 3853 1
1098 4683 1
1098 5903 1
1098 936 1
1098 5993 1
1098 6468 1
1098 6470 1
1098 6474 1
1098 1301 1
1098 3862 1
1098 3372 1
1098 3640 1
1098 6480 1
1098 4181 1
1098 5761 1
1098 3596 0
1098 1074 1
1098 510 1
1098 5488 1
1098 2359 1
1098 4477 1
1098 2257 0
1098 6439 1
1098 5720 0
1098 6679 1
1099 6878 1
1099 4782 1
1099 3295 1
1099 4176 1
1099 2236 1
1099 3731 1
1099 5036 1
1099 6593 1
1099 4089 1
1099 6416 1
1099 5368 1
1099 5288 1
1099 6619 1
1099 4779 1
1099 1398 1
1099 6808 1
1099 554 1
1099 553 1
1099 2857 1
1099 4091 1
1099 5009 1
1099 2620 1
1099 4986 1
1099 5220 1
1099 6476 1
1099 6793 1
1099 502 1
1100 6878 1
1100 4782 1
1100 3295 1
1100 4176 1
1100 2236 1
1100 3731 1
1100 5036 1
1100 6593 1
1100 4089 1
1100 6416 1
1100 5368 1
1100 5288 1
1100 6619 1
1100 4779 1
1100 1398 1
1100 6808 1
1100 554 1
1100 553 1
1100 2857 1
1100 4091 1
1100 5009 1
1100 2620 1
1100 4986 1
1100 5220 1
1100 6476 1
1100 6793 1
1100 502 1
1101 2095 1
1101 2508 1
1101 1463 1
1101 6424 1
1101 360 1
1101 1606 1
1101 974 1
1101 1682 1
1101 3270 1
1101 3612 1
1101 5984 1
1101 4768 1
1101 5708 1
1101 1140 1
1101 388 1
1101 2901 1
1101 4229 1
1101 4602 1
1101 1237 1
1101 6912 1
1101 5449 1
1101 5455 1
1101 6734 1
1101 6635 1
1101 1696 1
1101 3773 1
1101 6728 0
1101 3729 0
1101 1711 1
1101 5135 1
1101 930 1
1101 5273 0
1101 5396 1
1101 6114 1
1101 5199 1
1101 5427 1
1101 3436 1
1101 934 1
1102 967 1
1102 3940 1
1102 3450 1
1102 4919 1
1102 6097 1
1102 579 1
1102 4486 1
1102 6486 1
1102 1460 1
1102 5565 1
1102 5406 1
1102 3540 1
1102 4472 1
1102 3522 1
1102 3044 1
1102 3944 1
1102 1687 1
1102 5556 1
1102 2191 1
1102 1916 1
1102 796 1
1102 3893 1
1102 1440 1
1102 6080 1
1102 5850 1
1102 3943 1
1103 5460 1
1103 3649 1
1103 650 1
1103 1785 1
1103 607 1
1103 3180 1
1103 5768 1
1103 3959 1
1103 4014 1
1103 1149 1
1103 2466 1
1103 2989 1
1103 2149 1
1103 318 1
1103 1671 1
1103 4644 1
1103 4906 1
1103 2386 1
1103 2388 1
1103 522 1
1103 6330 0
1103 2384 1
1103 5694 1
1103 2638 1
1103 2383 1
1103 1904 1
1103 1984 1
1103 5151 1
1103 5488 0
1103 2468 1
1103 2485 1
1104 5344 1
1104 5066 0
1104 1620 0
1104 4759 0
1104 5495 0
1104 6594 0
1104 6664 0
1104 1983 0
1104 6406 0
1104 602 0
1104 3422 0
1104 2823 0
1104 3365 0
1104 434 0
1104 4919 1
1104 6097 1
1104 579 1
1104 4486 1
1104 6486 1
1104 6183 1
1104 3940 1
1104 1728 1
1104 5850 1
1104 2445 1
1104 6550 1
1104 1458 1
1104 2585 1
1104 3648 0
1104 558 0
1104 6295 0
1104 3379 1
1104 436 1
1104 361 1
1104 3493 1
1105 1080 1
1105 5793 1
1105 3007 1
1105 2833 1
1105 2834 1
1105 1915 0
1105 3329 1
1105 1676 1
1105 4654 0
1105 4327 1
1105 775 1
1105 3186 1
1105 475 1
1105 2925 0
1105 6238 1
1105 4183 1
1105 6538 1
1105 1934 1
1105 6794 1
1105 6707 1
1105 2309 0
1105 4330 1
1105 6410 1
1105 2579 1
1105 2797 1
1106 1080 1
1106 5793 1
1106 3007 1
1106 2833 1
1106 2834 1
1106 1915 0
1106 3329 1
1106 1676 1
1106 4654 0
1106 4327 1
1106 775 1
1106 3186 1
1106 475 1
1106 2925 0
1106 6238 1
1106 4183 1
1106 6538 1
1106 1934 1
1106 6794 1
1106 6707 1
1106 2309 0
1106 4330 1
1106 6410 1
1106 2579 1
1106 2797 1
1107 4784 1
1107 305 1
1107 6566 1
1107 2607 0
1107 1473 1
1107 1673 1
1107 1453 1
1107 1418 1
1107 2139 0
1107 4983 0
1107 5644 0
1107 471 0
1107 4904 0
1107 2014 0
1107 5758 1
1107 4168 0
1107 3311 0
1107 3329 1
1107 1676 1
1107 1482 1
1107 2077 1
1107 6709 1
1107 6021 1
1107 56 1
1107 55 1
1107 940 1
1107 1474 1
1107 3177 1
1107 5619 1
1107 3211 1
1107 654 0
1107 5793 0
1107 1080 0
1107 5979 1
1107 621 0
1107 5180 0
1107 1360 0
1107 3933 0
1107 2141 0
1107 4185 0
1107 590 0
1107 6141 0
1107 5734 0
1107 3621 0
1107 5637 0
1107 6867 0
1107 2898 0
1107 440 0
1107 6287 0
1107 5667 0
1108 4784 1
1108 305 1
1108 6566 1
1108 2607 0
1108 1473 1
1108 1673 1
1108 1453 1
1108 1418 1
1108 2139 0
1108 4983 0
1108 5644 0
1108 471 0
1108 4904 0
1108 2014 0
1108 5758 1
1108 4168 0
1108 3311 0
1108 3329 1
1108 1676 1
1108 1482 1
1108 2077 1
1108 6709 1
1108 6021 1
1108 56 1
1108 55 1
1108 940 1
1108 1474 1
1108 3177 1
1108 5619 1
1108 3211 1
1108 654 0
1108 5793 0
1108 1080 0
1108 5979 1
1108 621 0
1108 5180 0
1108 1360 0
1108 3933 0
1108 2141 0
1108 4185 0
1108 590 0
1108 6141 0
1108 5734 0
1108 3621 0
1108 5637 0
1108 6867 0
1108 2898 0
1108 440 0
1108 6287 0
1108 5667 0
1109 4960 1
1109 3441 1
1109 839 1
1109 2634 1
1109 5007 0
1109 6614 1
1109 4757 1
1109 1712 1
1109 4266 1
1109 2111 1
1109 5637 1
1109 3621 1
1109 1426 1
1109 2891 1
1109 5734 1
1109 6141 1
1109 4720 1
1109 5630 1
1109 1072 1
1109 3916 1
1109 1527 1
1109 2010 1
1109 5522 1
1109 4684 1
1109 3317 1
1109 6308 1
1109 3158 1
1109 1826 1
1109 6118 1
1109 5966 1
1109 4160 1
1109 1456 1
1109 4031 1
1109 5128 1
1109 5386 1
1109 241 1
1109 2418 1
1109 3836 1
1109 432 1
1109 5387 1
1109 3666 1
1109 5051 1
1109 6876 1
1109 2760 1
1109 3647 1
1109 4272 1
1109 594 1
1109 5131 1
1109 5151 1
1110 6274 1
1110 4118 0
1110 1436 1
1110 904 1
1110 3347 0
1110 3740 0
1110 4120 0
1110 314 0
1110 520 0
1110 6109 0
1110 2616 0
1110 5021 0
1110 3099 0
1110 3994 0
1110 155 0
1110 3568 0
1110 6625 0
1110 5366 0
1110 1869 0
1110 5430 0
1110 5205 0
1110 4878 0
1110 3121 0
1110 1707 0
1110 6265 0
1110 3233 1
1110 4136 0
1110 1923 0
1110 747 0
1110 4196 0
1110 249 0
1110 5216 1
1110 6481 0
1110 191 0
1110 4978 0
1110 6117 0
1110 3206 0
1110 3867 0
1110 2599 0
1110 5403 0
1110 3248 0
1110 4333 0
1110 754 1
1110 5356 0
1110 4386 0
1110 6881 0
1110 224 0
1110 2080 0
1110 5134 1
1110 6788 0
1111 5793 1
1111 5434 1
1111 671 1
1111 6649 1
1111 1361 1
1111 5571 1
1111 5575 1
1111 5501 1
1111 4767 1
1111 5212 1
1111 6381 1
1111 2825 1
1111 3114 1
1111 5770 1
1111 2824 1
1111 6438 1
1111 3613 1
1111 1686 1
1111 301 1
1111 2492 1
1111 4928 1
1111 2667 1
1111 6684 1
1111 783 1
1111 5765 1
1111 5954 1
1111 3400 1
1111 1745 1
1111 3209 1
1111 4508 1
1111 5519 1
1111 2910 1
1111 298 1
1111 5923 0
1111 4542 1
1111 1658 0
1111 1080 0
1111 4043 0
1111 2607 1
1111 6444 0
1111 3743 0
1111 766 0
1111 2183 0
1111 4044 1
1111 6778 0
1111 2925 0
1111 859 0
1111 5167 0
1111 3329 0
1111 525 0
1112 2473 1
1112 5039 1
1112 3141 0
1112 1699 0
1112 2261 1
1112 6221 0
1112 6667 0
1112 2487 0
1112 4755 0
1112 4756 0
1112 2458 1
1112 6851 1
1112 627 1
1112 3229 1
1112 5324 1
1112 4760 1
1112 2469 1
1112 1672 1
1112 603 1
1112 3858 1
1112 6777 1
1112 6669 1
1112 6563 1
1112 3324 1
1112 6183 1
1112 6549 0
1112 2823 0
1112 5941 0
1112 5946 0
1112 3422 0
1112 4950 0
1112 434 0
1112 5066 0
1112 6406 0
1112 2266 0
1112 2495 0
1112 506 0
1112 5030 0
1112 2861 0
1112 2445 0
1112 5563 0
1112 2491 0
1112 6422 0
1112 4169 0
1112 6706 0
1112 375 0
1112 3214 1
1112 6795 0
1112 4762 0
1112 1988 0
1113 2430 1
1113 2729 1
1113 4029 0
1113 5152 0
1113 6660 0
1113 6589 0
1113 6026 0
1113 5014 0
1113 4171 0
1113 5167 0
1113 2720 0
1113 737 0
1113 5951 0
1114 5209 1
1114 6475 1
1114 26 1
1114 4971 1
1114 5557 1
1114 3063 1
1114 4125 1
1114 131 1
1114 4328 1
1114 1200 1
1114 2888 1
1114 1396 1
1114 5190 1
1114 2600 1
1114 789 0
1114 4219 0
1114 509 0
1114 2351 0
1114 6168 1
1114 6262 0
1114 1641 0
1114 3737 0
1114 2041 1
1114 6816 0
1115 3344 1
1115 1139 1
1115 3847 1
1115 2452 1
1115 2169 1
1115 1344 1
1115 4707 1
1115 704 1
1115 1611 0
1115 1264 1
1115 1261 1
1115 1719 1
1115 2301 1
1115 3854 1
1115 1720 1
1116 1699 1
1116 3141 1
1116 6221 1
1116 2261 1
1116 6667 1
1116 2487 1
1116 5039 1
1116 4755 1
1116 4756 1
1116 627 1
1116 6851 1
1116 3229 1
1116 5324 1
1116 2469 1
1116 4760 1
1116 603 1
1116 1672 1
1116 6777 1
1116 3858 1
1116 6183 1
1116 3324 1
1116 6563 1
1116 6669 1
1116 6549 1
1116 2823 1
1116 5946 1
1116 5941 1
1116 1988 1
1116 2501 1
1116 6795 1
1116 4762 1
1116 3214 1
1116 375 1
1116 2458 1
1117 5167 1
1117 6506 1
1117 3766 1
1117 1916 1
1117 346 1
1117 2493 1
1117 2451 1
1117 6196 1
1117 4703 1
1117 3580 1
1117 5942 1
1117 1393 1
1117 2936 0
1117 5782 0
1117 4380 0
1117 5451 0
1118 6825 1
1118 1613 1
1118 4394 1
1118 4404 1
1118 6945 1
1118 57 1
1118 1582 1
1118 969 1
1118 190 1
1118 368 0
1118 4422 0
1118 6355 0
1119 3033 0
1119 6898 0
1119 1730 1
1119 2345 1
1119 5568 0
1119 6094 1
1119 2397 0
1119 3010 0
1119 3466 1
1119 6933 1
1119 6368 0
1119 2545 0
1119 3386 0
1119 4184 0
1119 2023 1
1119 6639 1
1119 2282 0
1119 1641 0
1119 5904 0
1119 3564 1
1119 2353 0
1119 2048 0
1119 5625 0
1119 3748 0
1119 3075 0
1119 3686 0
1119 5111 0
1119 5512 0
1120 2747 0
1120 4083 0
1120 3449 0
1120 1109 0
1120 270 0
1120 5991 0
1120 3432 0
1120 850 0
1120 5385 0
1120 3886 0
1120 2093 0
1120 675 0
1120 5877 0
1120 4163 0
1120 5301 0
1120 584 0
1120 3234 0
1120 544 0
1120 5673 0
1120 5989 0
1120 6533 0
1120 6197 0
1120 2799 0
1120 4908 1
1120 2150 1
1120 6317 1
1120 2858 1
1120 942 1
1120 2274 0
1120 2402 0
1120 5362 0
1120 458 1
1121 2770 1
1121 3869 1
1121 5283 1
1121 3125 1
1121 4306 1
1121 1656 1
1121 3618 1
1121 2893 1
1121 5678 0
1121 5045 0
1121 3774 0
1121 3312 0
1121 3759 0
1121 1678 0
1121 2251 0
1121 5533 0
1121 479 0
1121 4943 0
1121 952 0
1121 2201 0
1121 2269 0
1121 6622 0
1121 1234 0
1121 950 0
1121 1915 0
1121 13 1
1121 5323 1
1121 4911 0
1121 1724 0
1121 809 1
1121 5291 1
1121 2311 0
1121 397 0
1121 801 0
1121 3098 0
1121 5755 1
1121 524 0
1121 4391 1
1121 4923 0
1122 2284 0
1122 4884 0
1122 4686 1
1122 5000 1
1122 2278 1
1122 2566 1
1122 4894 1
1122 2894 1
1122 6023 0
1122 5367 1
1122 1960 1
1122 5006 1
1122 3642 0
1122 494 0
1122 4250 1
1122 6842 1
1122 371 1
1122 5767 0
1122 3229 0
1122 5324 0
1122 6851 0
1122 2469 0
1122 4760 0
1122 627 0
1122 6777 0
1122 3858 0
1122 603 0
1122 1672 0
1122 1526 0
1123 3009 0
1123 5467 0
1123 310 0
1123 751 0
1123 2339 0
1123 3350 0
1123 2377 1
1123 5355 0
1123 5845 0
1123 2887 1
1123 959 1
1123 5077 1
1123 1802 1
1123 6714 0
1123 5346 0
1123 4156 0
1123 3971 0
1123 5081 0
1123 6478 0
1123 6600 0
1123 4480 0
1123 6431 0
1123 1402 0
1123 6939 0
1123 6475 0
1123 26 0
1123 4971 0
1123 5557 0
1123 3063 0
1123 826 0
1123 5122 0
1123 3168 1
1123 2985 1
1123 1618 0
1123 1534 0
1123 3341 0
1123 1749 1
1123 2375 0
1123 3550 0
1123 6872 0
1123 4504 1
1123 2023 1
1123 2122 1
1123 6771 1
1124 1710 1
1124 1526 0
1124 5378 1
1124 3125 1
1124 6072 0
1124 958 0
1124 1488 1
1124 1433 0
1124 2071 1
1124 5167 0
1124 1446 0
1125 2092 1
1125 1496 1
1125 3651 1
1125 1408 1
1125 3361 0
1125 368 0
1125 852 1
1125 4130 0
1125 2352 0
1125 662 0
1125 1729 0
1126 967 1
1126 5384 1
1126 4910 1
1126 2801 1
1126 3044 1
1126 6111 1
1126 4472 1
1126 6067 1
1126 2041 1
1126 3071 1
1127 6343 1
1127 6636 1
1127 6305 1
1127 6823 1
1127 4949 1
1127 2810 1
1127 6772 1
1127 2001 1
1127 800 1
1127 487 1
1128 6343 1
1128 6636 1
1128 6305 1
1128 6823 1
1128 4949 1
1128 2810 1
1128 6772 1
1128 2001 1
1128 800 1
1128 487 1
1129 1479 1
1129 5349 0
1129 4042 1
1129 5356 1
1129 3867 1
1129 658 0
1129 2378 1
1129 3051 0
1129 2287 0
1129 6208 0
1129 1926 1
1130 2321 1
1130 5158 0
1130 1716 0
1130 762 1
1130 1085 1
1130 98 1
1130 2327 0
1130 1088 0
1130 368 0
1130 3503 0
1130 2377 0
1131 368 1
1131 2921 0
1131 5766 0
1131 3648 1
1131 6861 0
1131 5354 0
1131 697 1
1131 5927 1
1131 4130 1
1131 4479 0
1131 3043 1
1132 4023 0
1132 6219 0
1132 2546 0
1132 2816 0
1132 3745 0
1132 1715 0
1132 6570 1
1132 5765 0
1132 5348 1
1132 3361 0
1132 6057 0
1132 3743 0
1132 5627 0
1132 6423 0
1133 4604 1
1133 6927 1
1133 5037 1
1133 4484 1
1133 899 1
1133 2766 1
1133 5431 1
1133 2772 1
1133 5391 1
1133 4401 1
1133 5447 1
1133 1679 1
1133 6429 1
1133 2716 1
1133 5902 1
1133 5487 1
1134 993 1
1134 2236 1
1134 4782 0
1134 1032 1
1134 1621 1
1134 1265 1
1134 4999 1
1134 5067 1
1134 5186 1
1134 5288 1
1134 872 1
1134 3295 1
1134 3705 1
1134 4994 1
1134 294 1
1134 3399 1
1134 4089 1
1134 5383 1
1134 3706 1
1134 3911 1
1134 3571 1
1134 4677 1
1134 5036 1
1134 5010 1
1134 6416 1
1134 3541 1
1134 1170 1
1134 6593 1
1134 962 1
1134 5368 1
1135 570 1
1135 568 1
1135 344 1
1135 4016 1
1135 1993 1
1135 5276 1
1135 5432 1
1135 3078 1
1135 1994 0
1135 6145 1
1135 1439 1
1136 3557 1
1136 6464 1
1136 2410 1
1136 3189 1
1136 3004 0
1136 916 1
1136 2233 1
1136 3355 1
1136 5419 1
1136 6802 1
1137 6378 1
1137 3072 1
1137 3199 1
1137 793 0
1137 794 0
1137 1685 0
1137 2754 0
1137 1684 0
1137 2871 0
1137 790 0
1137 2581 0
1137 2769 0
1137 2768 0
1137 1206 0
1137 5558 0
1137 4912 0
1137 863 0
1137 1686 0
1137 783 0
1137 4928 0
1137 3570 0
1137 4426 0
1138 2426 0
1138 2957 1
1138 4505 1
1138 2122 1
1138 778 1
1138 5792 1
1138 4504 1
1138 2023 1
1138 3383 1
1138 4507 1
1138 2034 0
1139 2525 0
1139 2551 1
1139 2180 0
1139 2154 0
1139 1992 1
1139 2457 0
1139 2110 0
1139 6145 0
1139 1994 0
1139 3078 0
1139 1439 0
1140 2046 1
1140 1437 1
1140 6382 1
1140 210 1
1140 6717 1
1140 4812 1
1140 85 1
1140 658 1
1140 747 1
1140 2079 1
1140 4806 1
1140 1438 1
1140 4121 1
1140 2817 1
1140 2465 1
1140 713 1
1140 2598 1
1140 4629 1
1140 3099 0
1140 3994 0
1140 155 0
1140 3568 0
1140 6625 0
1140 1869 0
1140 5430 0
1140 5366 0
1140 1707 0
1140 6265 0
1140 924 0
1140 1472 1
1141 183 1
1141 1191 1
1141 6656 1
1141 5125 1
1141 6567 1
1141 4951 0
1141 5927 1
1141 3189 0
1141 1986 0
1141 6180 0
1141 6885 0
1141 4957 0
1141 3734 0
1142 1915 1
1142 13 1
1142 809 1
1142 1724 1
1142 1656 1
1142 5755 1
1142 3098 1
1142 4923 1
1142 2377 1
1142 1172 0
1143 3112 1
1143 5957 1
1143 946 1
1143 5664 0
1143 6177 1
1143 2062 0
1143 3912 1
1143 4189 1
1143 1664 1
1143 2397 1
1143 1641 0
1144 6901 1
1144 1892 1
1144 1271 0
1144 2356 1
1144 2889 0
1144 354 1
1144 2512 0
1144 1342 1
1144 6902 1
1144 2485 0
1145 2046 1
1145 1437 1
1145 6382 1
1145 210 1
1145 6717 1
1145 85 1
1145 4812 1
1145 658 1
1145 747 1
1145 2079 1
1145 2598 1
1145 713 1
1145 4121 1
1145 2465 1
1145 2817 1
1145 6404 1
1145 1438 1
1145 4806 1
1145 2463 1
1145 4941 0
1145 5021 0
1145 2616 0
1145 6109 0
1146 4941 0
1146 2909 0
1146 5813 0
1146 5746 0
1146 3859 0
1146 5138 0
1146 511 1
1146 183 1
1146 4219 0
1146 1191 1
1146 6656 1
1146 5125 1
1146 6567 1
1146 1889 0
1146 4490 0
1146 6916 0
1146 3512 0
1146 2470 0
1146 4951 0
1146 5927 1
1146 3189 0
1146 1986 0
1146 6180 0
1146 1687 0
1146 1161 0
1147 6503 1
1147 1735 1
1147 3718 0
1147 1767 0
1147 3758 1
1147 2249 0
1147 6926 0
1147 2801 0
1147 2670 0
1147 2378 0
1148 2321 1
1148 3611 1
1148 4559 0
1148 4558 0
1148 366 1
1148 2323 1
1148 367 1
1148 3503 1
1148 5154 1
1148 99 1
1148 4562 0
1148 4560 0
1149 819 1
1149 6390 1
1149 6326 1
1149 6124 1
1149 3100 1
1149 1159 0
1149 1458 0
1149 5565 0
1149 5406 0
1149 3540 0
1149 4472 0
1149 5245 0
1149 2585 0
1149 3145 0
1149 967 0
1149 3940 0
1149 3450 0
1149 1460 0
1149 2950 0
1149 5675 0
1149 3268 0
1149 5776 0
1149 3136 0
1149 3944 0
1149 3499 0
1149 5850 0
1149 2578 0
1150 6885 1
1150 5318 1
1150 2126 1
1150 2135 0
1150 2128 0
1150 2131 0
1150 2127 0
1150 2132 1
1150 2129 0
1150 2130 0
1150 2133 1
1150 3203 1
1150 560 1
1151 967 1
1151 3940 1
1151 3450 1
1151 4919 1
1151 6097 1
1151 1460 1
1151 1458 1
1151 2950 1
1151 3522 1
1151 3944 1
1151 6080 1
1151 3100 1
1151 4616 1
1151 3071 1
1152 5228 0
1152 1680 1
1152 2044 1
1152 845 1
1152 1009 0
1152 5531 1
1152 6675 0
1152 5881 1
1152 4899 1
1152 2695 1
1152 755 1
1153 6869 1
1153 3110 0
1153 5508 0
1153 6399 0
1153 3412 1
1153 5199 1
1153 5025 1
1153 6638 0
1153 645 1
1153 4931 1
1153 5300 0
1153 942 0
1153 4908 0
1153 6317 0
1153 2858 0
1153 2150 0
1153 2910 0
1153 298 0
1153 5923 0
1153 6771 0
1153 6757 0
1153 5122 0
1153 2674 1
1153 278 1
1153 3044 0
1153 4724 0
1153 6282 0
1153 5897 0
1153 514 0
1153 1725 0
1153 1492 0
1153 284 0
1153 6192 0
1153 3522 0
1153 2092 0
1153 6115 0
1153 5987 0
1153 3017 0
1153 3358 0
1153 1159 0
1153 2664 0
1153 4716 1
1153 5752 0
1153 380 0
1153 6288 0
1153 1744 0
1153 1923 0
1153 3400 0
1153 1745 0
1153 5313 0
1154 2046 1
1154 1437 1
1154 6382 1
1154 210 1
1154 747 1
1154 2817 1
1154 3347 1
1154 904 1
1154 5021 1
1154 2616 1
1154 6109 1
1154 520 1
1154 3740 1
1154 4120 1
1154 314 1
1154 4118 1
1154 1707 0
1154 3233 1
1154 1923 1
1154 4196 1
1154 754 1
1155 5460 1
1155 3649 1
1155 2989 1
1155 318 1
1155 5511 1
1155 4644 1
1155 5694 1
1155 5151 1
1155 4087 1
1155 5488 1
1156 5773 1
1156 72 1
1156 1981 1
1156 2645 1
1156 1776 0
1156 3671 0
1156 2201 0
1156 3341 0
1156 6131 0
1156 2217 0
1156 3722 1
1156 2352 0
1156 4253 0
1156 3340 0
1156 5514 0
1156 6209 0
1157 4541 1
1157 6295 1
1157 5796 1
1157 6503 1
1157 3092 1
1157 919 1
1157 3623 0
1157 4239 1
1157 5850 1
1157 4320 1
1158 1143 0
1158 3342 0
1158 2421 0
1158 1948 0
1158 3050 1
1158 6838 1
1158 4221 0
1158 5176 0
1158 4604 0
1158 4831 0
1158 4739 0
1158 303 0
1158 6077 0
1158 6927 0
1158 5037 0
1158 2766 0
1158 2772 0
1158 5431 0
1158 5391 0
1158 4401 0
1158 5487 0
1159 5356 1
1159 5755 1
1159 6847 1
1159 1915 1
1159 13 1
1159 5853 1
1159 4710 1
1159 1724 1
1159 4911 1
1159 809 1
1159 5291 0
1159 2241 0
1159 4978 1
1159 431 1
1159 2600 0
1159 4231 0
1159 4325 1
1159 3867 1
1160 2062 1
1160 6617 1
1160 2347 1
1160 2067 1
1160 1730 1
1160 5277 1
1160 4963 0
1160 3976 1
1160 6797 1
1160 327 1
1160 6492 1
1161 556 1
1161 2227 1
1161 5742 0
1161 1320 0
1161 1934 0
1161 5860 1
1161 3375 1
1161 2218 1
1161 4387 1
1161 5501 1
1161 3209 1
1161 5456 1
1161 3591 1
1161 6146 1
1161 155 0
1161 3568 0
1161 6040 0
1161 5910 0
1162 4995 1
1162 3999 1
1162 2158 1
1162 2787 1
1162 2349 1
1162 2225 1
1162 6070 1
1162 3849 1
1162 1738 1
1162 6546 1
1162 6030 1
1162 6401 1
1163 2778 1
1163 5787 0
1163 6171 0
1163 2781 1
1163 1738 1
1163 4292 0
1163 1701 0
1163 6407 1
1163 2783 1
1163 6016 1
1163 6047 0
1163 6292 0
1163 3524 0
1164 6458 0
1164 2961 1
1164 2291 0
1164 6016 1
1164 1435 1
1164 6117 0
1164 555 1
1164 474 1
1164 5542 1
1164 6816 1
1164 6401 1
1164 59 1
1164 1745 1
1164 3400 1
1164 6407 0
1164 5619 0
1164 55 0
1164 5046 0
1164 475 0
1164 5514 0
1164 6493 0
1164 1934 0
1164 1320 0
1164 6546 1
1164 3389 0
1165 214 1
1165 1723 1
1165 2228 1
1165 297 1
1165 6818 1
1165 614 1
1165 6540 0
1165 3405 1
1165 5640 1
1165 616 0
1165 5382 1
1166 762 1
1166 1085 1
1166 1088 1
1166 2321 1
1166 366 1
1166 2323 0
1166 4558 0
1166 3611 1
1166 4559 0
1166 3503 1
1166 5154 1
1166 1717 1
1166 3608 0
1166 2328 1
1166 6946 1
1166 342 1
1166 3609 1
1166 2327 1
1167 1963 1
1167 1716 1
1167 5000 1
1167 2278 1
1167 4686 1
1167 2566 1
1167 3245 1
1167 5367 1
1167 3642 1
1167 958 0
1167 3503 1
1167 5648 0
1167 5785 1
1167 6944 0
1167 3610 1
1168 662 1
1168 5348 1
1168 4110 1
1168 2550 0
1168 2755 1
1168 3737 1
1168 2546 1
1168 2913 0
1168 3386 1
1168 3734 0
1168 661 1
1168 1199 0
1168 2351 1
1168 2372 0
1168 5345 0
1168 1221 0
1168 5076 1
1168 435 1
1168 3332 1
1168 1353 0
1168 6655 0
1168 1895 0
1168 2113 1
1169 960 1
1169 2599 1
1169 5403 1
1169 6273 1
1169 4386 1
1169 642 1
1169 3099 1
1169 3994 1
1169 155 1
1169 1704 1
1169 2601 1
1170 3033 1
1170 1963 1
1170 2532 1
1170 958 0
1170 2966 0
1170 2428 1
1170 5000 0
1170 2278 0
1170 4686 0
1170 3245 0
1170 2423 0
1170 5367 0
1170 3642 0
1171 4324 0
1171 4130 1
1171 1134 1
1171 6219 1
1171 3043 0
1171 211 1
1171 2845 1
1171 5496 0
1171 6181 1
1171 2413 1
1171 1910 1
1171 6406 0
1171 5495 0
1171 2823 0
1171 5066 0
1171 4260 0
1171 4598 0
1171 3134 0
1171 3349 0
1172 1718 1
1172 282 1
1172 1404 1
1172 344 1
1172 4380 1
1172 1065 1
1172 5881 1
1172 6585 0
1172 2879 1
1172 4346 1
1172 765 1
1172 2249 0
1172 4132 1
1172 6286 1
1172 6196 1
1172 2451 1
1172 368 0
1172 570 0
1172 1907 1
1172 5432 0
1172 5167 1
1172 5766 1
1172 3526 1
1172 2375 0
1172 3580 0
1172 2365 0
1172 893 0
1172 1570 1
1172 5467 0
1172 3009 0
1172 310 0
1172 2377 0
1172 2991 1
1172 3035 0
1172 4320 0
1172 6779 0
1172 6781 0
1172 3766 1
1172 6506 1
1172 990 0
1172 3480 0
1172 1689 0
1172 2764 0
1172 6588 1
1172 6179 1
1172 223 0
1172 3505 1
1172 4016 0
1172 2496 1
1173 5753 1
1173 1431 1
1173 264 0
1173 1903 0
1173 3331 0
1173 2333 0
1173 1687 0
1173 1161 0
1173 6397 0
1173 6925 0
1173 3098 1
1173 1996 1
1173 4333 1
1173 5960 1
1173 3248 1
1174 817 0
1174 2608 1
1174 1752 0
1174 4278 0
1174 1469 0
1174 4421 0
1174 3914 0
1174 3615 0
1174 2709 0
1174 3610 0
1174 2773 0
1174 3226 0
1174 1197 0
1175 4905 1
1175 2812 1
1175 5263 1
1175 3686 1
1175 4680 1
1175 803 1
1175 4308 1
1175 3240 1
1175 226 0
1175 1669 0
1175 5096 0
1175 1378 0
1175 6612 0
1175 1400 0
1175 1189 0
1175 5460 0
1175 2902 1
1175 2534 1
1175 1724 1
1175 925 1
1175 4811 1
1175 3618 1
1175 3464 1
1175 640 1
1175 3213 1
1176 4792 1
1176 3708 1
1176 2862 1
1176 5846 1
1176 4023 1
1176 2940 1
1176 837 0
1176 817 1
1176 3085 1
1176 211 1
1176 4726 1
1176 6113 1
1176 4267 1
1176 5162 1
1176 6673 1
1176 5466 1
1176 4972 1
1176 3757 1
1176 3790 1
1176 2719 0
1176 2718 0
1176 5932 0
1176 6423 0
1177 5793 1
1177 671 1
1177 5434 1
1177 6649 1
1177 5571 1
1177 5575 1
1177 1361 1
1177 5501 1
1177 4767 1
1177 5212 1
1177 2825 1
1177 3114 1
1177 6381 1
1177 2824 1
1177 5770 1
1177 6438 1
1177 3613 1
1177 1686 1
1177 5765 1
1177 783 1
1177 6684 1
1177 2667 1
1177 4928 1
1177 2492 1
1177 301 1
1177 5954 1
1177 3209 1
1177 1745 1
1177 3400 1
1177 4508 1
1177 5519 1
1177 1658 1
1177 1080 0
1177 2910 1
1177 298 1
1177 5923 1
1177 4542 1
1177 4043 0
1177 6778 0
1177 859 0
1178 4117 1
1178 590 1
1178 5923 0
1178 298 0
1178 2910 0
1178 6638 0
1178 2909 0
1178 4941 0
1178 4162 1
1178 4721 1
1178 3252 1
1178 942 0
1178 2858 0
1178 4908 0
1178 6317 0
1178 2150 0
1178 5742 0
1178 6220 0
1178 5082 0
1178 2675 0
1178 3712 0
1178 3052 0
1178 3044 0
1178 5897 0
1178 4724 0
1178 6282 0
1178 514 0
1178 1492 0
1178 1725 0
1178 6192 0
1178 284 0
1178 3522 0
1178 5756 0
1178 2934 1
1178 314 0
1178 6115 0
1178 5987 0
1178 2264 0
1179 594 1
1179 4272 1
1179 6876 1
1179 3647 1
1179 5051 1
1179 432 1
1179 3666 1
1179 5387 1
1179 3836 1
1179 2418 1
1179 241 1
1179 5386 1
1179 5128 1
1179 4031 1
1179 4160 1
1179 5966 1
1179 5151 1
1179 5131 1
1179 5630 1
1179 1527 1
1179 2010 1
1179 3916 1
1179 1072 1
1179 1701 1
1179 4960 1
1179 4720 1
1179 5734 1
1179 6141 1
1179 1426 1
1179 2891 1
1179 6494 1
1179 4333 0
1179 2111 1
1179 4266 1
1179 1712 1
1179 638 0
1179 212 0
1179 620 0
1179 4757 1
1179 6614 1
1179 5541 0
1179 5007 0
1179 2634 1
1179 839 1
1179 980 0
1179 5236 0
1179 1194 0
1179 3441 1
1180 3330 1
1180 6647 1
1180 706 1
1180 963 1
1180 5117 1
1180 6804 1
1180 6929 1
1180 3148 1
1180 6057 0
1180 536 1
1180 3332 1
1180 435 1
1180 5076 1
1180 3737 1
1180 2546 0
1180 6860 1
1180 3766 0
1180 5866 0
1180 5937 1
1180 6421 0
1181 4902 1
1181 1669 1
1181 968 1
1181 5626 1
1181 6079 1
1181 336 1
1181 1188 1
1181 1668 1
1181 3749 1
1181 4528 1
1181 3583 1
1181 5291 0
1181 809 0
1181 2735 0
1181 6549 0
1181 1983 0
1181 6199 0
1181 4300 0
1181 1633 0
1181 2907 1
1182 5341 1
1182 1978 1
1182 3321 1
1182 5042 1
1182 5105 1
1182 3113 1
1182 5662 1
1182 6299 1
1182 6493 0
1182 624 1
1182 6848 1
1182 6490 0
1182 5536 1
1182 6169 1
1182 5754 1
1182 3763 1
1182 2085 1
1182 2272 1
1182 597 1
1182 6699 1
1182 3991 0
1182 2301 0
1182 1262 0
1182 4048 0
1182 368 0
1182 5292 0
1182 5029 0
1182 4000 0
1182 4893 0
1182 2840 1
1182 3832 0
1182 1996 0
1182 5158 0
1182 4270 1
1182 4051 1
1182 6164 1
1182 6017 0
1182 5421 0
1182 6028 0
1182 6157 1
1182 2838 1
1182 5108 1
1182 4069 1
1182 1036 1
1182 5043 1
1182 2565 0
1182 2332 0
1182 3572 1
1182 2331 1
1182 6414 1
1183 2062 1
1183 6617 1
1183 2347 0
1183 2033 0
1183 2067 1
1183 6374 1
1183 6488 1
1183 3562 1
1183 2345 1
1183 1730 1
1183 2034 0
1183 3976 1
1183 4963 0
1183 5277 1
1183 327 1
1183 6005 0
1183 5613 0
1183 6292 0
1184 2950 1
1184 2670 1
1184 795 0
1184 2801 1
1184 5889 0
1184 6926 1
1184 2597 1
1184 2335 1
1184 3709 1
1184 2673 1
1184 798 0
1184 5675 1
1184 1687 1
1184 1161 1
1184 6925 1
1184 2595 1
1184 4473 1
1184 4990 0
1184 783 0
1184 3570 0
1184 4291 0
1184 3380 1
1184 5805 1
1184 4724 0
1184 3522 0
1184 6326 0
1185 4195 0
1185 6453 0
1185 5861 0
1185 539 1
1185 4897 1
1185 6844 0
1185 2671 0
1185 3558 0
1185 3656 0
1185 3646 0
1185 6334 0
1185 5910 0
1185 5175 1
1185 3069 0
1185 6898 0
1185 661 0
1185 4693 0
1185 2439 0
1185 3955 0
1185 4342 0
1185 2449 0
1186 215 1
1186 6629 0
1186 6560 0
1186 6025 0
1186 753 0
1186 373 1
1186 6531 0
1186 6460 0
1186 1934 0
1186 5467 0
1186 3009 0
1186 310 0
1186 6356 0
1186 2426 0
1186 4107 0
1186 4566 0
1186 4567 0
1186 4999 0
1186 6322 0
1186 3982 0
1187 6340 1
1187 4179 0
1187 4650 0
1187 6745 0
1187 5112 0
1187 3529 0
1187 4205 0
1187 4190 0
1187 2423 0
1187 3982 0
1187 2288 0
1187 1664 0
1187 6860 0
1187 4999 0
1187 2778 0
1187 1660 0
1187 2958 0
1187 3501 0
1187 5129 0
1187 5883 0
1188 2321 1
1188 4558 1
1188 366 1
1188 3611 1
1188 4559 1
1188 2323 1
1188 762 1
1188 1480 1
1188 98 1
1188 2327 1
1188 1717 0
1188 2328 0
1188 3608 1
1189 6908 1
1189 2475 1
1189 3838 1
1189 1934 1
1189 1885 1
1189 644 1
1189 6224 1
1189 1124 1
1189 353 1
1189 4361 1
1189 119 1
1189 4714 1
1189 2978 1
1189 24 1
1189 323 0
1189 4195 0
1189 2182 0
1189 4442 0
1189 4594 0
1189 2877 0
1189 3918 1
1190 163 1
1190 1252 1
1190 283 1
1190 1249 1
1190 1244 1
1190 6907 1
1190 1245 1
1190 1250 1
1190 1253 1
1190 6904 0
1190 1254 1
1190 1271 1
1190 2644 1
1190 5833 1
1191 3557 1
1191 6464 1
1191 2410 1
1191 3189 1
1191 3004 1
1191 916 1
1191 2233 1
1191 3355 1
1191 5419 1
1191 6802 1
1191 1295 1
1191 4345 1
1191 1372 1
1192 6370 1
1192 4941 0
1192 5813 0
1192 2909 0
1192 5306 0
1192 6651 0
1192 6298 0
1192 4766 0
1192 4319 0
1192 5459 0
1192 5132 0
1192 3857 0
1192 5855 0
1192 4899 0
1192 541 1
1192 6940 0
1192 1221 1
1193 5427 1
1193 3436 1
1193 934 1
1193 1145 1
1193 302 1
1193 3729 1
1193 5273 1
1193 1711 1
1193 1696 1
1193 3773 1
1193 2008 1
1193 3813 1
1193 4958 1
1193 6236 1
1193 6734 1
1193 4973 1
1193 1101 1
1193 6759 1
1193 3179 1
1193 4030 1
1193 4617 1
1193 5097 1
1193 6635 1
1193 761 1
1193 857 1
1193 3128 1
1193 2569 1
1193 6284 1
1193 5450 1
1193 6134 1
1193 749 1
1193 426 1
1193 583 1
1193 767 1
1193 5199 1
1193 2603 1
1193 1045 1
1193 6294 1
1193 930 1
1193 5135 1
1193 5589 1
1193 5744 1
1193 1374 1
1193 3097 1
1193 4833 0
1193 1463 1
1193 2095 1
1193 965 1
1193 106 1
1193 670 1
1194 182 0
1194 2062 1
1194 6617 1
1194 2347 0
1194 4892 1
1194 1730 1
1194 2345 1
1194 5580 1
1194 5277 1
1194 4963 0
1194 543 0
1194 1808 0
1194 4461 0
1195 5514 0
1195 5701 1
1195 6444 0
1195 71 1
1195 155 0
1195 3568 0
1195 2159 0
1195 318 0
1195 6407 0
1195 5074 0
1195 4073 0
1195 1738 0
1195 4292 0
1196 5514 0
1196 71 1
1196 5701 1
1196 1640 1
1196 6938 1
1196 4951 1
1196 5834 1
1196 1981 1
1196 3661 1
1196 6444 0
1196 3382 0
1196 1835 1
1196 1970 1
1196 6368 1
1197 5514 0
1197 71 1
1197 5701 1
1197 1640 1
1197 6938 1
1197 4951 1
1197 5834 1
1197 1981 1
1197 3661 1
1197 6444 0
1197 3382 0
1197 1835 1
1197 1970 1
1197 6368 1
1198 3234 1
1198 2747 1
1198 4083 1
1198 3449 1
1198 3886 1
1198 2093 1
1198 675 1
1198 5301 1
1198 5877 1
1198 1109 1
1198 270 1
1198 5385 1
1198 5991 1
1198 850 1
1198 3432 1
1198 584 1
1198 544 1
1198 5989 1
1198 5673 1
1199 6867 1
1199 2282 0
1199 5742 0
1199 1491 1
1199 6307 1
1199 1031 1
1199 6828 1
1199 6120 1
1199 4349 1
1199 1838 1
1199 4601 0
1199 3911 0
1199 1621 0
1199 2886 1
1199 4242 1
1199 3126 1
1199 4191 1
1199 638 1
1199 212 1
1200 3234 1
1200 2714 1
1200 5069 1
1200 3681 1
1200 5884 1
1200 4039 1
1200 1646 1
1200 3297 1
1200 6811 1
1200 4104 1
1200 3545 1
1200 3237 1
1200 5574 1
1200 3556 1
1200 6500 1
1201 2062 1
1201 6617 1
1201 2347 1
1201 2033 1
1201 2067 1
1201 6374 1
1201 6488 1
1201 3562 1
1201 1730 1
1201 2345 1
1201 5277 1
1201 4963 0
1201 3976 1
1201 2034 0
1201 6797 1
1201 2758 1
1201 5717 1
1201 6931 1
1201 3271 1
1201 3875 1
1201 6301 1
1201 3443 1
1201 327 1
1201 5580 1
1202 1915 1
1202 13 1
1202 5323 1
1202 6050 1
1202 1840 1
1202 5509 1
1202 3525 1
1202 5853 1
1202 6866 1
1202 4710 1
1202 5127 1
1202 6774 1
1202 1724 1
1202 4911 1
1202 5283 1
1202 3125 1
1202 4306 1
1202 1656 1
1202 3618 1
1202 2893 1
1202 6216 1
1202 3869 1
1202 3213 1
1202 397 1
1202 801 1
1202 3676 1
1202 6277 1
1202 5286 1
1202 86 1
1202 6939 1
1202 3098 1
1202 5755 1
1202 4923 1
1202 2377 1
1202 4978 1
1202 1172 1
1202 3474 1
1202 4901 1
1202 5356 1
1202 4325 1
1202 3867 1
1202 336 1
1202 1188 1
1202 4333 1
1202 3248 1
1202 1926 1
1202 1783 1
1203 13 1
1203 5323 1
1203 6050 1
1203 1840 1
1203 5509 1
1203 5853 1
1203 3525 1
1203 6866 1
1203 4710 1
1203 5127 1
1203 6774 1
1203 1915 1
1204 13 1
1204 5323 1
1204 6050 1
1204 1840 1
1204 5509 1
1204 5853 1
1204 3525 1
1204 6866 1
1204 4710 1
1204 5127 1
1204 6774 1
1204 1915 1
1204 3125 1
1204 5283 1
1205 1714 1
1205 1610 1
1205 2440 0
1205 4024 1
1205 4727 1
1205 6369 1
1205 197 1
1205 2443 0
1205 2263 1
1205 339 0
1205 766 0
1206 1440 1
1206 4663 1
1206 3893 1
1206 279 1
1206 4875 1
1206 4909 1
1206 6548 1
1206 2841 1
1206 1125 1
1206 5897 1
1206 3940 0
1206 3930 0
1206 6486 0
1206 6097 0
1206 4486 0
1206 579 0
1206 1291 1
1206 2269 0
1206 5675 0
1206 1511 0
1207 2397 1
1207 540 1
1207 6875 1
1207 2536 1
1207 6364 1
1207 2531 0
1207 665 1
1207 1196 1
1208 214 1
1208 297 1
1208 6818 1
1208 2228 1
1208 1723 1
1208 614 0
1208 6540 0
1208 5640 1
1208 2548 1
1208 4768 1
1208 656 1
1208 1682 1
1208 4602 0
1208 616 1
1208 3405 1
1208 865 1
1208 4833 1
1208 6521 1
1208 3412 0
1208 6754 1
1208 2745 1
1208 2739 1
1208 113 1
1208 1379 1
1208 3843 1
1208 2874 1
1208 84 1
1208 3799 1
1208 3167 1
1208 3216 1
1208 3425 1
1208 4080 1
1208 1266 1
1208 580 1
1208 1485 1
1208 5382 1
1208 5530 1
1208 6411 1
1208 263 1
1208 4987 1
1208 935 1
1208 3239 1
1208 5604 1
1208 5506 1
1209 2310 1
1209 6885 1
1209 3737 1
1209 5899 1
1209 4957 1
1209 2373 1
1209 4853 1
1209 3734 1
1209 435 1
1209 3332 1
1209 519 1
1209 5348 0
1209 6860 1
1209 637 1
1209 2545 0
1209 3386 1
1209 1641 1
1209 4189 1
1209 641 1
1209 3549 1
1210 967 1
1210 3940 1
1210 3450 1
1210 4919 0
1210 579 1
1210 4486 1
1210 6097 0
1210 6486 0
1210 1460 0
1210 1458 1
1210 1159 1
1210 5565 1
1210 5406 0
1210 3540 0
1210 4472 1
1211 865 1
1211 3405 1
1211 616 1
1211 3082 1
1211 214 1
1211 297 1
1211 6818 1
1211 2228 1
1211 686 1
1211 1833 1
1211 2087 1
1211 5471 1
1211 1723 1
1211 5282 1
1211 614 0
1211 6540 0
1211 625 1
1211 2059 1
1211 5640 0
1211 656 1
1211 4768 1
1211 1682 1
1211 2548 0
1211 2901 1
1211 3603 1
1211 1381 1
1211 3439 1
1211 6335 0
1211 645 1
1211 6866 0
1211 6050 0
1212 3625 1
1212 6535 1
1212 5708 1
1212 1682 1
1212 6424 1
1212 5273 0
1212 4732 1
1212 1532 1
1212 2291 1
1212 865 1
1212 5199 0
1212 5427 0
1212 1145 0
1212 3436 0
1212 934 0
1213 136 1
1213 1280 1
1213 1808 0
1213 1512 1
1213 5086 1
1213 1636 1
1213 1635 1
1213 6719 1
1213 3815 1
1213 6690 1
1213 3768 1
1213 2615 1
1213 3047 1
1213 213 1
1214 615 1
1214 6240 1
1214 4926 1
1214 3457 1
1214 3279 1
1214 132 1
1214 1643 1
1214 4103 1
1214 1804 1
1214 6145 1
1214 903 0
1214 1093 1
1214 1096 1
1214 3450 0
1214 1642 0
1214 1001 0
1214 1659 1
1214 4818 1
1214 3021 1
1214 394 1
1215 967 1
1215 3940 1
1215 3450 1
1215 4919 1
1215 579 1
1215 4486 1
1215 6097 1
1215 6486 1
1215 1460 0
1215 1458 1
1215 1159 1
1215 5565 1
1215 5406 1
1215 3540 1
1215 4472 1
1215 2585 1
1215 3145 1
1215 5245 1
1215 2950 1
1215 5675 1
1215 3268 1
1215 3136 1
1215 5776 1
1215 3522 1
1215 3044 1
1215 4910 1
1215 3944 1
1215 1687 1
1215 1466 1
1215 3499 1
1215 5556 1
1215 2191 1
1215 796 1
1216 2062 1
1216 6617 1
1216 2347 1
1216 2033 1
1216 2067 1
1216 1730 1
1216 5277 1
1216 4963 0
1216 3976 1
1216 6797 1
1217 5644 1
1217 471 1
1217 4983 1
1217 2139 1
1217 4914 1
1217 3738 1
1217 3355 1
1217 2233 1
1217 4047 1
1217 2073 0
1217 1037 1
1217 916 0
1217 3977 1
1217 6261 0
1217 4368 1
1217 6427 1
1218 615 1
1218 6240 1
1218 1819 0
1218 4926 1
1218 3457 1
1218 6145 1
1218 1804 1
1218 1643 1
1218 4103 1
1218 815 0
1218 3331 0
1218 5094 0
1218 986 1
1218 1018 1
1218 3279 1
1218 132 0
1219 6390 1
1219 579 0
1219 4486 0
1219 6097 0
1219 6486 0
1219 3328 0
1219 4919 0
1219 4839 0
1219 4922 0
1219 5934 0
1219 6623 0
1219 6071 0
1219 6883 0
1219 5913 0
1219 5938 0
1219 819 1
1219 967 0
1219 5487 0
1219 4910 0
1219 3435 1
1219 6326 1
1219 5897 0
1219 4724 0
1219 6282 0
1219 1725 0
1219 2041 0
1219 5339 0
1219 335 0
1219 5629 0
1219 701 0
1220 6370 1
1220 6368 0
1220 541 1
1220 1197 1
1220 6940 0
1220 1221 1
1220 6778 1
1220 5385 0
1220 3982 1
1220 2353 0
1220 5331 0
1220 6860 0
1220 2322 0
1220 4951 0
1220 1641 0
1220 831 1
1220 6007 0
1221 1612 1
1221 5923 1
1221 3426 1
1221 5148 1
1221 4939 1
1221 5084 1
1221 6267 0
1221 998 1
1221 6883 1
1221 6753 1
1221 4949 0
1221 990 0
1221 3480 0
1221 1689 0
1221 5493 0
1222 6651 1
1222 5813 1
1222 5306 1
1222 2732 1
1222 2909 1
1222 714 1
1222 1586 1
1222 4941 1
1222 6344 1
1222 6404 1
1222 6109 1
1222 5021 1
1222 2616 1
1222 6435 1
1222 2046 1
1222 1707 0
1222 6117 1
1222 5332 1
1222 1644 1
1222 249 1
1222 5216 1
1222 4196 0
1223 796 1
1223 5072 1
1223 5889 1
1223 2948 1
1223 1440 1
1223 5204 1
1223 2570 0
1223 5670 1
1223 742 1
1223 5384 1
1223 3926 1
1223 4474 1
1224 5291 0
1224 809 0
1224 3748 1
1224 2910 0
1224 2916 0
1224 1988 0
1224 3792 0
1224 6422 0
1224 1767 0
1224 1915 0
1224 3525 0
1224 5853 0
1225 1612 1
1225 5923 1
1225 3426 1
1225 5148 1
1225 4939 1
1225 5084 1
1225 6267 0
1225 998 1
1225 6883 1
1225 6753 1
1225 4949 0
1225 990 0
1225 3480 0
1225 1689 0
1225 5493 0
1226 1526 1
1226 6881 1
1226 3495 1
1226 5596 0
1226 2616 1
1226 5021 0
1226 6109 1
1226 520 1
1226 3740 1
1226 4120 1
1226 6269 1
1226 3994 1
1226 3314 1
1226 3099 1
1226 155 1
1226 1869 1
1226 5366 1
1226 3568 1
1226 6625 1
1227 3149 0
1227 3263 0
1227 5148 0
1227 6452 0
1227 5001 0
1227 2550 1
1227 2441 1
1227 4206 0
1227 2532 0
1227 515 0
1227 1356 1
1227 5591 0
1227 2690 0
1227 1715 0
1227 3862 0
1228 3180 1
1228 607 1
1228 5768 1
1228 1785 1
1228 3959 1
1228 4014 0
1228 2466 1
1228 650 1
1228 2376 0
1228 2900 0
1228 2854 1
1228 3606 1
1228 3883 1
1228 2056 0
1228 2388 1
1228 5321 0
1228 6330 0
1228 522 0
1228 3594 0
1229 809 0
1229 3156 0
1229 1752 1
1229 1720 0
1229 1573 0
1229 1754 0
1229 6816 1
1229 5111 0
1229 1393 0
1229 2930 0
1229 4787 1
1230 106 1
1230 1446 1
1230 965 1
1230 1696 1
1230 3773 1
1230 2008 1
1230 3813 0
1230 6236 1
1230 4958 1
1230 6734 1
1230 4973 0
1230 1101 1
1230 6759 1
1230 3179 1
1230 5097 1
1230 5450 1
1231 5850 0
1231 3359 0
1231 4541 1
1231 4542 0
1231 6295 0
1231 5796 1
1231 6303 1
1231 6503 1
1231 5356 0
1231 3092 0
1231 2041 0
1231 3758 1
1231 919 0
1231 1077 0
1231 3187 0
1232 2062 1
1232 6617 1
1232 2347 1
1232 2033 1
1232 2067 1
1232 1730 1
1232 5277 1
1232 4963 0
1232 3976 1
1232 6797 1
1232 2758 1
1233 1710 0
1233 6412 0
1233 6421 0
1233 3229 0
1233 1985 0
1233 1526 0
1233 3340 0
1233 106 0
1233 3753 0
1233 5039 0
1233 6491 0
1233 2284 0
1234 834 1
1234 1573 1
1234 1267 1
1234 3819 1
1234 2051 1
1234 3149 0
1234 6208 0
1234 854 0
1234 1644 0
1234 1834 0
1234 2499 1
1235 3420 0
1235 3126 1
1235 4191 1
1235 4242 1
1235 2156 1
1235 3320 1
1235 1870 1
1235 6860 1
1235 6182 1
1235 2939 1
1235 1644 1
1235 4573 1
1235 5332 1
1235 2599 1
1235 5403 1
1235 2338 1
1235 3737 1
1235 4502 1
1235 3149 1
1235 6696 1
1235 750 1
1235 3734 1
1235 4646 1
1235 4941 1
1236 3153 1
1236 3245 1
1236 3149 1
1236 3143 1
1236 958 1
1236 4686 1
1236 5000 1
1236 2278 1
1236 3717 1
1236 1963 1
1236 5367 1
1236 3294 1
1236 4753 1
1237 5738 1
1237 5441 1
1237 3126 1
1237 4191 1
1237 4242 1
1237 1194 1
1237 4573 1
1237 3149 1
1237 4646 1
1237 861 1
1237 6928 1
1237 6409 0
1237 2886 0
1237 468 0
1237 5535 0
1237 1215 0
1237 3950 0
1237 3391 0
1237 5279 0
1237 3455 0
1238 2778 0
1238 381 0
1238 1738 1
1238 4292 1
1238 4995 1
1238 6047 1
1238 3524 1
1238 5896 1
1238 2215 1
1238 1320 0
1238 2225 1
1238 2040 1
1238 3034 1
1238 6165 1
1238 6405 1
1238 3465 1
1238 2349 1
1238 2787 1
1238 6505 1
1239 3142 1
1239 652 0
1239 4681 1
1239 5329 1
1239 6804 0
1239 475 0
1239 5474 0
1239 1573 0
1239 1831 1
1239 5309 0
1239 831 0
1240 2323 1
1240 2321 1
1240 4558 1
1240 366 1
1240 3611 1
1240 4559 1
1240 2328 1
1240 3608 1
1240 1717 1
1240 6946 1
1240 342 1
1240 3609 1
1240 2327 1
1240 2923 0
1240 6350 1
1240 6836 1
1240 762 1
1241 4047 1
1241 2073 1
1241 3977 1
1241 6261 1
1241 4368 1
1241 4046 1
1241 6427 1
1241 6694 1
1241 1033 1
1241 5070 1
1241 3694 1
1241 6264 1
1241 419 1
1241 5033 1
1241 3307 1
1241 1413 1
1241 1412 1
1241 3217 1
1241 5003 1
1241 6703 1
1241 546 0
1241 6737 1
1241 563 1
1241 6746 1
1241 3989 1
1241 4804 1
1241 6655 1
1241 2865 1
1242 1654 1
1242 1643 1
1242 1804 1
1242 3455 0
1242 1642 0
1242 815 0
1242 5902 0
1242 6060 0
1242 1096 1
1242 2802 0
1243 6860 1
1243 6182 1
1243 2939 1
1243 2352 1
1243 2338 1
1243 3386 1
1243 536 1
1243 4788 1
1243 3320 1
1243 3112 1
1243 2351 1
1244 4844 1
1244 3545 0
1244 4748 1
1244 2576 0
1244 3874 0
1244 6870 0
1244 1348 0
1244 2019 1
1244 2777 1
1244 3449 1
1245 5831 1
1245 3339 1
1245 6016 1
1245 4626 1
1245 2223 0
1245 5481 0
1245 6505 1
1245 3659 1
1245 3646 0
1245 3033 0
1245 1957 0
1245 3047 0
1246 6961 1
1246 6340 1
1246 4179 1
1246 4650 1
1246 6745 1
1246 5112 1
1246 3529 1
1246 4205 1
1246 4190 1
1246 2423 1
1246 3982 1
1246 2288 1
1246 1664 1
1246 6860 1
1247 6756 1
1247 6797 1
1247 6292 1
1247 2347 0
1247 2033 0
1247 4963 0
1247 2034 0
1247 2348 0
1247 3524 0
1247 3999 0
1248 3142 1
1248 4731 1
1248 4715 1
1248 6816 1
1248 5329 1
1248 5111 1
1248 3970 1
1248 2048 1
1248 5625 1
1248 5379 1
1248 3075 1
1248 3748 1
1248 2812 1
1248 3686 1
1248 5512 1
1248 4709 1
1248 4861 1
1248 6289 1
1248 323 0
1248 4442 0
1248 5474 0
1249 339 1
1249 3628 0
1249 3503 0
1249 2328 1
1249 340 1
1249 5928 0
1249 3758 1
1249 3608 1
1249 1481 1
1249 5439 0
1249 2940 1
1249 2321 1
1249 2323 1
1249 766 1
1250 6962 1
1250 5844 1
1250 4823 1
1250 3156 1
1250 5659 1
1250 4706 1
1250 3330 1
1250 2791 1
1250 5937 1
1250 1754 1
1250 6928 0
1251 5456 0
1251 4352 0
1251 5838 0
1251 5839 0
1251 4636 0
1251 5524 0
1251 1360 0
1251 3933 0
1251 5180 0
1251 621 0
1251 4327 0
1251 1130 0
1251 4271 0
1251 83 0
1252 6395 1
1252 1280 1
1252 4054 1
1252 1574 1
1252 4478 1
1252 194 1
1252 1064 1
1252 831 1
1252 2174 1
1252 832 1
1253 6395 1
1253 1280 1
1253 4054 1
1253 1574 1
1253 4478 1
1253 194 1
1253 1064 1
1253 831 1
1253 2174 1
1253 832 1
1254 2128 1
1254 1806 1
1254 4930 1
1254 4117 0
1254 3735 0
1254 5038 0
1254 5112 0
1254 1821 1
1254 2040 1
1254 5167 1
1254 1012 0
1254 556 1
1255 1833 1
1255 645 0
1255 1381 0
1255 5457 0
1255 1568 0
1255 3603 0
1255 5530 0
1255 1379 0
1255 5153 0
1255 668 0
1256 5112 1
1256 3046 1
1256 23 0
1256 3329 0
1256 1676 0
1256 1482 0
1256 2077 0
1256 6709 0
1256 5619 0
1256 3177 0
1256 940 0
1256 1474 0
1256 55 0
1256 56 0
1256 6021 0
1256 5911 0
1256 5046 0
1256 5793 0
1256 1080 0
1256 621 0
1256 5180 0
1256 1360 0
1256 3933 0
1256 4185 1
1256 5667 1
1257 3837 1
1257 6657 1
1257 5428 1
1257 2762 1
1257 5168 1
1257 771 1
1257 1154 1
1257 4694 1
1257 2138 1
1257 6804 1
1257 6929 1
1257 700 1
1257 1395 1
1258 4831 1
1258 228 0
1258 2208 0
1258 3175 0
1258 1627 0
1258 1858 0
1258 905 0
1258 995 0
1258 5448 0
1258 1450 1
1258 6939 0
1259 5753 1
1259 1431 1
1259 4913 1
1259 6624 1
1259 3248 1
1259 3832 1
1259 1996 1
1259 4333 1
1259 5960 1
1259 1432 1
1259 4337 0
1259 4200 0
1259 2446 0
1259 6003 0
1259 6180 0
1259 661 0
1259 4693 0
1259 2695 1
1259 3315 1
1259 4377 1
1259 2618 1
1259 5390 1
1259 3784 1
1259 5114 1
1259 13 1
1259 6560 0
1259 3098 1
1259 3592 0
1259 3361 0
1259 4195 0
1259 968 1
1260 5753 1
1260 1431 1
1260 4913 1
1260 6624 1
1260 3248 1
1260 3832 1
1260 1996 1
1260 4333 1
1260 5960 1
1260 1432 1
1260 4337 0
1260 4200 0
1260 2446 0
1260 6003 0
1260 6180 0
1260 661 0
1260 4693 0
1260 2695 1
1260 3315 1
1260 4377 1
1260 2618 1
1260 5390 1
1260 3784 1
1260 5114 1
1260 13 1
1260 6560 0
1260 3098 1
1260 3592 0
1260 3361 0
1260 4195 0
1260 968 1
1261 6026 1
1261 3031 1
1261 4350 1
1261 2640 1
1261 5424 1
1261 6197 1
1261 2622 1
1261 3393 1
1261 3394 1
1261 5065 1
1261 1639 0
1261 3396 1
1261 5377 0
1261 3350 0
1261 3628 0
1262 3737 1
1262 946 0
1262 2351 0
1262 6057 1
1262 6420 1
1262 5901 1
1262 2352 0
1262 543 0
1262 2364 0
1262 6436 1
1262 474 1
1262 5542 1
1262 3825 1
1262 3386 0
1262 3200 0
1262 5334 1
1262 6778 0
1262 4941 1
1262 6860 1
1263 5840 0
1263 1752 1
1263 4632 0
1263 3245 1
1263 4686 1
1263 5000 1
1263 2278 1
1263 830 0
1263 1963 1
1263 6816 0
1263 6685 0
1263 5367 1
1263 3156 1
1263 4277 1
1263 3143 1
1263 4270 1
1263 1754 0
1263 5359 1
1264 1610 1
1264 1714 1
1264 4024 1
1264 2443 1
1264 2263 0
1264 339 0
1264 368 0
1264 4422 0
1264 6367 1
1264 2440 1
1265 1754 1
1265 1573 1
1265 1752 1
1265 4632 1
1265 3245 1
1265 4686 1
1265 5000 1
1265 2278 1
1265 5512 0
1265 5111 0
1265 830 0
1265 1963 0
1265 6816 1
1265 6685 0
1265 5367 1
1265 4277 1
1266 4686 1
1266 5000 1
1266 2278 1
1266 2566 1
1266 3245 1
1266 1963 1
1266 5367 1
1266 958 1
1266 652 1
1266 1754 1
1266 1573 0
1266 1752 1
1266 1819 0
1266 4632 1
1267 2321 1
1267 366 1
1267 4558 1
1267 3611 1
1267 4559 1
1267 367 1
1267 5154 1
1267 1716 1
1267 6962 1
1267 5785 1
1267 6603 1
1267 1135 1
1267 5158 1
1267 99 1
1267 3609 1
1267 2925 1
1267 2263 1
1267 4560 1
1268 323 0
1268 4195 0
1268 5277 0
1268 752 0
1268 6289 1
1268 3153 0
1268 1066 1
1268 3294 1
1268 4753 0
1268 2876 0
1268 4943 0
1268 3255 0
1268 3587 0
1268 3586 0
1268 6837 0
1269 5542 0
1269 3374 0
1269 2900 0
1269 2854 0
1269 1149 0
1269 475 0
1269 474 0
1269 1637 0
1269 3156 0
1269 3155 0
1269 3143 0
1269 5516 0
1269 1165 0
1269 3189 0
1269 1986 0
1269 6003 0
1269 6180 0
1269 3157 0
1269 2289 0
1269 6478 0
1269 6600 0
1269 4156 0
1269 4480 0
1269 3971 0
1269 5081 0
1269 6431 0
1269 1618 0
1269 1534 0
1269 4880 1
1269 5277 0
1269 826 0
1269 752 0
1270 1683 1
1270 3183 1
1270 1605 1
1270 5280 1
1270 3662 1
1270 3652 1
1270 2512 1
1270 1464 1
1270 4498 1
1270 2207 1
1270 2106 1
1270 858 1
1271 2053 1
1271 5921 1
1271 4678 1
1271 5023 1
1271 3965 1
1271 3790 1
1271 5002 1
1271 3699 1
1271 5863 1
1271 3757 1
1271 5466 1
1272 3646 0
1272 2321 1
1272 366 1
1272 4558 1
1272 3611 1
1272 4559 1
1272 367 1
1272 5154 1
1272 1088 1
1272 6047 0
1273 3646 0
1273 2321 1
1273 366 1
1273 4558 1
1273 3611 1
1273 4559 1
1273 367 1
1273 5154 1
1273 1088 1
1273 6047 0
1274 2053 1
1274 5921 0
1274 4678 1
1274 5023 0
1274 3965 0
1274 3790 0
1274 5002 0
1274 4365 1
1274 3861 1
1274 3651 1
1274 211 1
1275 2053 1
1275 5921 0
1275 4678 1
1275 5023 0
1275 3965 0
1275 3790 0
1275 5002 0
1275 4365 1
1275 3861 1
1275 3651 1
1275 211 1
1276 2321 1
1276 762 1
1276 1480 1
1276 98 1
1276 2327 1
1276 1717 1
1276 2328 1
1276 3608 1
1276 1085 0
1276 1088 0
1276 1790 0
1277 4956 1
1277 871 1
1277 4947 1
1277 1639 1
1277 3403 1
1277 1703 1
1277 6703 1
1277 6552 1
1277 3402 1
1277 1365 1
1277 5407 1
1277 6619 1
1277 4705 1
1278 1280 1
1278 4054 1
1278 4478 1
1278 194 1
1278 1064 1
1278 3047 1
1278 2174 1
1278 1611 1
1278 1282 1
1278 4707 1
1278 1512 1
1278 2565 1
1279 2599 1
1279 5403 1
1279 1644 1
1279 5332 1
1279 960 1
1279 2616 1
1279 3832 0
1279 1699 1
1279 6117 1
1279 1691 0
1279 1707 0
1280 502 1
1280 5001 1
1280 3014 1
1280 2914 1
1280 4588 1
1280 1742 1
1280 4603 0
1280 5412 0
1280 6793 0
1280 4782 0
1280 6878 0
1280 2236 0
1280 4176 0
1280 2305 1
1281 2751 1
1281 87 1
1281 1963 1
1281 5367 1
1281 1960 1
1281 5006 1
1281 3642 1
1281 89 1
1281 4941 0
1281 6671 1
1281 4250 1
1281 6842 1
1281 6138 0
1281 6831 0
1281 1073 0
1281 5767 1
1281 2278 1
1281 2909 0
1281 5172 1
1281 4956 0
1281 6659 1
1281 6703 0
1281 4757 0
1281 2634 0
1281 1362 1
1282 3812 0
1282 5474 0
1282 6958 0
1282 3538 0
1282 5057 0
1282 6760 1
1282 3718 0
1282 1104 0
1282 6789 0
1282 5949 0
1282 6625 0
1282 5366 0
1282 3099 0
1282 3994 0
1283 3149 0
1283 861 0
1283 4996 1
1283 6724 1
1283 3522 1
1283 284 1
1283 5882 1
1283 1660 1
1283 2612 1
1283 2273 1
1283 2948 1
1283 1460 1
1283 2881 1
1283 782 1
1283 654 1
1283 779 1
1283 5850 1
1283 5204 1
1283 5384 1
1283 5954 1
1283 4910 1
1283 2335 1
1283 6926 1
1283 2801 1
1283 2950 1
1283 5956 1
1283 1203 1
1283 1687 1
1283 1161 1
1283 1458 1
1283 1159 1
1283 967 1
1283 2673 1
1283 5675 1
1283 2147 1
1283 2841 1
1283 401 1
1283 6398 1
1283 4875 1
1283 4131 1
1283 1884 1
1283 815 1
1283 6584 1
1283 5094 1
1283 3331 1
1283 1642 1
1283 1001 1
1283 3634 1
1283 3102 1
1283 5864 1
1284 3646 0
1284 1986 1
1284 3189 1
1284 6180 1
1284 530 1
1284 6202 1
1284 531 1
1284 1975 1
1284 352 1
1284 5737 1
1284 5053 1
1284 317 1
1284 5078 1
1284 2408 1
1284 2870 0
1284 6047 0
1284 2964 0
1285 2321 1
1285 762 1
1285 98 1
1285 2327 1
1285 1085 1
1285 1088 1
1285 1790 0
1285 5158 1
1285 1716 1
1285 99 1
1285 368 0
1285 3503 1
1285 5154 1
1286 6788 1
1286 2080 1
1286 5313 0
1286 3206 1
1286 6117 1
1286 3867 1
1286 4333 1
1286 3248 1
1286 4978 1
1286 191 1
1286 4196 1
1286 658 1
1286 747 1
1286 1923 1
1286 3233 1
1286 4118 1
1286 6265 1
1286 1707 1
1286 5134 1
1286 2001 1
1286 2076 1
1286 6408 1
1286 3121 1
1286 4878 1
1286 5430 1
1286 5205 1
1286 5366 1
1286 1869 1
1286 3568 1
1286 6625 1
1286 155 1
1286 3099 1
1286 3994 1
1286 4120 1
1286 3740 1
1286 520 1
1286 6109 1
1286 5021 1
1286 2616 1
1286 3347 1
1286 904 1
1286 95 1
1286 5494 1
1286 5675 1
1286 4136 1
1286 309 1
1286 5403 1
1286 2599 1
1286 4027 1
1286 6382 1
1287 4145 0
1287 2594 0
1287 2853 0
1287 6488 1
1287 2067 1
1287 4307 1
1287 3428 1
1287 5693 1
1287 6507 1
1287 6005 0
1287 1267 0
1287 879 1
1287 5474 0
1287 5277 1
1287 6301 1
1287 3875 1
1287 3271 1
1287 6931 1
1287 5717 1
1287 2758 1
1287 6797 1
1287 2034 0
1287 1127 0
1287 6292 1
1287 2033 0
1287 2347 0
1287 5613 0
1287 4963 0
1287 6459 0
1287 5770 0
1287 2824 0
1287 3114 0
1287 2825 0
1287 6381 0
1287 5212 0
1287 4767 0
1287 5501 0
1287 6649 0
1287 671 0
1287 5434 0
1287 5575 0
1287 5571 0
1287 1361 0
1287 4892 1
1287 2345 1
1287 1730 1
1287 182 1
1287 5638 1
1287 6756 1
1287 2061 1
1288 6753 1
1288 2791 0
1288 3860 0
1288 2603 0
1288 1045 0
1288 3816 0
1288 750 0
1288 1682 1
1288 974 1
1288 5708 1
1288 4229 0
1289 358 1
1289 2504 1
1289 2470 1
1289 2480 1
1289 2484 1
1289 1383 1
1289 2481 1
1289 6903 1
1289 2474 1
1289 2355 1
1289 2468 1
1289 2506 1
1289 366 1
1289 2503 1
1289 2482 1
1289 117 1
1289 2475 1
1289 353 1
1289 2391 1
1289 3510 1
1289 5399 1
1289 222 1
1289 119 1
1289 2477 1
1289 355 1
1289 6913 1
1289 360 1
1289 2494 1
1289 2492 1
1289 2354 1
1289 2509 1
1289 2486 1
1289 2498 1
1289 2485 1
1289 2496 1
1289 361 1
1289 6902 1
1289 1342 1
1289 2512 1
1289 354 1
1289 2889 1
1289 2505 1
1289 2356 1
1289 283 1
1289 2717 1
1289 1271 1
1289 1892 1
1289 3689 1
1289 593 1
1289 6901 1
1290 368 0
1290 4422 0
1290 6355 0
1291 3756 0
1291 2249 1
1291 4787 1
1291 752 1
1291 4731 1
1291 3157 1
1291 3538 0
1291 6958 0
1291 4969 1
1291 958 1
1291 961 0
1291 1541 0
1291 5309 1
1291 4340 1
1291 6384 1
1291 3653 1
1291 5687 1
1291 4938 0
1291 5277 0
1291 3254 0
1291 1910 1
1291 1227 1
1291 21 1
1291 652 1
1291 1752 1
1291 6816 1
1291 1573 0
1291 4715 1
1291 4270 0
1291 4674 0
1291 6304 0
1291 3156 1
1291 4195 0
1291 2182 0
1291 1831 0
1291 6929 1
1291 3148 1
1291 6804 1
1291 963 1
1291 706 1
1291 5117 1
1291 4416 1
1291 6853 0
1291 86 0
1291 2289 0
1291 5474 0
1291 3142 1
1291 6837 1
1291 1819 1
1291 4861 1
1292 3661 1
1292 1970 1
1292 6368 1
1292 5701 1
1292 1640 1
1292 6938 1
1292 2588 1
1292 71 1
1292 1641 1
1292 6940 0
1292 4951 1
1292 4957 1
1292 3937 1
1292 5334 1
1292 1981 1
1292 5514 0
1292 666 1
1293 2919 1
1293 2928 0
1293 3348 0
1293 4953 0
1293 6357 1
1293 4731 1
1293 6557 0
1293 6954 1
1293 5487 0
1293 3936 0
1293 3475 1
1293 3719 0
1293 668 0
1293 4061 1
1293 1901 0
1294 1223 0
1294 2314 0
1294 6352 0
1294 1210 0
1294 1214 0
1294 3753 0
1294 1828 0
1294 2584 0
1294 5440 0
1294 6954 0
1294 6955 0
1294 3442 0
1294 1220 0
1294 2846 0
1294 3046 0
1294 5606 0
1294 5505 0
1294 659 0
1294 1219 1
1294 4084 1
1295 3342 1
1295 1143 1
1295 2421 1
1295 1948 1
1295 3050 1
1295 6838 1
1295 4221 1
1295 5176 1
1295 4224 1
1295 6715 1
1295 1966 1
1295 368 0
1295 4887 1
1295 4886 1
1295 3779 0
1295 5850 0
1295 3359 0
1295 6013 0
1295 1607 0
1295 2974 0
1295 4719 0
1295 2154 0
1295 5141 0
1295 5866 0
1295 1475 0
1295 1119 0
1295 1495 0
1295 1147 0
1295 1146 0
1295 4129 0
1295 2916 0
1295 2227 0
1295 6512 1
1295 3232 0
1295 4088 1
1295 5167 0
1295 6451 0
1295 4984 0
1295 6100 0
1295 1133 0
1295 4834 0
1295 6400 0
1295 3664 0
1295 5402 0
1295 2920 0
1295 6745 0
1295 2054 0
1295 952 0
1295 6355 0
1295 3511 0
1296 6617 1
1296 2347 1
1296 2033 0
1296 2067 0
1296 6374 0
1296 6488 0
1296 3562 0
1296 2062 1
1296 5277 0
1296 2034 0
1296 6797 0
1297 4617 1
1297 1079 1
1297 857 1
1297 761 1
1297 6880 1
1297 5450 1
1297 5455 1
1297 1696 1
1297 3773 1
1297 2008 1
1297 4958 1
1297 1374 1
1297 5589 1
1297 6739 1
1297 2119 1
1297 3589 1
1298 2288 1
1298 666 1
1298 4957 0
1298 5620 1
1298 70 1
1298 6800 1
1298 1641 0
1298 1953 0
1298 103 0
1298 3049 0
1298 4951 0
1298 6150 1
1298 667 1
1298 6963 0
1298 5392 1
1299 5921 1
1299 4678 1
1299 3861 1
1299 852 1
1299 6678 1
1299 3793 1
1299 3790 1
1299 5023 1
1299 3965 1
1299 5002 1
1299 3757 1
1299 4365 1
1299 3651 1
1299 211 1
1299 3221 1
1299 5141 1
1299 1496 1
1299 209 1
1299 2326 1
1299 1408 1
1299 5496 1
1299 6181 1
1299 2092 1
1299 4130 0
1299 1134 0
1299 6272 0
1300 2321 1
1300 366 1
1300 4558 1
1300 3611 1
1300 4559 1
1300 2323 1
1300 367 0
1300 5154 1
1300 99 1
1300 3609 1
1300 3608 1
1300 2328 1
1300 6946 1
1300 342 1
1300 2327 1
1300 2263 0
1300 4560 1
1300 4562 1
1300 1716 1
1300 3764 1
1300 339 1
1300 5785 1
1300 1584 1
1300 853 1
1301 2438 1
1301 6372 1
1301 6018 0
1301 3338 0
1301 3546 0
1301 5603 0
1301 368 0
1301 6311 0
1301 3371 1
1301 1059 1
1301 3337 1
1301 5601 1
1301 1951 1
1301 5141 0
1301 556 0
1301 878 0
1301 3452 0
1301 618 0
1301 1462 0
1301 555 0
1301 5190 1
1301 5939 0
1301 3498 0
1301 2162 0
1301 2444 0
1301 224 0
1301 2387 0
1301 3780 0
1301 1397 0
1301 3219 1
1301 1394 0
1301 4571 0
1301 1117 0
1301 2221 0
1301 1954 0
1301 923 0
1301 1095 0
1301 2220 0
1301 3191 0
1301 3900 0
1301 3220 0
1301 2224 0
1301 4711 0
1301 1964 0
1301 6024 0
1301 4910 0
1301 5817 0
1301 5239 0
1301 5786 1
1302 1998 1
1302 970 1
1302 5408 1
1302 3106 1
1302 5567 1
1302 3969 1
1302 6711 1
1302 1021 1
1302 4409 1
1302 6534 1
1302 266 1
1302 2142 1
1302 5365 1
1302 764 1
1302 5446 1
1302 1477 1
1302 3606 1
1302 2854 1
1302 474 1
1302 5542 1
1302 3374 1
1302 3649 1
1302 1022 1
1302 4414 1
1302 5398 1
1302 291 1
1302 6718 1
1302 1908 1
1302 866 1
1302 3888 1
1303 6811 1
1303 1646 1
1303 3297 1
1303 4952 1
1303 3800 1
1303 287 1
1303 999 1
1303 2558 1
1303 5261 1
1303 4705 1
1303 5415 1
1303 4844 1
1303 3360 1
1303 4676 1
1303 6026 1
1303 4948 1
1304 262 1
1304 4722 1
1304 2450 1
1304 1111 0
1304 1580 1
1304 2091 1
1304 204 1
1304 3132 0
1304 1142 0
1304 350 0
1304 368 0
1304 1141 0
1304 2418 0
1304 3317 0
1304 4160 0
1304 1456 0
1304 1826 0
1304 5128 0
1304 3666 0
1304 1757 0
1304 980 0
1304 5007 0
1304 1069 0
1304 6366 0
1304 3992 0
1304 919 0
1304 3009 0
1304 5467 0
1304 310 0
1304 2491 0
1304 4396 0
1304 4802 0
1304 4492 1
1304 4491 1
1304 6841 1
1304 3777 0
1304 6861 0
1304 3513 0
1304 5961 0
1304 3775 0
1304 2805 1
1304 2783 0
1304 4925 0
1304 3351 1
1304 3991 0
1304 2614 0
1304 2301 0
1304 1262 0
1304 6355 0
1304 5042 0
1305 101 1
1305 5959 1
1305 1616 1
1305 6332 1
1305 2706 1
1305 1972 1
1305 2305 1
1305 6843 1
1305 2030 1
1305 4032 1
1305 1403 1
1305 102 1
1305 368 0
1305 4422 0
1305 4321 0
1305 2374 0
1305 2398 0
1305 3770 0
1305 5765 0
1305 3570 0
1305 783 0
1305 1686 0
1305 835 0
1305 1923 0
1305 3007 0
1305 5850 0
1305 3359 0
1305 5886 0
1305 2913 0
1305 6355 0
1305 5084 0
1305 6482 0
1306 2599 1
1306 5403 1
1306 1644 1
1306 2616 1
1306 6109 1
1306 4333 1
1306 3832 1
1306 4118 1
1306 1699 1
1306 4136 1
1306 2001 1
1306 5134 1
1306 6117 1
1306 3206 1
1306 904 1
1306 3994 1
1306 3099 1
1306 2114 1
1306 191 1
1306 1923 1
1306 4386 1
1307 1155 1
1307 3061 1
1307 3300 1
1307 5034 1
1307 2455 0
1307 1164 1
1307 5903 1
1307 3987 1
1307 6554 1
1307 2138 1
1307 1512 1
1307 2021 0
1307 3303 1
1307 5003 0
1307 4070 0
1307 6344 0
1308 2162 1
1308 3498 0
1308 2444 1
1308 3780 1
1308 1059 1
1308 3337 1
1308 5601 1
1308 1951 1
1308 3371 1
1308 3338 1
1308 6018 1
1308 3546 1
1308 1954 1
1308 1117 1
1308 923 1
1308 1095 1
1309 13 1
1309 3525 1
1309 5853 1
1309 5509 1
1309 1260 1
1309 2071 1
1309 3315 1
1309 4377 1
1309 3784 1
1309 1638 1
1309 909 1
1309 4923 1
1309 2907 1
1309 696 1
1309 1528 1
1310 5743 1
1310 4162 1
1310 1424 1
1310 4721 1
1310 3252 1
1310 4718 1
1310 590 1
1310 5607 1
1310 4117 1
1310 886 1
1310 885 1
1310 1805 1
1310 5189 1
1310 5615 1
1310 983 1
1310 5354 1
1310 6417 1
1310 4193 1
1310 5620 0
1311 697 1
1311 3624 1
1311 4555 1
1311 4554 1
1311 361 1
1311 698 1
1311 4556 1
1311 4557 1
1311 3566 1
1311 1909 1
1311 6313 1
1311 608 1
1311 4543 1
1311 3567 1
1311 3493 1
1311 2608 1
1311 1756 1
1311 4359 1
1311 3043 1
1311 4357 1
1311 124 1
1312 6774 1
1312 5127 1
1312 4710 1
1312 6866 1
1312 1724 1
1312 4911 1
1312 1840 1
1312 5509 1
1312 3125 1
1312 5283 1
1312 4306 1
1312 1656 1
1312 2893 1
1312 3869 1
1312 3618 1
1312 397 1
1312 3676 1
1312 801 1
1312 6277 1
1312 5755 1
1312 3098 1
1312 4923 1
1312 2377 1
1312 1172 1
1312 4978 1
1313 2321 0
1313 366 0
1313 4558 0
1313 3611 0
1313 4559 0
1313 2323 0
1313 1088 1
1313 99 1
1313 5154 1
1313 3609 0
1313 2328 0
1313 342 0
1313 1085 1
1314 3646 0
1314 1986 1
1314 3189 1
1314 530 1
1314 5053 1
1314 5078 1
1314 317 1
1314 2408 1
1314 2870 0
1314 546 0
1314 1938 1
1314 5247 1
1314 5615 0
1314 989 1
1314 849 0
1314 3556 0
1314 2964 0
1315 3237 1
1315 2799 1
1315 6197 1
1315 3360 1
1315 1348 1
1315 2713 1
1315 6500 1
1315 3556 1
1315 820 1
1315 2622 1
1315 1449 1
1315 4039 1
1315 3297 1
1315 6811 1
1315 4104 1
1316 6953 1
1316 2989 1
1316 304 0
1316 2149 0
1316 604 1
1316 2507 0
1316 1681 0
1316 5687 0
1316 522 0
1316 2388 0
1316 2056 0
1316 5321 0
1316 6330 0
1316 3594 0
1316 2474 0
1316 607 0
1316 3180 0
1316 5768 0
1316 1785 0
1316 3959 0
1316 4014 0
1316 2466 0
1316 474 0
1316 2384 0
1316 418 0
1316 2481 0
1316 351 0
1316 1671 0
1317 5225 1
1317 4696 1
1317 4366 1
1317 6577 1
1317 1036 0
1317 2838 0
1317 5599 0
1317 3005 0
1317 706 0
1317 963 0
1317 2455 0
1317 2548 1
1317 5640 1
1317 5553 1
1317 3216 1
1317 507 1
1317 84 1
1317 865 1
1318 4782 1
1318 4176 1
1318 6878 1
1318 2236 1
1318 3731 1
1318 3295 1
1318 5412 1
1318 4089 1
1318 6416 1
1318 5368 1
1318 5288 1
1318 6593 1
1318 5036 1
1319 3237 1
1319 757 1
1319 5144 1
1319 948 1
1319 584 0
1319 3614 0
1319 3989 0
1319 6746 0
1319 6737 0
1319 4083 0
1319 2747 0
1320 1368 0
1320 5008 0
1320 3225 0
1320 1366 0
1320 478 0
1320 1032 0
1320 554 0
1320 1398 0
1320 4687 1
1320 4431 1
1320 2693 0
1320 2835 0
1320 1169 0
1320 3163 0
1320 5757 0
1320 4370 0
1320 2742 0
1320 2296 0
1320 2759 0
1320 4605 0
1320 5136 0
1320 2741 0
1320 3534 0
1320 3406 0
1320 5482 0
1320 5538 0
1320 4789 0
1320 2018 0
1320 4173 0
1320 1279 0
1320 3873 0
1320 1608 0
1321 5538 1
1321 1608 0
1321 3873 0
1321 1279 0
1321 4173 0
1321 2018 1
1321 1368 1
1321 3225 1
1321 2835 1
1321 5482 0
1321 5757 0
1321 2741 0
1321 3574 0
1321 3534 0
1321 2746 0
1321 5136 0
1321 3863 0
1321 2790 0
1322 1104 0
1322 6380 1
1322 2300 1
1322 1738 1
1322 3509 1
1322 4292 0
1322 2667 1
1322 6949 1
1322 2590 1
1322 1686 0
1322 2308 0
1322 3806 1
1322 5291 0
1322 809 0
1322 6322 0
1322 2532 0
1323 1104 0
1323 6380 1
1323 2300 1
1323 1738 1
1323 3509 1
1323 4292 0
1323 2667 1
1323 6949 1
1323 2590 1
1323 1686 0
1323 2308 0
1323 3806 1
1323 5291 0
1323 809 0
1323 6322 0
1323 2532 0
1324 750 1
1324 6571 1
1324 2603 1
1324 1445 1
1324 3619 1
1324 4967 1
1324 1696 1
1324 3773 1
1324 2008 1
1324 4958 1
1324 6236 1
1325 2374 0
1325 6362 1
1325 3050 1
1325 3187 1
1325 1077 1
1325 2088 1
1325 5850 0
1325 5796 1
1325 2568 1
1325 5765 1
1325 783 0
1325 919 1
1325 6599 1
1325 2168 1
1325 2369 1
1325 4595 1
1325 3092 0
1325 4541 0
1325 4542 0
1326 2321 1
1326 4558 1
1326 366 1
1326 3611 1
1326 4559 1
1326 2323 1
1326 3503 1
1326 762 1
1326 1480 1
1326 1717 1
1326 3608 1
1326 2328 1
1326 6946 1
1326 342 1
1326 3609 1
1326 367 1
1326 5785 1
1326 368 0
1326 3767 0
1326 6708 1
1326 6721 0
1326 2377 0
1326 4026 1
1326 1585 0
1326 340 1
1327 4580 1
1327 5103 1
1327 1443 1
1327 1322 1
1327 1148 1
1327 4028 1
1327 6914 1
1327 3645 1
1327 5849 1
1327 2982 1
1327 634 1
1327 3490 1
1327 332 1
1327 632 1
1327 630 1
1327 6304 1
1327 31 1
1327 2682 1
1327 192 0
1327 4846 1
1328 343 1
1328 5286 0
1328 86 0
1328 6939 0
1328 1402 0
1328 3242 0
1328 2289 0
1328 801 0
1328 3676 0
1328 6277 0
1328 397 0
1328 39 1
1328 5858 1
1328 3536 1
1328 10 1
1328 4383 1
1328 1132 1
1328 2395 1
1328 648 1
1328 6238 1
1328 1665 0
1328 5833 1
1328 1898 1
1328 2644 1
1328 5591 0
1328 3842 1
1329 5753 1
1329 1431 1
1329 6624 1
1329 4913 1
1329 3248 1
1329 3832 1
1329 1996 1
1329 4333 1
1329 5960 1
1329 1432 1
1330 3329 1
1330 5793 1
1330 1080 1
1330 621 1
1330 4185 1
1330 5667 1
1330 2829 1
1330 1743 1
1330 5434 1
1330 5879 1
1330 3771 1
1330 1685 1
1330 650 1
1330 2124 1
1330 2834 1
1331 5891 1
1331 5536 1
1331 6493 1
1331 5105 1
1331 6413 1
1331 1872 1
1331 6061 1
1331 2225 1
1331 6199 1
1331 6770 1
1331 6444 1
1332 4352 1
1332 3636 1
1332 5481 1
1332 4626 1
1332 1729 1
1332 3177 1
1332 2077 1
1332 1676 1
1332 55 1
1332 3786 1
1332 3659 1
1332 5793 1
1332 621 1
1332 4185 1
1332 6456 1
1332 6251 1
1332 5667 1
1332 3047 1
1333 5799 1
1333 893 1
1333 3204 1
1333 5904 1
1333 4624 1
1333 5318 1
1333 2970 1
1333 4927 1
1333 5333 1
1333 2270 1
1333 1181 1
1333 2909 1
1333 5233 1
1333 6959 1
1333 6868 1
1333 4951 1
1333 3186 1
1333 435 1
1333 6546 1
1334 5799 1
1334 893 1
1334 3204 1
1334 5904 1
1334 4624 1
1334 5318 1
1334 2970 1
1334 4927 1
1334 5333 1
1334 2270 1
1334 1181 1
1334 2909 1
1334 5233 1
1334 6959 1
1334 6868 1
1334 4951 1
1334 3186 1
1334 435 1
1334 6546 1
1335 2321 0
1335 4558 0
1335 366 0
1335 3611 0
1335 4559 0
1335 2323 0
1335 762 0
1335 1480 0
1335 1085 1
1335 1088 1
1335 1716 1
1336 1937 1
1336 1714 1
1336 5967 1
1336 1616 1
1336 6843 1
1336 3326 1
1336 6857 1
1336 6738 1
1336 5905 1
1336 3517 1
1337 6505 0
1337 5664 1
1337 6101 1
1337 6745 0
1337 2282 1
1337 4043 1
1337 6867 0
1337 2791 0
1337 5620 1
1337 5534 1
1337 2264 0
1338 3620 1
1338 6940 0
1338 569 1
1338 2559 1
1338 183 1
1338 519 1
1338 1632 0
1338 4267 0
1338 435 0
1338 3332 1
1338 5076 1
1338 4318 1
1338 2110 0
1339 575 1
1339 6955 0
1339 6109 1
1339 5021 1
1339 2616 1
1339 520 1
1339 3740 1
1339 4120 1
1339 314 1
1339 904 1
1339 3347 1
1339 5725 1
1340 6540 1
1340 614 0
1340 214 0
1340 297 1
1340 5640 1
1340 2548 1
1340 656 0
1340 1379 1
1340 4833 1
1340 6754 0
1340 84 1
1341 2321 1
1341 4559 1
1341 3503 1
1341 762 1
1341 1088 1
1341 5154 1
1341 1717 1
1341 2328 1
1341 342 1
1341 2326 1
1341 99 1
1341 1716 1
1341 1584 1
1341 339 1
1341 5158 1
1341 367 1
1341 3758 1
1341 6437 1
1341 6423 1
1341 6708 1
1341 6721 1
1341 5785 1
1341 340 1
1342 6423 1
1342 6437 1
1342 750 0
1342 3115 0
1342 1637 0
1342 3374 0
1342 1149 0
1342 6439 0
1342 475 0
1342 3883 0
1342 1085 1
1343 2505 1
1343 2148 1
1343 6471 1
1343 5777 1
1343 2356 1
1343 1666 1
1343 3656 1
1343 1501 1
1343 5342 1
1343 2813 1
1343 4465 1
1343 4467 1
1344 762 1
1344 1480 1
1344 1088 1
1344 3608 1
1344 2328 0
1344 1717 0
1344 6946 1
1344 342 1
1344 2327 0
1344 2377 0
1344 1085 1
1344 1716 0
1344 766 0
1345 1643 1
1345 4103 1
1345 1654 1
1345 1094 1
1345 1977 1
1345 128 1
1345 2944 1
1345 4835 1
1345 1804 1
1345 6398 0
1345 815 0
1345 4875 0
1345 2547 1
1345 3331 0
1345 401 0
1345 2841 0
1345 5094 0
1345 4909 0
1345 4143 0
1345 6548 1
1345 2586 1
1345 3231 1
1346 4941 1
1346 2909 1
1346 6536 1
1346 799 1
1346 924 1
1346 2004 1
1346 4269 1
1346 1513 1
1346 2324 1
1346 904 1
1346 3347 1
1346 3994 0
1346 5021 0
1346 5478 1
1346 4386 0
1346 3709 1
1346 6881 0
1347 2053 0
1347 4678 1
1347 2326 0
1347 211 1
1347 6678 1
1347 2092 1
1347 368 0
1347 4130 0
1347 6192 0
1347 3567 1
1347 1408 1
1347 6042 0
1347 6183 0
1348 3372 1
1348 3061 1
1348 4906 1
1348 4822 1
1348 3300 0
1348 6049 1
1348 5311 1
1348 1827 1
1348 1164 1
1348 3605 0
1348 4490 1
1348 1889 1
1348 6916 1
1348 3512 1
1348 2280 1
1348 1512 1
1348 6662 1
1348 3862 1
1348 4683 1
1348 3451 1
1348 5903 1
1348 936 1
1348 6474 1
1348 5993 1
1348 1233 0
1348 6765 0
1349 2263 1
1349 2923 0
1349 340 1
1349 3758 1
1349 6503 1
1349 762 1
1349 1088 1
1349 3503 1
1349 1716 1
1349 1717 1
1349 2328 1
1349 6946 1
1349 3608 1
1349 342 1
1349 3609 1
1349 2327 1
1350 2321 1
1350 2323 0
1350 4558 1
1350 366 1
1350 3611 1
1350 2327 1
1350 3608 1
1350 1717 0
1350 2328 0
1350 6946 1
1350 342 1
1350 3609 0
1351 3206 1
1351 5675 0
1351 4136 0
1351 309 0
1351 4027 1
1351 6382 0
1351 6343 1
1351 5725 1
1351 904 1
1351 6790 0
1352 5077 1
1352 2887 1
1352 1757 1
1352 1802 1
1352 277 0
1352 1172 1
1352 4923 1
1352 2916 1
1352 5519 1
1352 100 1
1353 2323 1
1353 2321 0
1353 4558 1
1353 366 1
1353 2328 1
1353 1717 1
1353 3608 1
1353 6946 1
1353 342 1
1353 368 1
1353 4422 0
1354 3297 1
1354 4104 1
1354 3681 1
1354 5069 1
1354 4587 1
1354 3419 1
1354 3031 1
1354 4350 1
1354 3322 1
1354 2187 1
1354 4105 1
1354 326 1
1354 3396 1
1354 2261 0
1354 2912 0
1354 4904 1
1354 2348 0
1354 3556 1
1355 735 1
1355 1206 1
1355 2505 1
1355 2148 1
1355 6471 1
1355 5777 1
1355 2356 1
1355 1666 1
1355 3656 1
1355 4912 1
1355 3558 1
1355 4873 1
1355 6846 1
1355 2671 1
1355 6060 1
1356 3014 1
1356 2914 1
1356 6501 1
1356 5106 1
1356 229 1
1356 2016 1
1356 2540 1
1356 5089 1
1356 944 1
1356 822 1
1356 2691 1
1356 999 1
1356 4779 1
1356 1279 1
1356 5412 1
1356 3070 1
1356 1639 0
1356 5201 1
1356 6793 1
1356 1452 1
1356 6254 1
1357 1366 1
1357 478 1
1357 5008 1
1357 1368 1
1357 3225 1
1357 999 1
1357 822 1
1357 6619 1
1357 1398 1
1357 553 1
1357 2857 1
1357 4091 1
1357 5009 1
1357 552 1
1358 3014 1
1358 2914 1
1358 6501 1
1358 5106 1
1358 229 1
1358 2016 1
1358 2540 1
1358 5089 1
1358 944 1
1358 822 1
1358 2691 1
1358 999 1
1358 4779 1
1358 1279 1
1358 5412 1
1358 3070 1
1358 1639 0
1358 5201 1
1358 6793 1
1358 1452 1
1358 6254 1
1359 3554 1
1359 4658 1
1359 3607 1
1359 2731 1
1359 4096 0
1359 6450 0
1359 6214 0
1359 5077 0
1359 6937 0
1359 2287 0
1359 2907 0
1359 4441 0
1360 6376 0
1360 983 1
1360 5615 1
1360 5189 1
1360 1805 1
1360 2945 1
1360 1056 1
1360 1241 1
1360 4142 1
1360 4193 1
1360 5620 0
1361 2791 1
1361 3860 1
1361 6122 1
1361 3813 1
1361 6696 1
1361 750 1
1361 934 1
1361 3729 0
1361 1711 0
1361 965 1
1362 2062 0
1362 6617 1
1362 2347 1
1362 2033 0
1362 2067 1
1362 6374 1
1362 6488 1
1362 3562 1
1362 1730 1
1362 2345 1
1362 5277 1
1363 2778 1
1363 6859 1
1363 5035 1
1363 2786 1
1363 4155 1
1363 6334 1
1363 4129 1
1363 6322 1
1363 5325 1
1363 2779 1
1364 3600 0
1364 5667 1
1364 237 1
1364 239 1
1364 238 1
1364 1936 0
1364 1738 0
1364 4292 0
1364 4995 0
1364 6047 0
1364 1320 0
1365 1277 1
1365 1213 0
1365 1644 0
1365 4573 0
1365 5332 0
1365 2599 0
1365 5403 0
1365 3149 0
1365 983 1
1365 4193 1
1365 6696 0
1365 750 0
1365 4849 0
1365 6571 0
1365 6740 0
1365 6352 0
1365 2314 0
1365 3910 0
1365 3808 0
1365 5279 0
1365 4117 1
1366 1832 1
1366 2953 1
1366 1835 1
1366 1247 0
1366 1870 1
1366 1829 1
1366 1830 1
1366 4072 1
1366 3199 1
1366 6378 1
1366 2446 0
1367 6355 1
1367 4422 1
1367 3365 0
1367 3170 0
1367 707 0
1367 943 0
1367 6666 0
1368 4580 1
1368 5103 1
1368 1443 1
1368 1322 1
1368 1148 1
1368 4028 1
1368 6914 1
1368 3645 1
1368 5849 1
1368 2982 1
1368 634 1
1368 3490 1
1368 332 1
1368 632 1
1368 630 1
1368 31 1
1368 2682 1
1368 6304 1
1368 1920 1
1368 5705 1
1369 1388 1
1369 6592 1
1369 1999 1
1369 647 1
1369 3520 1
1369 1129 1
1369 355 1
1369 2477 1
1369 6229 1
1369 6913 1
1369 6300 1
1369 37 1
1369 36 1
1369 4017 1
1369 3523 1
1369 152 1
1370 915 1
1370 6867 0
1370 4243 1
1370 5284 1
1370 5458 0
1370 4008 1
1370 6234 1
1370 1936 1
1370 1387 1
1370 4422 1
1370 586 0
1370 4315 0
1371 689 1
1371 1760 0
1371 2260 1
1371 3037 1
1371 505 1
1371 6810 1
1371 3634 1
1371 744 1
1371 1642 1
1371 1291 1
1371 6761 1
1371 812 1
1371 3033 1
1371 3930 1
1371 2587 1
1372 4680 1
1372 226 1
1372 2812 1
1372 4905 1
1372 5263 1
1372 3686 1
1372 1189 1
1372 803 1
1372 3240 1
1372 3242 1
1372 2902 1
1372 3213 1
1372 3125 0
1372 5283 0
1372 4306 0
1372 3474 0
1373 1075 1
1373 967 1
1373 3940 0
1373 3450 0
1373 4919 1
1373 6097 0
1373 579 0
1373 4486 0
1373 6486 0
1373 1460 0
1373 1458 0
1373 5565 0
1373 3540 0
1373 5406 0
1373 4472 0
1373 5245 0
1373 2585 0
1373 3145 1
1373 1159 0
1374 697 1
1374 3624 1
1374 4554 1
1374 4555 1
1374 6272 1
1374 1173 1
1374 1756 1
1374 2608 1
1374 3043 1
1374 4359 1
1374 4357 1
1374 124 1
1374 699 1
1374 4600 0
1374 4601 1
1374 4895 1
1375 1085 1
1375 3503 1
1375 1173 0
1375 1756 0
1375 6272 0
1375 2608 0
1375 2092 0
1375 5592 0
1375 1715 1
1375 6350 0
1375 368 1
1375 5807 1
1376 4132 1
1376 6286 1
1376 5782 1
1376 893 1
1376 5451 1
1376 1907 1
1376 1718 1
1376 1065 1
1376 5936 1
1376 6779 0
1376 6781 0
1376 4320 0
1376 4346 1
1377 3436 1
1377 5427 1
1377 302 1
1377 934 1
1377 1145 1
1377 2603 1
1377 6740 1
1377 1045 1
1377 4967 1
1377 109 1
1378 5613 1
1378 4963 0
1378 2033 1
1378 2067 1
1378 6374 1
1378 6488 1
1378 3562 1
1378 2061 1
1378 5638 1
1378 380 1
1378 6288 1
1378 4924 1
1378 4114 1
1378 379 1
1378 6756 1
1378 3564 1
1378 1730 1
1378 2345 1
1378 4892 1
1378 6522 1
1378 5277 1
1378 6617 1
1378 2034 0
1378 6797 1
1378 2758 1
1378 5717 1
1378 6931 1
1378 3271 1
1378 3875 1
1378 6301 1
1378 3443 1
1378 996 1
1378 327 1
1378 5580 1
1378 2062 1
1378 6492 1
1378 6005 0
1378 6507 1
1378 6292 1
1378 4195 0
1378 5693 1
1378 4307 1
1378 3428 1
1378 6568 1
1378 2347 0
1378 3877 1
1378 182 0
1378 1105 1
1378 1115 1
1378 4310 1
1379 6919 1
1379 6918 1
1379 2389 1
1379 44 1
1379 6911 0
1379 6912 0
1379 6906 1
1379 6917 0
1379 6909 0
1379 6910 0
1379 368 1
1379 6908 1
1379 4012 1
1379 6663 1
1379 546 1
1379 6479 1
1379 3628 1
1379 545 1
1379 369 1
1379 6506 0
1379 633 0
1379 5647 1
1379 6355 0
1379 2498 0
1379 5650 1
1379 612 1
1379 27 1
1379 1786 1
1379 1920 1
1379 4259 1
1379 6914 1
1379 181 1
1379 6516 1
1379 3756 1
1379 2984 1
1379 2982 1
1379 163 0
1379 635 1
1379 6916 1
1379 695 0
1379 323 0
1379 4195 0
1379 2182 0
1379 6304 0
1379 2878 1
1379 6904 1
1379 6229 1
1379 3195 1
1379 6907 0
1380 4957 0
1380 4129 0
1380 812 0
1380 6265 0
1380 754 0
1380 3994 0
1380 3099 0
1380 155 0
1380 5366 0
1380 5430 0
1381 1349 1
1381 1767 1
1381 3700 1
1381 2429 0
1381 4042 0
1381 1641 1
1381 1804 1
1381 2338 0
1381 540 1
1381 3734 1
1381 1856 1
1381 5927 1
1381 6928 1
1381 3466 0
1381 1821 0
1381 543 1
1381 3386 1
1381 2741 0
1381 5327 0
1381 6563 0
1381 6669 0
1381 6183 0
1381 3324 0
1381 5409 0
1381 4084 0
1381 4951 1
1381 662 0
1381 4930 0
1381 1410 0
1382 6907 0
1382 1244 1
1382 1245 1
1382 163 1
1382 1252 1
1382 6904 1
1382 283 1
1382 1249 1
1382 1250 1
1382 1253 1
1382 1920 0
1382 5833 1
1382 2644 1
1382 4259 0
1382 1254 1
1382 1271 1
1383 2429 0
1383 3466 0
1383 6368 0
1383 6938 0
1383 1640 0
1383 5701 0
1383 5409 0
1383 666 0
1383 3386 0
1383 6933 1
1383 5327 1
1383 4048 0
1383 3734 0
1383 662 1
1383 1641 0
1383 2353 0
1383 3737 0
1383 5616 0
1383 1804 0
1383 71 0
1383 2264 0
1383 2310 1
1383 4310 1
1383 1932 1
1384 606 1
1384 2560 1
1384 2562 1
1384 3634 1
1384 3751 0
1384 4973 0
1384 3813 0
1384 3250 1
1384 4094 0
1384 1882 0
1384 2473 0
1384 6076 0
1384 5936 0
1384 4346 0
1384 5326 0
1384 3860 0
1384 6026 0
1384 2333 0
1384 1669 1
1384 3015 0
1384 3662 1
1384 5942 1
1385 1885 1
1385 644 1
1385 6224 1
1385 1124 1
1385 4361 1
1385 6908 1
1385 353 1
1385 119 1
1385 2475 1
1385 4714 1
1385 6615 1
1385 5399 1
1386 1915 1
1386 13 1
1386 5323 1
1386 6050 1
1386 1840 1
1386 5509 1
1386 3525 1
1386 5853 1
1386 6866 1
1386 4710 1
1386 5127 1
1386 6774 1
1386 5291 1
1386 6943 1
1386 809 1
1387 2373 1
1387 5899 1
1387 3737 1
1387 4957 1
1387 6885 1
1387 2310 1
1387 6940 1
1387 637 1
1387 2545 1
1387 3386 1
1387 4189 1
1387 2260 1
1387 4529 1
1387 6884 0
1387 3204 1
1387 123 1
1388 1085 1
1388 1088 1
1388 366 1
1388 4558 1
1388 2321 1
1388 2323 1
1388 4559 1
1388 3611 1
1388 762 1
1388 5154 1
1388 1717 1
1388 3608 1
1388 6946 1
1388 342 1
1389 2328 1
1389 1717 1
1389 3608 1
1389 2323 1
1389 854 1
1389 368 1
1389 2054 1
1389 1480 1
1389 762 1
1389 2053 1
1389 4222 1
1389 6235 1
1389 275 1
1389 1949 1
1389 4133 1
1390 3965 0
1390 5002 1
1390 5023 1
1390 5921 1
1390 368 1
1390 4365 1
1390 211 1
1390 6962 0
1390 1714 0
1390 1610 0
1390 6597 1
1390 1134 1
1390 4130 1
1391 4043 1
1391 5793 1
1391 4508 1
1391 5519 0
1391 2128 0
1391 2910 0
1391 4542 1
1391 3743 1
1391 5483 0
1391 766 0
1391 2183 0
1391 4044 1
1392 4325 1
1392 5356 1
1392 6815 1
1392 3975 1
1392 990 1
1392 311 1
1392 58 1
1392 1689 1
1392 3480 1
1392 2378 1
1392 1926 1
1392 4282 1
1392 742 0
1392 5384 0
1392 1690 0
1392 2375 1
1392 1554 1
1393 3940 1
1393 3450 1
1393 579 1
1393 4919 1
1393 4486 1
1393 6097 1
1393 967 1
1393 1460 0
1393 1458 1
1393 1159 1
1393 2950 1
1394 4440 1
1394 5463 1
1394 750 0
1394 4967 0
1394 6740 0
1394 4271 1
1394 5524 0
1394 3914 0
1394 669 0
1394 4737 0
1394 83 0
1395 5273 1
1395 750 0
1395 2603 0
1395 965 1
1395 3183 1
1395 106 1
1395 1683 1
1395 1605 1
1395 5280 1
1395 3662 1
1395 3652 1
1395 2106 0
1395 858 1
1395 3751 1
1396 631 1
1396 2872 1
1396 3134 1
1396 4260 1
1396 4598 1
1396 1359 1
1396 3349 1
1396 3468 1
1396 1134 1
1396 2663 1
1396 6219 1
1396 4130 1
1396 4329 1
1396 6597 1
1396 6193 1
1396 2263 0
1396 6503 1
1396 3758 1
1396 207 1
1396 1481 1
1396 340 1
1396 2836 1
1396 696 1
1396 4553 1
1396 1610 0
1396 1714 0
1397 4320 1
1397 6779 1
1397 6781 1
1397 3758 1
1397 5176 0
1397 5850 0
1397 3359 0
1397 812 0
1397 6761 0
1397 436 0
1397 6503 1
1397 5467 1
1397 3009 1
1397 310 1
1398 3793 1
1398 861 0
1398 834 0
1398 2161 0
1398 3149 0
1398 2845 1
1398 3493 1
1398 3567 1
1398 3566 1
1398 5066 0
1398 5864 0
1398 6860 0
1398 6182 0
1398 2352 0
1398 5359 0
1399 4321 1
1399 2590 1
1399 1686 1
1399 5066 0
1399 1620 0
1399 4759 0
1399 5495 0
1399 6594 0
1399 6664 0
1399 1983 0
1399 6406 0
1399 602 0
1399 3422 0
1399 4919 0
1399 6097 0
1399 579 0
1399 4486 0
1399 6486 0
1399 3347 0
1399 1458 0
1399 2585 0
1399 5565 0
1399 5333 0
1399 4472 0
1399 5245 0
1399 3940 0
1399 3493 1
1399 361 1
1399 558 0
1400 2321 1
1400 2323 1
1400 766 1
1400 6500 0
1400 3556 0
1400 2327 1
1400 3608 1
1400 4726 0
1400 5963 0
1400 3962 0
1400 3232 0
1400 6052 0
1400 620 0
1400 1085 0
1401 6943 0
1401 809 0
1401 5291 0
1401 6637 0
1401 3467 0
1401 2695 0
1401 3162 0
1401 5723 0
1401 1752 1
1401 2333 0
1401 987 0
1401 3156 1
1401 2709 1
1401 1395 1
1401 2930 0
1401 1393 0
1401 1720 0
1401 1573 1
1402 2321 1
1402 366 1
1402 4558 1
1402 3611 1
1402 4559 1
1402 2323 1
1402 367 0
1402 5154 1
1402 99 1
1402 3609 1
1402 1717 1
1402 3608 1
1402 2328 1
1402 6946 1
1402 342 1
1402 2327 1
1402 2263 0
1402 4560 1
1402 4562 1
1402 1085 1
1402 3764 1
1402 339 1
1402 1716 1
1403 4043 0
1403 5793 0
1403 3888 1
1403 164 1
1403 671 0
1403 5434 0
1403 6649 0
1403 5770 0
1403 2824 0
1403 6381 0
1403 3114 0
1403 5212 0
1403 2825 0
1403 4767 0
1403 5501 0
1403 1361 0
1403 5575 0
1403 5571 0
1403 6438 0
1403 3613 0
1403 1686 0
1403 2492 0
1403 4928 0
1403 301 0
1403 2667 0
1403 783 0
1403 6684 0
1403 4126 1
1403 5954 1
1403 2399 1
1403 2118 1
1403 545 1
1404 6656 1
1404 6567 1
1404 1530 1
1404 809 0
1404 6943 0
1404 3467 0
1404 5291 0
1404 6637 0
1404 2695 0
1404 3162 0
1404 5723 0
1404 3825 0
1404 1720 0
1404 3737 1
1404 3386 1
1404 2351 1
1404 2930 0
1404 1393 0
1404 946 1
1404 4623 1
1404 3185 1
1404 3954 1
1404 3112 1
1405 2558 1
1405 5261 1
1405 5152 1
1405 5892 1
1405 4705 1
1405 2776 1
1405 3392 1
1405 1968 1
1405 5179 1
1405 5149 1
1405 6589 1
1405 1405 1
1405 2777 1
1405 3172 1
1405 3544 1
1405 2140 1
1405 2081 1
1405 5064 1
1405 6026 1
1405 2931 1
1405 2688 1
1405 954 1
1405 4355 1
1405 3146 1
1405 6655 1
1405 3696 1
1405 5539 1
1405 6742 1
1405 558 1
1405 3941 1
1405 3681 1
1405 1646 1
1405 2799 1
1405 5842 1
1406 1189 1
1406 2902 1
1406 884 0
1406 5367 0
1406 889 0
1406 1960 0
1406 3642 0
1406 5006 0
1406 4680 1
1406 3213 1
1406 3125 1
1406 4306 1
1406 5283 1
1406 4232 1
1406 1656 1
1406 3618 1
1406 2893 1
1406 6216 1
1406 3869 1
1406 2770 1
1406 1931 1
1406 3154 1
1406 5395 1
1406 640 1
1406 3464 1
1406 4000 1
1406 3467 1
1407 1612 1
1407 3122 1
1407 6243 1
1407 5736 1
1407 6874 1
1407 6060 1
1407 6241 1
1407 4466 1
1407 976 1
1407 1010 1
1407 446 1
1407 5682 1
1407 2107 1
1407 3269 1
1407 6846 1
1407 5499 1
1407 863 1
1407 4912 1
1407 6348 0
1408 970 1
1408 3106 1
1408 5408 1
1408 5567 1
1408 6711 1
1408 3969 1
1408 1998 1
1408 1021 1
1408 4409 1
1408 6534 1
1408 266 1
1408 2142 1
1408 5365 1
1408 764 1
1408 5446 1
1408 1477 1
1409 2337 1
1409 3204 1
1409 885 1
1409 886 1
1409 6064 1
1409 5249 1
1409 4338 1
1409 5318 0
1409 5514 0
1409 3389 1
1409 6546 1
1409 6405 0
1409 6016 1
1410 2622 1
1410 3297 1
1410 6811 1
1410 4104 1
1410 3545 1
1410 4039 1
1410 5574 1
1410 1646 1
1410 5032 1
1410 5884 1
1410 3681 1
1410 5372 1
1410 1348 0
1411 3234 1
1411 5069 1
1411 2714 1
1411 3681 1
1411 3545 0
1411 5884 1
1411 1646 1
1411 3556 1
1411 6500 1
1411 3646 0
1411 2250 1
1412 2041 1
1412 3944 1
1412 3893 1
1412 3071 1
1412 2286 1
1412 3943 1
1412 1916 1
1412 6080 1
1412 5556 1
1412 3499 1
1412 1687 1
1412 1466 1
1412 5675 1
1412 2950 1
1412 3136 1
1412 5776 1
1413 2714 1
1413 2799 1
1413 2250 1
1413 5884 1
1413 1646 0
1413 3681 0
1413 1644 0
1413 5332 0
1413 4573 0
1413 2599 0
1413 5403 0
1413 750 0
1413 3149 0
1413 6696 0
1413 4849 0
1413 6571 0
1413 3234 1
1413 3556 1
1413 6500 1
1413 6197 1
1414 5682 1
1414 6243 1
1414 2107 1
1414 4912 1
1414 1666 1
1414 5304 1
1414 6103 1
1414 4230 1
1414 1470 1
1414 5093 1
1414 4465 1
1414 2813 1
1415 1281 1
1415 5537 1
1415 458 1
1415 289 1
1415 3678 0
1415 6461 0
1415 4813 1
1415 5178 1
1415 3310 1
1415 2567 0
1415 4414 0
1415 6448 0
1415 3639 0
1415 5001 0
1415 116 0
1415 287 0
1415 5981 0
1416 4396 1
1416 1460 1
1416 967 1
1416 5897 1
1416 4724 1
1416 204 0
1416 5675 1
1416 3713 0
1416 6390 0
1416 4910 1
1416 6111 1
1416 6433 0
1417 6619 1
1417 4091 1
1417 5009 1
1417 6808 1
1417 1398 1
1417 5377 1
1417 325 1
1417 6396 1
1417 1639 1
1417 1700 1
1417 999 1
1417 2540 1
1417 1218 0
1417 2021 0
1417 1170 1
1417 4999 1
1417 4746 0
1417 6878 1
1417 640 0
1417 4697 0
1417 2455 0
1417 5005 1
1417 5538 1
1417 3873 1
1417 4789 1
1417 1279 1
1417 6705 1
1417 1030 1
1418 1755 1
1418 1670 1
1418 3455 0
1418 202 1
1418 1187 1
1418 4025 1
1418 1399 1
1418 2757 1
1418 3630 1
1418 1845 1
1418 5873 1
1418 4413 1
1418 5104 1
1418 5561 1
1418 1997 1
1418 2366 1
1418 799 1
1418 5513 1
1418 3663 1
1418 4494 1
1418 4898 1
1418 2798 0
1419 6071 0
1419 6883 0
1419 5913 0
1419 4919 0
1419 6218 1
1419 1440 1
1419 4396 1
1419 4839 0
1419 579 0
1419 4486 0
1419 6097 0
1419 6486 0
1419 967 0
1419 5770 0
1419 1458 0
1419 1159 0
1419 2585 0
1419 3145 0
1419 4472 0
1419 5245 0
1419 5333 0
1419 3104 0
1419 4252 0
1419 4735 0
1419 2270 0
1419 1499 0
1419 3100 0
1419 5094 0
1419 3331 0
1419 279 0
1419 5850 0
1419 5882 0
1419 2555 0
1419 4296 0
1419 4990 0
1419 3940 1
1419 5384 0
1419 5610 0
1419 1460 1
1419 2801 1
1419 2950 1
1419 4295 0
1419 204 1
1419 1941 0
1419 654 0
1419 5857 0
1419 3713 0
1419 4982 0
1419 5675 1
1420 5048 1
1420 4836 1
1420 6846 1
1420 2671 1
1420 5499 1
1420 4873 1
1420 863 1
1420 998 1
1420 5266 1
1420 804 1
1420 2253 1
1420 1666 1
1420 5304 1
1420 6103 1
1420 3463 1
1420 3124 1
1420 3017 1
1420 3791 1
1420 4236 1
1420 1329 1
1420 6681 1
1420 6874 1
1420 6241 1
1420 5084 0
1420 3470 1
1420 1470 1
1420 4139 1
1420 4979 1
1420 5736 1
1421 2095 1
1421 2508 1
1421 1463 1
1421 974 1
1421 1682 1
1421 6734 1
1421 1696 1
1421 3773 1
1421 2008 1
1421 3270 1
1421 4958 1
1421 2603 1
1421 6294 1
1421 930 1
1422 5151 1
1422 5131 1
1422 6876 0
1422 3647 0
1422 4272 0
1422 5051 0
1422 594 0
1422 2760 0
1422 5386 0
1422 2418 0
1422 3836 0
1422 5387 0
1422 432 0
1422 3666 0
1422 1527 0
1422 4266 1
1422 2446 0
1422 6141 0
1422 5734 0
1422 5637 0
1422 4720 0
1422 1701 0
1422 2010 0
1422 3916 0
1422 2111 1
1422 489 1
1422 1930 1
1422 4757 1
1422 661 0
1422 6494 0
1422 4200 0
1422 4337 0
1422 4960 0
1423 607 1
1423 3180 1
1423 5768 1
1423 3959 1
1423 1785 1
1423 2388 1
1423 5321 1
1423 6330 1
1423 2474 1
1423 522 1
1423 4087 1
1423 2358 1
1423 2385 1
1424 5046 1
1424 3778 1
1424 3659 0
1424 3569 1
1424 2797 1
1424 4450 0
1424 3723 0
1424 5793 0
1424 1080 0
1424 1751 0
1424 2961 0
1424 4185 0
1424 5105 1
1425 1526 1
1425 6881 1
1425 4968 1
1425 3769 1
1425 2377 1
1425 2810 0
1425 2807 0
1425 2297 0
1425 746 0
1425 3240 1
1425 4984 0
1425 754 0
1425 4121 0
1425 3207 0
1425 3356 0
1425 804 0
1425 998 0
1425 3832 1
1425 1996 1
1425 6939 0
1425 3099 0
1425 3994 0
1425 4196 0
1425 1255 1
1425 2301 0
1425 3991 0
1425 2614 0
1425 4776 0
1425 939 0
1425 3732 0
1425 2870 0
1425 1153 0
1425 845 0
1425 5042 0
1425 3321 0
1425 1823 0
1425 5602 0
1425 1654 0
1425 3237 0
1425 5806 0
1425 4316 0
1425 5167 0
1425 334 0
1425 584 0
1425 4000 0
1425 2158 0
1425 862 0
1425 3614 0
1425 4083 0
1426 4542 1
1426 4541 1
1426 2333 0
1426 2595 0
1426 1466 0
1426 6397 0
1426 2995 0
1426 2494 0
1426 1687 0
1426 5679 0
1426 6910 0
1426 3713 0
1426 6433 0
1426 6432 0
1426 5796 1
1426 6303 1
1426 3963 1
1426 5339 0
1426 3570 0
1426 783 1
1426 5765 1
1426 5084 0
1426 2286 0
1426 4997 0
1426 1929 0
1426 3779 0
1426 5850 1
1426 3359 1
1426 6295 1
1426 1258 1
1426 5356 0
1426 1690 1
1426 1744 1
1426 87 1
1426 6503 1
1426 1729 1
1426 919 1
1426 835 1
1426 3758 1
1426 952 1
1426 3092 1
1426 5467 1
1426 1065 1
1426 5954 1
1426 4320 1
1426 3342 1
1426 2421 1
1426 436 1
1426 2398 1
1426 4130 1
1427 3657 1
1427 539 1
1427 6885 1
1427 6898 1
1427 6575 1
1427 2594 0
1427 1349 0
1427 6844 0
1427 3558 0
1427 3656 0
1427 2671 0
1427 364 0
1427 310 0
1427 5467 0
1427 3009 0
1427 4742 0
1427 6293 0
1427 3472 0
1427 3783 1
1427 6591 1
1427 6334 0
1427 365 0
1427 6875 1
1427 2724 1
1427 4447 0
1427 950 0
1427 521 0
1428 5042 1
1428 5341 1
1428 2331 1
1428 5108 1
1428 5043 1
1428 4051 0
1428 2840 0
1428 2158 0
1428 1474 0
1428 3177 0
1428 4893 0
1428 5029 0
1428 6699 0
1428 6164 0
1428 32 1
1428 6299 1
1428 6493 1
1428 624 1
1429 4200 1
1429 4184 1
1429 2371 1
1429 2184 1
1429 6849 1
1429 6374 0
1429 6488 0
1429 3562 0
1429 2067 0
1429 4251 1
1429 6331 1
1429 6861 1
1429 6022 1
1429 3808 1
1429 2785 0
1429 4995 1
1430 2062 1
1430 6617 1
1430 2347 1
1430 2033 1
1430 2067 1
1430 6374 1
1430 6488 1
1430 3562 1
1430 1730 1
1430 2345 1
1430 5277 1
1430 4963 0
1430 3976 1
1430 2034 1
1430 6797 1
1430 2758 1
1430 5717 1
1430 6931 1
1430 3271 1
1430 3875 1
1430 6301 1
1430 3443 1
1430 327 1
1430 5580 1
1430 6492 1
1430 6005 1
1430 5613 0
1430 6292 1
1430 6801 0
1430 2353 0
1430 5591 0
1430 662 1
1430 1105 0
1430 2348 1
1430 5595 0
1430 3734 0
1430 182 0
1430 3877 1
1430 6568 1
1430 3428 1
1430 4307 1
1430 5693 1
1430 4114 1
1430 4924 1
1430 6288 1
1430 380 1
1430 5638 1
1430 2061 1
1430 6507 1
1431 5937 1
1431 5359 1
1431 2293 1
1431 6001 0
1431 5951 0
1431 3143 0
1431 6816 0
1431 2609 1
1431 4787 1
1431 2925 1
1431 3812 1
1432 4321 1
1432 2590 1
1432 3512 0
1432 2470 0
1432 1889 0
1432 6916 0
1432 4792 0
1432 1911 0
1432 3632 0
1432 2078 0
1432 1853 0
1432 3041 0
1432 4131 0
1432 6124 0
1432 6785 0
1432 3117 0
1432 482 0
1432 2155 0
1432 6608 0
1432 1884 0
1432 2547 0
1432 1726 0
1432 2045 0
1432 4707 0
1432 6026 0
1432 4371 0
1432 4372 0
1432 1452 0
1433 6066 0
1433 1744 0
1433 5154 1
1433 2321 1
1433 366 1
1433 4558 1
1433 3611 1
1433 4559 1
1433 367 1
1433 3609 1
1433 1717 1
1433 3608 1
1433 2328 1
1433 342 1
1433 6946 1
1433 2263 0
1433 4560 1
1433 4562 1
1433 3764 1
1433 339 1
1433 1085 1
1433 1716 1
1433 3503 1
1433 5158 1
1433 3758 0
1433 3767 1
1433 6503 0
1433 5785 1
1433 1480 1
1433 762 1
1433 6437 1
1433 766 1
1433 5732 1
1433 1584 1
1434 6378 1
1434 3072 1
1434 3199 1
1434 4072 1
1434 1844 1
1434 3551 0
1434 5688 0
1434 3298 0
1434 1157 0
1434 5933 0
1434 4478 0
1434 6541 0
1434 2627 0
1434 6443 0
1434 3073 0
1434 6388 0
1434 18 0
1434 15 0
1434 17 0
1434 16 0
1434 832 0
1434 138 0
1434 5049 0
1434 4981 0
1435 4471 1
1435 5025 1
1435 6773 1
1435 5347 1
1435 6519 1
1435 4771 1
1435 1151 1
1435 3343 1
1435 5080 1
1435 6638 0
1435 6456 0
1435 4249 1
1435 6086 0
1435 2910 0
1435 4251 0
1435 3646 0
1435 1746 0
1436 3347 1
1436 904 1
1436 3994 1
1436 3099 1
1436 155 1
1436 3568 1
1436 6625 1
1436 5366 1
1436 5205 1
1436 3121 1
1436 4118 1
1436 3922 1
1437 3739 0
1437 4200 0
1437 6023 0
1437 3580 0
1437 2284 0
1437 640 0
1437 2446 0
1437 3592 0
1437 2969 0
1437 566 0
1437 2685 0
1437 4337 0
1437 494 0
1437 2502 0
1437 4646 0
1437 6218 0
1437 4376 1
1437 1848 0
1437 2697 0
1437 3583 1
1437 4411 0
1438 163 1
1438 6904 1
1438 6907 1
1438 323 0
1438 4442 0
1438 4195 0
1438 2182 0
1438 3516 0
1438 1920 0
1438 4259 0
1438 2979 0
1438 2 0
1438 4066 0
1438 3536 1
1438 2395 1
1438 10 1
1439 2062 1
1439 6617 1
1439 2347 1
1439 2033 1
1439 2034 1
1439 3976 1
1439 5277 1
1439 2067 1
1439 6374 1
1439 6488 1
1439 3562 1
1439 1730 1
1439 2345 1
1439 4963 1
1439 327 1
1439 5580 0
1439 6492 0
1440 4071 1
1440 6381 0
1440 2441 1
1440 1104 0
1440 178 1
1440 6773 1
1440 169 1
1440 4317 0
1440 6110 1
1440 174 1
1441 4963 1
1441 2897 1
1441 6314 1
1441 3443 1
1441 6931 1
1441 2895 1
1441 5613 1
1441 3564 1
1441 6756 1
1441 1992 1
1441 5159 1
1441 3508 1
1441 3675 1
1441 3506 1
1441 2937 1
1441 4592 1
1441 5597 1
1441 4693 1
1441 3679 1
1441 1730 1
1441 4275 1
1441 5160 1
1441 5293 1
1441 3581 0
1441 5161 1
1441 4547 1
1442 631 1
1442 2872 1
1442 3134 1
1442 4260 1
1442 4598 1
1442 3349 1
1442 1359 1
1442 3468 1
1442 1134 1
1442 4130 1
1442 4329 1
1442 2663 1
1442 6219 1
1442 6597 1
1442 6193 1
1442 6503 0
1443 383 0
1443 2773 1
1443 3226 1
1443 6014 0
1443 5815 1
1443 5814 1
1443 1098 1
1443 420 0
1443 1709 1
1443 3241 1
1443 5669 1
1443 5781 1
1443 144 1
1443 4445 1
1443 6921 1
1443 4439 1
1443 274 1
1443 1447 1
1443 684 1
1443 296 1
1443 4290 1
1443 3484 1
1443 1519 1
1443 2439 0
1443 6355 1
1443 4422 1
1443 6359 1
1443 2343 0
1444 2371 1
1444 891 1
1444 1357 1
1444 6022 1
1444 3808 1
1444 6488 1
1444 6374 1
1444 3562 1
1444 2067 1
1444 1895 1
1444 2785 1
1444 6492 1
1444 2439 1
1444 2382 1
1444 3179 1
1444 6482 1
1444 5481 1
1444 5968 1
1444 855 1
1445 6083 1
1445 4995 1
1445 885 1
1445 4338 1
1445 1738 1
1445 4292 1
1445 6047 1
1445 3777 1
1445 6374 1
1445 3562 1
1445 3502 1
1445 4159 1
1445 1947 1
1445 2225 1
1445 4451 1
1445 6171 1
1445 1320 1
1445 6505 1
1445 3775 1
1445 2964 1
1445 6517 1
1445 5148 1
1445 6401 1
1445 2337 1
1445 2113 1
1445 5616 1
1446 5199 1
1446 6245 1
1446 3729 1
1446 1711 1
1446 5273 0
1446 2791 1
1446 1374 1
1446 930 1
1446 2527 1
1446 6294 1
1446 668 1
1446 965 1
1446 6424 1
1446 3741 1
1447 3165 1
1447 2690 1
1447 1151 1
1447 2139 0
1447 5505 1
1447 6906 1
1447 3649 1
1447 1149 1
1447 2399 1
1447 2118 1
1447 6661 1
1447 6446 1
1447 2036 1
1447 1742 1
1447 6574 1
1448 594 1
1448 4272 1
1448 3647 1
1448 5051 1
1448 2760 1
1448 6876 1
1448 2111 1
1448 3836 1
1448 241 1
1448 5386 1
1448 5128 1
1448 5387 1
1448 3666 1
1448 4160 1
1448 5966 1
1448 432 1
1448 1456 1
1448 1826 1
1448 6118 1
1448 3158 1
1448 3317 1
1448 4684 1
1448 2418 1
1448 5522 1
1448 6308 1
1448 4031 1
1449 1671 0
1449 3720 0
1449 5760 0
1449 2925 0
1449 1729 0
1449 3052 1
1449 1962 0
1449 5742 0
1449 4638 0
1449 4784 0
1449 1939 1
1449 6135 1
1449 2882 1
1449 3049 1
1450 2914 1
1450 3014 1
1450 5001 1
1450 502 1
1450 3410 1
1450 5237 0
1450 4782 0
1450 6878 0
1450 4176 0
1450 2236 0
1450 3731 0
1451 3177 1
1451 3329 1
1451 1676 1
1451 940 1
1451 1482 1
1451 2077 1
1451 6709 1
1451 5619 1
1451 5911 1
1451 1474 1
1451 55 1
1451 56 1
1451 6021 1
1451 5046 1
1451 3569 1
1451 2797 1
1451 6410 1
1451 1873 1
1451 3646 0
1452 339 1
1452 3764 1
1452 5154 1
1452 99 1
1452 1085 1
1452 2910 1
1452 298 1
1452 5923 1
1452 3758 1
1452 6503 1
1452 2321 1
1452 366 1
1452 4558 1
1452 3611 1
1452 4559 1
1452 367 0
1452 1716 1
1452 2923 0
1452 766 1
1453 1379 1
1453 113 1
1453 6540 1
1453 614 1
1453 865 1
1453 5640 1
1453 297 1
1453 616 1
1453 3405 1
1453 5150 1
1453 1568 1
1453 5225 1
1453 3412 1
1453 581 1
1453 1694 0
1453 4833 1
1453 2455 0
1453 5543 0
1453 84 1
1453 3799 1
1453 1609 0
1453 5055 0
1454 1644 1
1454 4573 1
1454 2599 1
1454 5403 1
1454 960 1
1454 5369 1
1454 746 1
1454 3870 0
1454 6736 1
1454 1389 1
1454 4027 1
1454 4034 1
1454 3120 1
1454 6279 1
1454 1042 1
1454 1230 1
1454 2078 1
1454 3644 1
1454 2616 1
1454 3149 0
1455 5850 1
1455 3359 1
1455 4541 1
1455 4542 1
1455 6295 1
1455 6503 1
1455 5796 1
1455 6303 1
1455 5356 1
1455 3092 1
1455 2041 1
1455 3758 1
1455 919 1
1455 1077 1
1455 3187 1
1455 1258 1
1455 3623 1
1456 5850 1
1456 3359 1
1456 4541 1
1456 4542 1
1456 6295 1
1456 6503 1
1456 5796 1
1456 6303 1
1456 5356 1
1456 3092 1
1456 2041 1
1456 3758 1
1456 919 1
1456 1077 1
1456 3187 1
1456 1258 1
1456 3623 1
1457 6848 1
1457 6490 1
1457 155 0
1457 3568 0
1457 1344 0
1457 3763 1
1457 6493 1
1457 3321 1
1457 2197 0
1457 2272 1
1457 1808 0
1457 5105 1
1457 624 1
1458 6906 1
1458 3649 1
1458 1149 1
1458 3883 1
1458 6436 1
1458 2399 1
1458 2118 1
1458 6661 1
1458 2036 1
1458 6446 1
1458 1742 1
1458 6574 1
1458 545 1
1458 567 1
1458 3259 1
1458 4036 1
1458 510 1
1458 3700 1
1458 5529 1
1458 2214 1
1458 574 1
1458 4100 1
1458 3390 1
1458 2633 1
1459 5675 1
1459 5776 1
1459 3268 1
1459 3136 1
1459 967 1
1459 4910 1
1459 5850 1
1459 1660 0
1459 6218 1
1459 1159 1
1459 5950 1
1459 813 1
1459 1458 1
1459 5565 1
1459 5406 1
1459 3540 1
1459 3627 1
1459 5556 1
1459 2191 1
1459 2950 1
1459 2801 1
1459 6926 1
1459 2670 1
1459 6126 1
1460 4963 0
1460 2897 0
1460 6314 1
1460 3443 1
1460 2895 1
1460 2347 0
1460 5613 1
1460 878 1
1460 6933 1
1460 3564 0
1460 6756 0
1460 1992 0
1460 2345 0
1460 1730 0
1461 3813 1
1461 4973 1
1461 5450 1
1461 3751 1
1461 3179 1
1461 6880 1
1461 1696 1
1461 3773 1
1461 2008 1
1461 4958 1
1461 6236 1
1461 6734 1
1461 5427 1
1461 3436 1
1461 1145 1
1461 302 1
1461 934 1
1461 2291 1
1461 4966 1
1461 1532 1
1461 4955 1
1461 4716 1
1461 6739 1
1461 992 1
1461 2119 1
1461 1374 1
1461 3589 1
1461 5199 1
1461 4967 1
1461 750 1
1461 3619 1
1461 6740 1
1461 2603 1
1461 965 1
1461 106 1
1461 5278 0
1461 4732 1
1461 1539 1
1461 2791 1
1462 1352 1
1462 2554 1
1462 6767 1
1462 76 1
1462 2727 1
1462 4065 1
1462 840 1
1462 1956 1
1462 1614 1
1462 4076 0
1462 3648 1
1462 3010 1
1462 2890 0
1462 61 1
1462 926 1
1462 1782 0
1463 433 1
1463 1638 1
1463 4493 1
1463 4305 1
1463 3784 1
1463 13 1
1463 3525 1
1463 5853 1
1463 2574 1
1463 2618 1
1463 3315 1
1463 4377 1
1463 5509 1
1463 4528 1
1464 1293 0
1464 6117 1
1464 6873 0
1464 314 1
1464 1707 1
1464 1704 1
1464 5869 0
1464 3998 1
1464 4949 1
1464 6868 0
1464 4919 1
1465 697 1
1465 3624 1
1465 4554 1
1465 4555 1
1465 699 0
1465 698 1
1465 6272 0
1465 5807 0
1465 3043 0
1465 4359 0
1465 124 0
1466 2784 0
1466 2321 1
1466 366 1
1466 4558 1
1466 367 0
1466 5154 1
1466 6322 0
1466 99 1
1466 3609 1
1466 2263 1
1466 4560 1
1466 4562 1
1467 2386 1
1467 527 1
1467 5772 1
1467 4021 1
1467 973 1
1467 5694 1
1467 2383 1
1467 1904 1
1467 1671 1
1467 304 1
1467 6679 1
1467 2384 1
1467 5321 1
1468 2386 1
1468 527 1
1468 5772 1
1468 4021 1
1468 973 1
1468 5694 1
1468 2383 1
1468 1904 1
1468 1671 1
1468 304 1
1468 6679 1
1468 2384 1
1468 5321 1
1469 783 0
1469 3570 0
1469 5765 0
1469 5850 1
1469 3359 1
1469 5356 1
1469 6295 0
1469 2378 0
1469 3491 0
1469 2241 0
1469 1690 1
1469 6362 1
1469 5467 1
1470 4601 1
1470 4600 0
1470 4895 1
1470 6272 1
1470 1756 1
1470 2608 1
1470 1173 1
1470 4256 1
1470 3511 1
1470 5600 1
1470 3043 1
1470 2110 0
1471 1680 1
1471 5552 1
1471 2239 1
1471 924 1
1471 2004 1
1471 4269 1
1471 4899 1
1471 799 1
1471 4941 1
1471 5349 0
1471 6675 0
1471 5531 0
1471 1009 0
1472 4047 1
1472 2073 1
1472 3977 1
1472 6261 1
1472 4368 1
1472 4046 1
1472 6427 1
1472 6694 1
1472 1033 1
1472 5070 1
1473 5047 1
1473 1477 1
1473 5722 1
1473 3539 1
1473 6534 1
1473 5446 1
1473 3290 1
1473 4098 1
1473 3957 1
1473 5707 1
1473 319 1
1473 4976 1
1473 4888 1
1473 4409 1
1473 6319 1
1473 764 1
1473 3835 1
1473 5388 1
1473 5661 1
1474 3141 1
1474 1699 1
1474 2487 1
1474 6549 0
1474 506 1
1474 2491 1
1474 4169 1
1474 3214 1
1474 5946 1
1474 4950 1
1475 2148 1
1475 2505 1
1475 6471 1
1475 5777 1
1475 1666 1
1475 3656 1
1475 4912 1
1475 3558 1
1475 5304 1
1475 2107 1
1475 3269 1
1475 5682 1
1475 745 1
1475 6243 1
1475 1501 1
1475 4465 1
1475 2813 1
1476 4071 1
1476 3620 1
1476 4318 1
1476 6140 1
1476 138 1
1476 169 1
1476 3552 0
1476 2441 0
1476 176 1
1476 5697 1
1477 6940 1
1477 2310 1
1477 6885 1
1477 3737 1
1477 4957 1
1477 2373 1
1477 4853 1
1477 3734 1
1477 519 1
1477 5348 1
1478 3455 1
1478 2081 1
1478 2777 1
1478 6123 1
1478 3172 1
1478 6207 1
1478 4172 1
1478 1003 1
1478 5819 1
1478 1006 1
1479 5983 1
1479 6011 1
1479 2215 1
1479 3524 1
1479 2371 1
1479 3466 1
1479 6374 1
1479 6488 1
1479 3562 1
1479 2067 1
1479 6022 1
1480 559 1
1480 4983 1
1480 2865 1
1480 2139 1
1480 1039 1
1480 4046 1
1480 5070 1
1480 3307 1
1480 1412 1
1480 5003 1
1481 868 1
1481 1382 1
1481 208 1
1481 4096 1
1481 3089 1
1481 2083 1
1481 5509 1
1481 3248 1
1481 4333 1
1481 3832 1
1481 2397 1
1482 6866 1
1482 4710 1
1482 809 1
1482 3125 1
1482 3869 1
1482 6277 0
1482 3676 0
1482 5286 0
1482 4901 1
1482 5356 1
1482 3867 1
1483 5009 1
1483 2620 1
1483 999 1
1483 421 1
1483 5220 1
1483 5412 1
1483 5250 1
1483 4095 1
1483 6501 1
1483 3410 1
1484 1748 1
1484 6577 1
1484 5382 1
1484 6187 1
1484 6822 1
1484 4366 1
1484 5530 1
1484 263 1
1484 4696 1
1484 6411 1
1484 4987 1
1484 5150 1
1484 2896 1
1485 3940 1
1485 967 1
1485 3450 1
1485 4919 1
1485 579 1
1485 6486 1
1485 4486 0
1485 6097 1
1485 1460 0
1485 1458 1
1485 1159 1
1485 5565 1
1485 5406 1
1485 3540 1
1485 4472 1
1485 5245 1
1485 2585 1
1485 3145 1
1485 2950 1
1485 5675 1
1485 3268 1
1485 3136 1
1485 5776 1
1485 3522 1
1485 3944 1
1485 4910 1
1485 1687 1
1485 1466 1
1486 5407 1
1486 5261 1
1486 1968 1
1486 5559 1
1486 6448 1
1486 1364 1
1486 1857 1
1486 4991 1
1486 270 1
1486 2931 1
1486 4948 1
1487 1915 1
1487 13 1
1487 5323 1
1487 6050 1
1487 1840 1
1487 5509 1
1487 3525 1
1487 5853 1
1487 6866 1
1487 4710 1
1487 5127 1
1487 6774 1
1487 4911 1
1487 809 1
1487 5291 1
1487 6943 1
1487 5283 1
1487 3125 1
1487 4306 1
1487 1656 1
1487 3618 1
1487 6216 1
1487 3213 1
1487 801 1
1487 3676 1
1487 6277 1
1487 5286 1
1487 3098 1
1487 5755 1
1487 4923 1
1487 2377 1
1487 1172 1
1487 4978 1
1488 1527 1
1488 5151 1
1488 4724 0
1488 2442 0
1488 2288 0
1488 6867 0
1488 5742 1
1488 1546 1
1488 1626 1
1488 3368 1
1488 995 0
1488 3647 1
1488 594 1
1489 865 1
1489 3427 0
1489 1682 1
1489 1568 1
1489 581 1
1489 5506 1
1489 214 1
1489 5382 1
1489 1748 1
1489 4987 1
1489 656 1
1489 1694 1
1489 3412 0
1490 1311 1
1490 1190 1
1490 3304 1
1490 3305 1
1490 956 1
1490 1509 1
1490 219 1
1490 3825 0
1490 3919 0
1490 5819 1
1490 1003 1
1490 1358 1
1490 838 1
1490 3165 1
1490 4731 0
1490 6842 0
1490 4250 0
1491 6298 0
1491 2339 1
1491 3178 1
1491 959 1
1491 2943 1
1491 5459 0
1491 4319 0
1491 4766 0
1491 5132 0
1491 3857 0
1491 5855 0
1491 4899 0
1491 5937 1
1491 2289 0
1491 3676 0
1491 397 0
1491 86 0
1491 3144 1
1491 652 1
1491 6929 1
1491 6804 1
1491 5117 1
1491 963 1
1491 3148 1
1491 6928 1
1491 5122 1
1492 6423 1
1492 6437 1
1492 750 0
1492 3115 0
1492 475 0
1492 5274 0
1492 3708 0
1492 4101 0
1492 2242 0
1492 5139 0
1492 5583 0
1492 3756 0
1492 3503 1
1492 817 0
1492 99 1
1493 2409 1
1493 3743 1
1493 6570 0
1493 6685 0
1493 5927 1
1493 3333 0
1493 2943 0
1493 4490 0
1493 1766 0
1493 2339 0
1493 4661 0
1493 4925 0
1493 5809 1
1493 1934 0
1493 6538 1
1493 4648 0
1493 3916 0
1493 2010 0
1494 1573 1
1494 2161 1
1494 834 1
1494 861 1
1494 809 0
1494 6943 0
1494 3467 0
1494 5291 0
1494 6637 0
1494 3162 0
1494 2695 0
1494 5723 0
1494 1720 0
1494 2303 1
1494 3629 1
1494 1393 0
1494 2930 0
1494 1186 0
1494 1395 0
1494 3819 1
1494 1834 1
1494 2050 1
1494 2051 1
1495 1808 0
1495 1280 1
1495 6402 0
1495 1512 0
1495 5086 0
1495 6083 0
1495 3768 0
1495 136 0
1495 14 0
1495 2873 0
1495 1574 0
1495 138 0
1495 4707 0
1495 704 0
1495 1282 0
1495 1611 0
1496 4159 1
1496 4186 1
1496 4175 1
1496 6485 0
1496 4196 1
1496 6473 1
1496 6457 1
1496 2606 0
1496 3329 1
1496 1676 1
1497 4175 1
1497 6485 0
1497 3661 0
1497 4159 1
1497 4123 1
1497 4186 1
1497 538 0
1497 6564 1
1497 6940 0
1497 6853 0
1497 4957 0
1497 2310 0
1498 5403 1
1498 4034 1
1498 314 1
1498 3252 0
1498 4721 0
1498 4718 0
1498 6026 0
1498 6117 1
1498 3337 1
1498 1059 0
1498 5601 1
1498 946 0
1498 3130 0
1498 6680 1
1499 2321 1
1499 366 1
1499 4558 1
1499 3611 1
1499 4559 1
1499 2323 0
1499 762 1
1499 1480 1
1499 98 1
1499 2327 1
1499 2326 1
1499 1085 1
1500 6390 1
1500 22 1
1500 4709 1
1500 4442 1
1500 323 1
1500 5359 1
1500 4724 1
1500 1831 1
1500 5840 1
1500 3075 1
1500 5111 1
1501 4175 1
1501 6688 0
1501 2120 0
1501 4084 0
1501 6527 0
1501 5515 0
1501 3144 0
1501 6015 0
1501 2715 0
1501 5180 0
1501 959 0
1502 4065 1
1502 4076 1
1502 6473 1
1502 6457 1
1502 3347 0
1502 6093 0
1502 6059 0
1502 5725 0
1502 904 0
1502 6485 0
1502 5441 0
1502 6083 0
1502 5355 0
1502 5440 0
1502 2186 1
1503 1358 0
1503 525 0
1503 6655 0
1503 1000 0
1503 3589 0
1503 5778 0
1503 4763 0
1503 2347 0
1503 3089 0
1503 6564 0
1503 6355 0
1503 569 0
1503 6826 0
1503 6847 0
1503 5755 0
1503 4873 0
1504 3770 1
1504 4321 1
1504 835 1
1504 3007 0
1504 5084 0
1504 101 0
1504 2374 0
1504 2398 1
1504 5850 0
1504 3359 0
1504 1616 0
1504 5959 0
1504 2913 0
1504 1972 0
1504 2706 0
1504 6332 0
1504 2305 0
1504 2030 0
1504 4032 0
1505 6023 1
1505 2558 1
1505 5261 1
1505 5152 1
1505 5892 1
1505 4705 1
1505 2776 1
1505 3392 1
1505 1968 1
1505 5179 1
1505 5149 1
1505 6589 1
1505 1405 1
1505 2777 1
1505 3172 1
1505 3544 1
1505 2140 1
1505 2081 1
1505 5064 1
1505 2931 1
1505 2688 1
1505 954 1
1505 4355 1
1505 3146 1
1505 6655 1
1505 3696 1
1505 4105 1
1505 5539 1
1505 6742 1
1505 2567 1
1505 3941 1
1505 3681 1
1505 1646 1
1505 3234 1
1505 5751 1
1505 5477 1
1505 6239 1
1505 4808 1
1505 774 1
1505 2741 0
1505 3534 0
1505 3574 0
1505 2799 1
1505 5842 1
1505 6864 1
1506 4365 1
1506 3651 1
1506 211 1
1506 3861 1
1506 3221 1
1506 2326 1
1506 1496 1
1506 2053 0
1506 209 1
1506 4130 1
1506 1134 1
1506 3648 0
1506 6406 0
1506 5495 0
1506 2397 0
1506 3997 0
1507 2443 1
1507 3134 1
1507 631 1
1507 2872 1
1507 4260 1
1507 1359 1
1507 4598 1
1507 3349 1
1507 3468 1
1507 4130 1
1507 1134 1
1507 6597 1
1507 6193 1
1507 2663 1
1507 6219 1
1507 4329 1
1507 5116 0
1507 1481 1
1507 207 1
1507 5085 1
1507 4801 1
1507 3088 1
1507 2836 1
1507 2263 1
1507 696 1
1507 4553 1
1507 3489 1
1507 3892 1
1507 679 1
1507 1078 1
1507 6437 0
1507 3315 0
1507 4377 0
1507 5507 0
1507 990 0
1507 1923 0
1507 340 1
1507 2590 0
1507 6369 1
1507 2221 0
1507 368 0
1507 1976 0
1507 6503 1
1507 3758 1
1508 2117 1
1508 2069 1
1508 2794 1
1508 4408 1
1508 5208 1
1508 6250 1
1508 3181 0
1508 5147 1
1508 2070 1
1508 6244 0
1508 953 0
1508 4506 1
1508 5098 1
1509 1714 1
1509 1610 1
1509 4024 1
1509 4727 1
1509 6369 1
1509 197 1
1509 2443 0
1509 368 0
1509 951 0
1509 6367 0
1509 5919 0
1509 5917 0
1510 4989 1
1510 2138 1
1510 4699 1
1510 4697 1
1510 591 1
1510 3367 1
1510 6149 1
1510 5148 0
1510 3377 0
1510 2813 0
1510 5093 0
1510 4465 0
1510 225 1
1510 6443 1
1510 2627 1
1510 6765 1
1510 1233 1
1510 2808 0
1510 6872 1
1510 1512 1
1510 3550 1
1511 6944 1
1511 753 1
1511 1963 1
1511 6842 1
1511 1795 1
1511 1362 1
1511 5000 1
1511 2278 1
1511 4686 1
1511 5367 1
1511 884 1
1511 3642 1
1511 3245 1
1511 2943 1
1511 3169 1
1511 5648 1
1511 1370 1
1511 3837 1
1511 3178 1
1511 751 1
1511 2339 1
1511 3160 1
1511 6384 1
1511 3717 0
1511 3805 0
1511 5990 0
1511 6814 0
1511 1802 0
1511 3140 0
1511 958 1
1511 5629 0
1511 6144 0
1511 5096 0
1511 4304 1
1511 5840 1
1511 4482 0
1511 2582 0
1511 6786 0
1511 4000 0
1512 1714 1
1512 1610 1
1512 4024 1
1512 4727 1
1512 6369 1
1512 197 1
1512 2443 0
1512 368 0
1512 951 0
1512 6367 0
1512 5919 0
1512 5917 0
1513 2558 1
1513 5261 1
1513 5152 1
1513 5892 1
1513 4705 1
1513 2776 1
1513 3392 1
1513 1968 1
1513 5179 1
1513 5149 1
1513 6589 1
1513 1405 1
1513 2777 1
1513 3172 1
1513 3544 1
1513 2140 1
1513 2081 1
1513 5064 1
1513 6026 1
1514 942 0
1514 2858 0
1514 4908 0
1514 6317 0
1514 2150 0
1514 6638 0
1514 5277 1
1514 2910 0
1514 298 0
1514 5923 0
1514 3044 0
1514 5897 0
1514 4724 0
1514 6282 0
1514 514 0
1514 1492 0
1514 1725 0
1514 6192 0
1514 284 0
1514 3522 0
1514 5756 0
1514 3877 1
1514 6115 0
1514 5987 0
1514 3483 1
1514 4998 1
1514 5752 0
1514 4904 0
1514 6867 0
1514 4624 0
1514 3400 0
1514 1745 0
1514 3209 0
1514 4870 1
1514 6175 0
1514 2230 0
1514 1728 0
1514 6485 0
1514 509 1
1514 6743 0
1514 4036 0
1514 859 0
1514 6086 0
1514 3646 0
1514 4107 1
1514 1746 0
1515 3650 0
1515 6330 0
1515 523 1
1515 5321 0
1515 4021 1
1515 2467 1
1515 5934 1
1515 6071 0
1515 6883 0
1515 1722 1
1515 1871 1
1515 2205 0
1515 2772 1
1516 5377 1
1516 5535 1
1516 468 1
1516 4687 1
1516 4417 1
1516 5538 1
1516 1279 1
1516 3873 1
1516 4789 1
1516 4173 1
1516 2018 1
1516 1608 1
1516 1368 1
1516 5008 1
1516 3225 1
1516 2455 0
1516 6619 1
1516 554 1
1516 4091 1
1516 5009 1
1516 1366 1
1516 478 1
1516 1639 1
1517 4321 0
1517 4844 0
1517 1205 1
1517 6881 0
1517 3149 0
1517 4670 0
1517 544 0
1517 2742 0
1517 2296 0
1517 2759 0
1517 2741 0
1517 6153 0
1517 4038 0
1517 3372 0
1517 3862 0
1517 4051 0
1517 3293 0
1517 3708 0
1518 210 1
1518 6717 1
1518 85 1
1518 4812 1
1518 658 1
1518 246 1
1518 657 1
1518 975 1
1518 2079 1
1518 2598 1
1518 2462 1
1518 713 1
1518 5134 1
1518 4780 1
1518 2001 1
1518 1016 1
1518 2046 1
1518 1437 1
1518 6404 1
1518 4121 1
1518 2465 1
1518 1438 1
1518 4806 1
1518 4629 1
1518 4941 1
1518 6442 1
1518 2463 1
1518 6109 0
1518 5021 0
1518 2616 0
1518 2114 0
1518 1472 1
1518 904 1
1518 6093 1
1518 3347 1
1518 1436 1
1518 155 0
1518 3994 0
1518 3568 0
1518 3099 0
1518 5430 0
1518 5366 0
1518 6625 0
1518 1869 0
1518 4118 0
1518 1707 0
1518 6265 0
1519 1937 1
1519 4019 1
1519 1714 1
1519 1610 1
1519 4024 1
1519 5967 0
1519 6792 0
1519 1616 0
1519 101 0
1519 6356 1
1519 4960 1
1519 6843 0
1519 3326 1
1519 2285 0
1519 6857 1
1519 3507 1
1519 6738 1
1519 685 1
1519 436 1
1519 3517 1
1519 2369 0
1519 2263 1
1520 3646 0
1520 1986 1
1520 3189 1
1520 6180 1
1520 530 1
1520 6202 1
1520 531 1
1520 352 1
1520 1975 1
1520 5737 1
1520 5053 1
1520 317 1
1520 5078 1
1520 2408 1
1520 2870 0
1520 6047 0
1520 2964 0
1520 4141 1
1521 697 1
1521 3624 1
1521 4554 1
1521 4555 1
1521 361 1
1521 698 1
1521 3493 1
1521 3566 1
1521 6313 1
1521 3567 1
1521 1909 1
1521 608 1
1521 4543 1
1521 6181 1
1521 5496 1
1521 6272 1
1521 1173 0
1521 3648 0
1521 4130 0
1521 1134 0
1521 6219 0
1522 2206 1
1522 1606 1
1522 2095 1
1522 2508 1
1522 360 1
1522 974 1
1522 4768 0
1522 5708 1
1522 5984 1
1522 388 0
1522 4229 0
1522 5449 0
1522 6424 1
1522 1237 0
1522 2901 0
1522 4602 0
1522 6912 0
1522 1463 1
1522 2543 0
1522 2649 0
1522 5640 0
1522 1140 1
1522 1682 1
1522 2548 0
1522 2674 0
1523 6503 1
1523 6248 0
1523 3758 1
1523 5439 1
1523 2771 1
1523 3489 1
1523 3892 1
1523 4553 1
1523 696 1
1523 4260 1
1523 4598 1
1523 3134 1
1523 3349 1
1523 631 1
1523 2872 1
1523 1359 1
1523 2836 1
1524 4635 0
1524 6833 0
1524 3888 1
1524 6791 1
1524 567 0
1524 4098 0
1524 3957 0
1524 5529 1
1524 3165 1
1524 2690 1
1524 5516 1
1524 5321 1
1524 6330 1
1524 2056 1
1524 2388 1
1524 6711 1
1524 970 1
1524 3106 1
1524 2012 0
1524 2237 1
1524 5567 1
1525 3043 0
1525 5066 0
1525 6545 0
1525 4260 0
1525 4598 0
1525 3134 0
1525 3349 0
1525 1359 0
1525 5051 0
1525 3647 0
1525 1134 0
1525 6219 0
1525 4130 0
1525 2845 0
1525 1746 0
1525 1744 0
1525 5910 0
1525 5496 0
1526 6444 1
1526 2786 0
1526 885 0
1526 886 0
1526 6064 0
1526 4338 0
1526 5249 0
1526 6407 0
1526 155 0
1526 3568 0
1526 5430 0
1526 2349 0
1526 2787 0
1526 3720 0
1526 5760 0
1527 2546 0
1527 159 0
1527 2701 0
1527 6287 0
1527 5297 0
1527 5015 0
1527 846 0
1527 3801 0
1527 6701 0
1527 4853 0
1527 6713 0
1528 4200 0
1528 6638 0
1528 6086 0
1528 2910 0
1528 298 0
1528 5923 0
1528 3646 0
1528 2457 0
1528 6045 0
1528 1746 0
1528 1332 0
1528 579 0
1528 4486 0
1528 6097 0
1528 6486 0
1528 4919 0
1528 3580 1
1528 4337 0
1528 6776 0
1528 2969 0
1528 452 1
1528 460 1
1528 4411 1
1528 3194 0
1528 2726 0
1528 3583 1
1528 6175 0
1528 6056 0
1528 3044 0
1528 2293 1
1528 3592 0
1528 5676 0
1528 2446 0
1528 3804 0
1528 323 0
1528 2858 0
1528 942 0
1528 4908 0
1528 6317 0
1528 3778 0
1528 3658 0
1528 6090 0
1528 3660 0
1528 2047 0
1528 4842 0
1528 3659 0
1528 5867 0
1528 2459 0
1528 6174 0
1528 6640 0
1529 1931 1
1529 4911 1
1529 1724 1
1529 6138 0
1529 6831 0
1529 1073 0
1529 4829 0
1529 4956 0
1529 6691 0
1529 3217 0
1529 1284 0
1529 5433 0
1529 6703 0
1529 4757 0
1529 1870 0
1529 2634 0
1529 839 0
1529 3507 0
1529 1712 0
1529 1976 0
1529 6469 0
1529 87 0
1529 1963 0
1529 871 0
1529 6552 0
1529 4761 0
1529 3403 0
1529 4947 0
1529 5994 0
1529 1714 0
1529 3407 0
1529 249 0
1529 1915 1
1530 6350 1
1530 2440 1
1530 5491 0
1530 6356 1
1530 5726 1
1530 2178 1
1530 4263 1
1530 2802 0
1530 2193 1
1530 2200 1
1530 5850 0
1530 1804 0
1530 645 0
1530 6835 1
1530 6500 0
1530 3556 0
1530 4029 1
1531 2321 1
1531 4558 1
1531 366 1
1531 3611 1
1531 4559 1
1531 2323 1
1531 3503 1
1531 762 1
1531 1088 1
1531 5154 1
1531 1717 1
1531 3608 1
1531 2328 1
1531 342 1
1531 6946 1
1531 3609 1
1531 2327 1
1531 99 1
1531 1085 1
1531 1716 1
1531 1584 1
1531 2263 0
1531 339 1
1531 3764 1
1531 6650 1
1531 5158 1
1531 6022 0
1531 5831 0
1531 5481 0
1531 4560 1
1531 98 1
1532 3324 1
1532 6183 1
1532 6563 1
1532 6669 1
1532 3141 1
1532 1699 1
1532 2261 1
1532 6221 1
1532 6667 1
1532 2487 0
1532 5039 1
1532 4755 1
1532 4756 1
1532 627 1
1532 6851 1
1532 3229 1
1532 5324 1
1532 2469 1
1532 4760 1
1532 1672 1
1532 603 1
1532 3858 1
1532 6777 1
1532 6549 1
1532 2823 0
1532 5941 0
1532 5946 0
1532 3422 0
1532 4950 0
1532 434 0
1532 5066 0
1532 6406 0
1532 2266 1
1532 2495 1
1532 506 0
1532 5030 0
1532 2861 0
1532 2445 0
1532 5563 0
1532 2491 0
1532 6422 1
1532 4169 1
1532 6706 1
1533 1717 0
1533 2328 0
1533 3608 0
1533 6946 0
1533 342 0
1533 2323 1
1533 2321 1
1533 4558 1
1533 366 1
1533 762 1
1533 1480 1
1533 4026 1
1533 854 1
1533 368 0
1533 1088 0
1533 1085 0
1533 1790 0
1533 367 0
1533 2377 0
1533 2054 0
1533 6023 0
1533 3503 1
1533 99 0
1533 5154 0
1533 236 1
1533 1113 1
1534 2377 0
1534 963 0
1534 5117 0
1534 3148 0
1534 2907 1
1534 654 1
1534 13 1
1534 3525 1
1534 5853 1
1534 5509 1
1534 2618 1
1534 3315 1
1534 4377 1
1534 3784 1
1534 5114 1
1534 5390 1
1534 1391 1
1534 4516 0
1534 6475 0
1534 26 0
1534 3063 0
1534 4971 0
1534 5557 0
1534 2279 1
1534 6949 1
1534 1206 0
1534 6471 0
1535 4384 1
1535 6355 0
1535 1515 1
1535 6915 1
1535 4455 1
1535 2484 1
1535 368 0
1535 1387 0
1535 4422 0
1535 163 0
1535 1252 0
1536 2980 1
1536 9 1
1536 6293 1
1536 3474 1
1536 6450 1
1536 1255 1
1536 4978 1
1536 1926 1
1536 1554 1
1536 640 1
1536 1931 1
1536 224 0
1537 1710 1
1537 5755 0
1537 6847 0
1537 5747 0
1537 5626 1
1537 1668 1
1537 493 1
1537 2004 1
1537 4269 1
1537 1513 1
1538 4184 1
1538 6094 1
1538 5109 1
1538 564 1
1538 560 1
1538 3524 0
1538 569 1
1538 4643 1
1538 6268 0
1538 5110 1
1538 573 1
1538 5080 1
1539 3264 1
1539 6174 1
1539 6640 1
1539 2459 1
1539 5867 1
1539 3659 1
1539 4842 1
1539 2047 1
1539 3660 1
1539 6090 1
1539 3658 1
1539 3778 1
1539 5054 1
1539 2329 1
1539 2094 1
1539 6566 1
1539 3391 0
1539 3913 1
1539 5434 1
1539 671 1
1539 6649 1
1539 1361 1
1539 5571 1
1539 5575 1
1539 6401 0
1539 6163 0
1539 4641 0
1539 3812 0
1539 6856 0
1539 2961 0
1540 3264 1
1540 6174 1
1540 6640 1
1540 2459 1
1540 5867 1
1540 3659 1
1540 4842 1
1540 2047 1
1540 3660 1
1540 6090 1
1540 3658 1
1540 3778 1
1540 5054 1
1540 2329 1
1540 2094 1
1540 6566 1
1540 3391 0
1540 3913 1
1540 5434 1
1540 671 1
1540 6649 1
1540 1361 1
1540 5571 1
1540 5575 1
1540 6401 0
1540 6163 0
1540 4641 0
1540 3812 0
1540 6856 0
1540 2961 0
1541 3264 1
1541 6174 1
1541 6640 1
1541 2459 1
1541 5867 1
1541 3659 1
1541 4842 1
1541 2047 1
1541 3660 1
1541 6090 1
1541 3658 1
1541 3778 1
1541 5054 1
1541 2329 1
1541 2094 1
1541 6566 1
1541 3391 0
1541 3913 1
1541 5434 1
1541 671 1
1541 6649 1
1541 1361 1
1541 5571 1
1541 5575 1
1541 6401 0
1541 6163 0
1541 4641 0
1541 3812 0
1541 6856 0
1541 2961 0
1542 3264 1
1542 6174 1
1542 6640 1
1542 2459 1
1542 5867 1
1542 3659 1
1542 4842 1
1542 2047 1
1542 3660 1
1542 6090 1
1542 3658 1
1542 3778 1
1542 5054 1
1542 2329 1
1542 2094 1
1542 6566 1
1542 3391 0
1542 3913 1
1542 5434 1
1542 671 1
1542 6649 1
1542 1361 1
1542 5571 1
1542 5575 1
1542 6401 0
1542 6163 0
1542 4641 0
1542 3812 0
1542 6856 0
1542 2961 0
1543 2756 1
1543 5139 1
1543 4548 0
1543 3777 0
1543 6372 0
1543 3677 1
1543 2755 1
1543 6505 1
1543 3466 0
1543 5257 0
1543 2040 0
1543 3034 0
1543 4793 0
1543 6143 0
1543 6930 0
1543 3524 0
1543 5896 0
1543 2215 0
1543 2778 0
1543 6653 0
1543 6334 0
1543 2347 0
1544 1247 1
1544 2953 0
1544 5618 0
1544 5287 0
1544 3383 1
1544 5792 1
1544 4505 1
1544 4507 1
1544 4284 0
1544 3569 0
1544 2797 0
1544 4784 0
1544 1685 0
1544 1684 0
1544 2293 1
1544 4508 1
1544 4511 1
1544 1331 1
1544 2276 0
1544 2211 1
1544 1870 0
1544 2446 0
1545 4049 1
1545 3329 0
1545 1676 0
1545 1482 0
1545 2077 0
1545 6709 0
1545 5619 0
1545 3177 0
1545 1474 0
1545 940 0
1545 55 0
1545 56 0
1545 6021 0
1545 5911 0
1545 5046 0
1545 4548 1
1545 5793 0
1545 1080 0
1545 621 0
1545 5180 0
1545 1360 0
1545 3933 0
1545 4185 1
1545 5667 1
1545 2829 0
1545 6784 0
1545 1743 0
1545 4073 0
1545 4352 0
1545 5838 0
1545 5839 0
1545 4636 0
1545 5434 0
1545 671 0
1545 6649 0
1545 1361 0
1545 5571 0
1545 5575 0
1546 6764 1
1546 4501 1
1546 2606 1
1546 3238 1
1546 3266 1
1546 6773 1
1546 2657 0
1546 5080 1
1546 5176 1
1546 4471 1
1546 6779 1
1546 6781 1
1546 4320 1
1546 5278 0
1547 2092 1
1547 6678 0
1547 3793 0
1547 4130 0
1547 1134 0
1547 1496 1
1547 5496 1
1547 2413 1
1547 211 1
1547 4365 1
1547 368 0
1547 1408 0
1547 1078 1
1548 6946 1
1548 1717 1
1548 2328 1
1548 2323 1
1548 762 1
1548 4558 1
1548 4026 1
1548 854 1
1548 1088 0
1548 1085 1
1549 1644 1
1549 3149 0
1549 4646 0
1549 2314 0
1549 4333 1
1549 3248 1
1549 1613 0
1549 6825 0
1549 3910 0
1549 3455 0
1550 2558 1
1550 5261 1
1550 5892 1
1550 6026 1
1550 2777 1
1550 3172 1
1550 3544 1
1550 2931 1
1550 5539 1
1550 2567 1
1551 762 1
1551 1480 1
1551 1088 1
1551 1085 1
1551 2321 1
1551 2323 1
1551 1717 1
1551 2328 1
1551 3608 1
1551 2327 1
1551 1790 0
1551 98 1
1552 4231 1
1552 4043 1
1552 1194 1
1552 2886 1
1552 2600 0
1552 2372 1
1552 5345 1
1552 5356 0
1552 4477 0
1552 5957 1
1553 3557 1
1553 2411 1
1553 6003 1
1553 5745 1
1553 5737 1
1553 1975 1
1553 1986 1
1553 352 1
1553 6180 1
1553 531 1
1553 3189 1
1553 6202 1
1553 530 1
1553 4141 0
1553 5053 1
1553 317 1
1553 5078 1
1553 2408 1
1554 527 1
1554 2386 1
1554 5772 1
1554 4021 1
1554 973 1
1554 3061 1
1554 4822 1
1554 1004 1
1554 2370 1
1554 4821 1
1554 3853 1
1554 4683 1
1554 5903 1
1554 936 1
1554 3451 1
1554 5993 1
1554 6468 1
1554 6474 1
1554 6470 1
1554 5488 1
1554 4181 1
1554 6480 1
1554 3640 1
1554 3372 1
1554 3862 1
1554 2416 1
1554 1301 1
1554 4906 1
1554 2359 0
1554 510 1
1554 1074 1
1554 6679 1
1555 3014 1
1555 4089 1
1555 4994 1
1555 1170 1
1555 468 1
1555 5535 1
1555 5377 1
1555 1279 1
1555 3149 0
1555 2619 1
1555 4094 1
1556 2869 1
1556 1535 1
1556 2623 1
1556 6278 1
1556 3055 1
1556 6467 1
1556 308 1
1556 3370 1
1556 6465 1
1556 2541 1
1556 1975 1
1556 5912 1
1556 585 1
1556 6762 1
1556 2363 1
1556 4041 1
1556 1619 1
1556 422 1
1557 645 1
1557 3405 1
1557 616 1
1557 3082 1
1557 6818 1
1557 297 1
1557 2228 1
1557 214 1
1557 2087 1
1557 686 1
1557 1833 1
1557 614 1
1557 6540 1
1557 1379 1
1557 113 1
1557 2874 1
1557 4959 1
1557 3843 1
1557 3170 1
1557 2575 1
1557 5457 1
1557 5153 1
1557 2002 1
1557 3438 1
1557 4070 0
1557 3599 1
1557 3603 1
1557 5246 0
1558 3134 1
1558 3468 0
1558 1134 0
1558 6597 0
1558 6193 0
1558 2663 0
1558 6219 0
1558 4329 0
1558 4130 0
1558 1481 1
1558 207 1
1558 5085 1
1558 4801 1
1558 3088 1
1558 2836 1
1558 2263 0
1558 696 1
1558 6503 0
1558 679 1
1558 340 0
1558 368 0
1559 1915 0
1559 13 1
1559 1724 1
1559 5291 1
1559 809 1
1559 3125 1
1559 5755 1
1559 4923 0
1559 5356 1
1559 4325 1
1559 3867 1
1559 1188 1
1559 1783 0
1560 762 1
1560 2321 1
1560 5154 1
1560 3503 0
1560 1088 0
1560 3608 1
1560 99 1
1560 1716 0
1560 1085 1
1560 1584 0
1560 6650 0
1560 5158 0
1560 98 1
1560 2377 0
1561 2148 1
1561 745 1
1561 6243 1
1561 1501 1
1561 4467 0
1561 5342 0
1561 139 1
1561 5971 0
1561 4082 0
1561 998 0
1561 3643 0
1561 1612 1
1561 6247 1
1561 4230 1
1562 5427 1
1562 3729 0
1562 1711 0
1562 1696 1
1562 1045 1
1562 5135 0
1562 5589 1
1562 3097 1
1562 4833 0
1562 965 1
1562 106 1
1562 670 0
1562 5199 0
1563 967 1
1563 3940 1
1563 4919 1
1563 1460 1
1563 1458 1
1563 2950 1
1563 3268 1
1563 5776 1
1563 3944 0
1563 3499 1
1563 5556 1
1563 2191 1
1563 3893 1
1563 6080 1
1563 796 1
1563 3943 1
1563 6067 1
1564 3141 1
1564 2261 1
1564 6221 1
1564 1699 1
1564 6667 1
1564 2487 1
1564 5039 1
1564 627 1
1564 6851 1
1564 3229 1
1565 2033 1
1565 2034 1
1565 6005 1
1565 2067 1
1565 2347 1
1565 6797 1
1565 2758 1
1565 5717 1
1565 3875 1
1565 6301 1
1566 211 1
1566 861 0
1566 834 0
1566 2161 0
1566 1408 1
1566 6678 1
1566 3965 1
1566 5921 1
1566 3391 0
1566 1613 0
1567 2321 1
1567 4558 1
1567 366 1
1567 3611 1
1567 2323 1
1567 3503 1
1567 762 1
1567 1480 1
1567 1088 1
1567 5154 1
1568 5864 1
1568 3102 1
1568 3634 1
1568 1001 1
1568 1642 1
1568 3331 1
1568 5094 1
1568 6584 1
1568 815 1
1568 1884 1
1569 2239 1
1569 2903 1
1569 1680 1
1569 3149 0
1569 810 0
1569 5356 1
1569 4333 1
1569 2741 0
1569 5390 0
1569 2377 1
1569 6450 1
1570 4976 1
1570 3165 1
1570 6217 0
1570 4126 0
1570 1908 1
1570 5027 0
1570 6483 1
1570 3650 1
1570 3888 1
1570 227 1
1571 2062 1
1571 6617 1
1571 2067 1
1571 6374 1
1571 3976 1
1571 6797 1
1571 6507 1
1571 6292 1
1571 2061 1
1571 3734 0
1571 182 0
1572 3769 1
1572 6265 1
1572 3190 1
1572 1996 1
1572 1255 1
1572 6450 1
1572 1923 0
1572 13 0
1572 799 1
1572 6274 1
1572 337 1
1573 13 1
1573 1915 0
1573 5323 1
1573 1724 1
1573 5291 1
1573 6050 1
1573 801 1
1573 5509 1
1573 1840 1
1573 1656 1
1573 3125 1
1573 4306 1
1574 3880 1
1574 4330 1
1574 6538 1
1574 4183 1
1574 1934 1
1574 2925 1
1574 475 1
1574 3186 1
1574 775 1
1574 4327 0
1574 4654 0
1574 5793 1
1574 1080 1
1575 3940 1
1575 967 1
1575 4919 1
1575 1460 1
1575 1458 1
1575 1159 1
1575 4472 1
1575 2950 1
1575 3268 1
1575 3944 1
1575 4910 1
1575 2191 1
1575 5556 1
1575 796 1
1575 5850 1
1575 3943 1
1576 1612 1
1576 3122 1
1576 5682 0
1576 2107 1
1576 3426 1
1576 5148 1
1576 4939 1
1576 347 1
1576 2740 1
1576 4465 1
1576 6060 1
1576 3017 1
1576 4836 1
1576 6721 1
1577 1683 1
1577 5479 1
1577 5926 1
1577 5525 1
1577 5277 1
1577 4943 1
1577 4706 1
1577 750 1
1577 928 1
1577 3751 1
1577 3813 1
1577 4973 1
1577 1268 1
1577 965 0
1577 106 0
1578 2384 1
1578 6479 1
1578 3628 1
1578 3756 1
1578 6672 1
1578 6387 1
1578 352 1
1578 2385 1
1578 4093 1
1578 6456 1
1578 2860 1
1578 5068 1
1578 4369 1
1578 3985 1
1578 3193 1
1578 5185 1
1578 1619 1
1578 2363 1
1578 585 1
1578 5912 1
1578 6762 1
1578 5285 1
1579 1752 1
1579 4632 1
1579 3245 1
1579 4686 1
1579 5000 1
1579 2278 1
1579 830 0
1579 5367 1
1579 6685 1
1579 4277 1
1580 791 0
1580 2348 0
1580 2254 0
1580 3039 0
1580 2188 0
1580 543 0
1580 1896 0
1580 6355 1
1580 6531 1
1580 221 0
1580 10 1
1580 4383 1
1580 6238 1
1581 5141 0
1581 2397 0
1581 540 0
1581 6392 1
1581 4130 1
1581 3566 1
1581 3493 1
1581 5807 1
1581 5765 0
1581 783 0
1581 3570 0
1582 3592 1
1582 3058 1
1582 2446 0
1582 2953 0
1582 4226 0
1582 6355 0
1582 1320 0
1582 4422 0
1582 1934 0
1582 4200 0
1583 4930 1
1583 2337 0
1583 2040 1
1583 1731 1
1583 3466 1
1583 5257 1
1583 1821 1
1583 6434 1
1583 3008 1
1583 4548 1
1583 6458 1
1583 6253 1
1583 5616 0
1584 5738 1
1584 5441 1
1584 3126 1
1584 4191 1
1584 4242 1
1584 1194 1
1584 5403 0
1584 960 0
1584 3149 0
1584 6696 0
1584 4849 0
1584 750 0
1585 1717 1
1585 2328 1
1585 3608 1
1585 6946 1
1585 2323 1
1585 4026 1
1585 1088 1
1585 1085 1
1585 1716 1
1585 949 0
1585 2154 0
1585 2377 1
1585 3503 0
1585 99 1
1586 6248 0
1586 5039 0
1586 6412 0
1586 2284 0
1586 5439 0
1586 5085 1
1586 4801 1
1586 3088 1
1586 3134 1
1586 631 1
1586 2872 1
1586 4260 1
1586 1359 1
1586 4598 1
1586 3349 1
1586 3468 1
1586 1134 1
1586 6597 1
1586 6193 1
1586 2663 1
1586 6219 1
1586 4329 1
1586 4130 1
1586 1481 1
1586 207 1
1586 3229 0
1586 1710 0
1586 6962 0
1587 157 1
1587 1240 1
1587 2033 1
1587 2034 1
1587 2632 1
1587 3982 0
1587 5470 0
1587 2346 0
1587 3564 1
1587 4292 0
1587 1738 0
1587 4184 0
1587 5616 0
1587 6301 1
1587 3875 1
1587 2347 1
1587 4995 0
1588 1130 1
1588 5524 1
1588 973 1
1588 3535 1
1588 324 1
1588 6576 1
1588 3165 1
1588 2690 1
1588 838 1
1588 574 1
1588 2459 0
1588 325 1
1588 4397 1
1588 6544 1
1588 2898 1
1588 2139 1
1588 3527 1
1588 5025 1
1588 6958 1
1588 3538 1
1588 5057 1
1588 3359 0
1588 3771 0
1588 4630 0
1588 1675 0
1588 748 0
1588 567 1
1588 545 1
1588 1604 1
1588 2925 0
1589 1915 1
1589 13 1
1589 5323 1
1589 6050 1
1589 1840 1
1589 5509 1
1589 3525 1
1589 5853 1
1589 6866 1
1589 5127 1
1589 4710 1
1589 6774 1
1589 1724 1
1589 4911 1
1589 809 1
1589 5291 1
1589 6943 1
1589 5283 1
1589 4306 1
1589 3125 1
1589 1656 1
1589 3618 1
1589 2893 1
1589 6216 1
1589 3869 1
1589 3213 1
1589 397 1
1589 801 1
1589 3676 1
1589 6277 1
1589 5286 1
1589 86 1
1589 6939 1
1589 3098 1
1589 5755 1
1589 4923 1
1589 1172 1
1589 2377 1
1589 4978 1
1589 3474 1
1589 4901 1
1589 5356 1
1589 4325 1
1589 3867 1
1589 336 1
1589 1188 1
1589 4333 1
1589 3248 1
1589 1926 1
1589 1783 1
1590 967 1
1590 3940 1
1590 3450 1
1590 4919 1
1590 579 1
1590 4486 1
1590 6097 1
1590 6486 1
1590 1460 1
1590 4616 1
1590 3750 1
1590 3071 1
1590 6067 1
1590 279 1
1590 3100 1
1590 6111 1
1590 2578 1
1590 2286 1
1590 3943 1
1590 5384 1
1590 796 1
1590 6080 1
1590 3893 1
1590 1440 1
1590 5556 1
1590 2191 1
1591 1915 1
1591 13 1
1591 5323 1
1591 6050 1
1591 1840 1
1591 5509 1
1591 3525 0
1591 5853 1
1591 6866 1
1591 4710 1
1591 5127 1
1591 6774 1
1591 1724 1
1591 4911 1
1591 5291 1
1591 6943 1
1591 809 1
1592 5407 1
1592 6619 1
1592 553 1
1592 4705 1
1592 1968 1
1592 2558 1
1592 5261 1
1592 5892 1
1592 2776 1
1592 6589 1
1592 5152 1
1592 3449 1
1592 6864 1
1592 999 1
1592 5146 1
1592 5368 1
1592 4677 1
1592 5502 1
1592 4456 1
1592 3731 1
1593 4044 0
1593 2323 1
1593 2321 1
1593 4558 0
1593 366 1
1593 1085 1
1593 1088 1
1593 5154 1
1593 99 1
1593 3503 1
1593 3812 0
1593 3758 0
1593 6503 0
1594 5427 1
1594 3436 1
1594 934 1
1594 302 1
1594 1145 1
1594 3729 1
1594 5273 0
1594 1711 1
1594 3773 1
1594 1696 1
1594 2008 1
1594 3813 1
1594 4958 1
1594 6236 1
1594 5199 1
1594 2603 1
1594 1045 1
1594 5135 1
1594 5589 1
1594 5744 1
1594 1374 1
1595 967 1
1595 3940 1
1595 3450 1
1595 4919 1
1595 579 1
1595 4486 1
1595 6097 1
1595 6486 1
1595 1460 1
1595 1458 1
1595 1159 1
1595 5565 1
1595 5406 1
1595 3540 1
1595 5245 1
1595 4472 1
1595 2585 1
1595 3145 1
1595 2950 1
1595 5675 1
1595 3268 1
1595 3136 1
1595 3944 1
1595 4910 1
1595 1687 1
1595 1466 1
1595 3499 1
1595 2191 1
1595 5556 1
1595 3893 1
1595 1440 1
1595 6080 1
1596 3999 0
1596 3238 0
1596 2158 0
1596 2840 1
1596 4893 0
1596 5029 0
1596 6699 1
1596 4051 1
1596 4270 1
1596 6164 1
1596 597 1
1596 6414 1
1596 5341 1
1596 1978 1
1597 696 1
1597 4553 1
1597 6503 0
1597 3758 0
1597 3134 1
1597 631 1
1597 2872 1
1597 4260 1
1597 4598 1
1597 1359 1
1597 3349 1
1597 3468 1
1597 1134 1
1597 6597 1
1597 6193 1
1597 4329 0
1597 2663 1
1597 6219 1
1597 4130 1
1597 1481 1
1597 5085 1
1597 3088 1
1597 4801 1
1597 2836 1
1597 6079 0
1597 2263 1
1597 3489 1
1597 3892 0
1598 2178 1
1598 4263 1
1598 2193 1
1598 2200 1
1598 6835 1
1598 4029 1
1598 2440 1
1598 3684 1
1598 5491 1
1598 3798 1
1598 6324 1
1598 6350 1
1598 6708 1
1598 5453 1
1598 3389 1
1598 6546 1
1598 6405 1
1598 5167 1
1598 2430 1
1598 6381 1
1598 5501 1
1598 4130 1
1598 1134 1
1598 557 1
1598 1690 1
1598 368 1
1598 4422 1
1598 2014 1
1598 6355 1
1598 2444 1
1598 1745 1
1598 3400 1
1598 6930 1
1599 1460 0
1599 2801 1
1599 6926 1
1599 2670 1
1599 2950 1
1599 2335 1
1599 4875 1
1599 3331 1
1599 4909 1
1599 6584 1
1599 5094 1
1599 6548 1
1599 4131 1
1599 815 1
1599 2673 1
1599 2147 1
1599 3559 1
1599 798 1
1599 5675 1
1600 3788 1
1600 2600 1
1600 6937 1
1600 4553 1
1600 696 1
1600 4493 1
1600 1638 1
1600 433 1
1600 3784 1
1600 4305 1
1600 2574 1
1600 2687 1
1600 4860 1
1600 909 1
1600 4096 1
1600 4528 1
1600 4428 1
1600 6079 1
1600 2284 1
1600 2423 0
1600 2801 1
1600 6926 1
1600 2670 1
1600 5889 1
1600 4917 1
1600 2903 1
1600 2556 1
1600 387 1
1600 5519 1
1600 3652 1
1600 2106 1
1600 1758 1
1601 1644 1
1601 5332 1
1601 4573 1
1601 5403 1
1601 2599 1
1601 960 1
1601 5369 1
1601 6736 1
1601 746 1
1601 3870 1
1601 1389 1
1601 4027 1
1601 4034 1
1601 3120 1
1601 1042 1
1601 1230 1
1601 3644 1
1601 2078 1
1601 6279 1
1601 2616 1
1601 3149 1
1601 750 1
1601 6696 1
1601 6571 1
1601 4849 1
1601 6740 1
1601 4646 0
1601 6352 0
1601 2314 0
1601 643 1
1601 1434 1
1601 5279 1
1601 861 0
1601 1613 0
1601 3391 0
1602 989 0
1602 1579 1
1602 3189 1
1602 531 1
1602 530 1
1602 6202 1
1602 352 1
1602 1975 1
1602 6180 1
1602 5737 1
1602 5745 1
1602 1986 1
1602 2411 1
1602 6003 1
1602 5078 1
1602 5053 1
1602 317 1
1602 2408 1
1603 2599 1
1603 5403 1
1603 5369 1
1603 6736 1
1603 3870 1
1603 4027 1
1603 4034 1
1603 3560 1
1603 1680 1
1603 5552 1
1603 735 0
1603 3149 0
1603 6696 0
1603 750 0
1603 4646 0
1603 2314 0
1604 4690 1
1604 2227 1
1604 5141 1
1604 1949 1
1604 2419 1
1604 6171 1
1604 2430 1
1604 4422 1
1604 2092 1
1604 1924 1
1605 5346 1
1605 1157 0
1605 2627 0
1605 1512 1
1605 1442 0
1605 4064 0
1605 2870 0
1605 1155 1
1605 947 0
1605 2020 0
1605 4699 0
1605 1534 1
1605 6487 1
1605 591 0
1605 2138 0
1605 5893 0
1605 1618 0
1605 4989 0
1606 2033 1
1606 2034 1
1606 2347 1
1606 6005 1
1606 6507 1
1606 6374 1
1606 6488 1
1606 2067 1
1606 3562 1
1606 4963 0
1606 182 0
1606 6797 1
1606 3443 1
1606 2758 1
1606 5717 1
1606 6931 1
1606 6492 1
1606 4307 1
1606 4870 1
1606 5693 1
1606 5613 1
1607 4047 1
1607 3694 1
1607 419 1
1607 5033 1
1607 6737 1
1607 6746 1
1607 563 1
1607 3989 1
1607 4804 1
1607 2865 1
1608 525 0
1608 523 0
1608 4204 1
1608 5193 1
1608 6102 1
1608 3554 0
1608 2778 0
1608 1163 1
1608 1165 0
1608 3607 0
1608 2731 0
1608 4658 0
1608 6940 0
1609 1981 1
1609 1641 1
1609 3661 1
1609 5701 1
1609 1640 1
1609 6938 1
1609 71 1
1609 1970 1
1609 6368 1
1609 3937 1
1609 5334 1
1610 1707 1
1610 5021 1
1610 6109 1
1610 2616 1
1610 4118 1
1610 4386 0
1610 3248 0
1610 4333 0
1610 3568 1
1610 3832 0
1610 3099 1
1610 1704 0
1610 224 0
1611 2321 1
1611 98 1
1611 762 1
1611 1480 1
1611 3608 1
1611 342 1
1611 5158 1
1611 3583 1
1611 3870 1
1611 1085 1
1612 2886 0
1612 6867 1
1612 2791 0
1612 4179 0
1612 6221 0
1612 4670 0
1612 6452 0
1612 71 0
1612 5701 0
1612 6505 0
1612 1031 1
1612 1491 1
1612 6307 1
1612 6828 1
1612 6120 1
1612 1436 0
1613 4964 1
1613 5017 1
1613 5424 1
1613 4705 1
1613 2558 1
1613 5261 1
1613 1968 1
1613 5152 1
1613 2776 1
1613 3681 1
1613 6123 1
1614 6940 1
1614 4957 1
1614 5514 1
1614 5348 1
1614 952 1
1614 6359 1
1614 3502 1
1614 6199 1
1614 2114 1
1614 1766 1
1615 5692 1
1615 2791 0
1615 1740 1
1615 1681 1
1615 6953 0
1615 5520 1
1615 1000 1
1615 3589 1
1615 668 1
1615 1268 0
1615 4945 0
1616 1682 0
1616 6912 1
1616 656 1
1616 4768 1
1616 5970 0
1616 4229 1
1616 5984 1
1616 5640 1
1616 113 0
1616 645 1
1616 865 0
1616 6753 0
1616 4286 1
1617 5864 1
1617 3102 1
1617 3634 1
1617 1001 1
1617 1642 1
1617 5094 1
1617 6584 1
1617 815 1
1617 1884 1
1617 4131 1
1617 4875 1
1617 6398 1
1617 401 1
1617 2841 1
1617 2147 1
1617 5675 0
1617 2673 1
1617 967 1
1617 1159 1
1617 1458 1
1617 1161 1
1617 1687 1
1617 1203 0
1617 5956 0
1617 2801 1
1617 2950 1
1617 6926 1
1617 2335 1
1617 4910 1
1617 5954 0
1617 5850 0
1618 5852 0
1618 1888 0
1618 2394 0
1618 40 0
1618 1126 0
1618 6609 0
1618 3537 0
1618 4009 0
1618 193 1
1618 2515 0
1618 3820 0
1618 3469 1
1618 2267 0
1618 995 1
1618 2342 1
1618 2020 0
1618 1155 0
1618 2343 1
1618 3297 0
1618 5032 0
1618 4484 1
1618 905 0
1618 6475 1
1618 131 1
1618 4512 1
1618 3277 0
1618 5988 0
1618 1078 0
1618 2929 1
1618 5037 1
1619 5008 1
1619 475 1
1619 1149 1
1619 607 1
1619 3180 1
1619 5768 1
1619 3649 1
1619 1785 1
1619 3959 1
1619 4014 1
1619 2466 1
1619 2614 1
1619 1671 0
1619 2056 1
1619 2388 1
1619 522 1
1619 5321 1
1619 6330 1
1619 2474 1
1619 2384 1
1619 418 0
1619 351 1
1619 2481 0
1619 4625 1
1619 304 1
1619 604 1
1619 2149 1
1619 2507 0
1619 2383 1
1619 1904 1
1619 4670 1
1619 5488 1
1619 5772 1
1619 2386 1
1620 6678 1
1620 3793 1
1620 1408 1
1620 211 1
1620 4365 1
1620 3651 0
1620 2092 1
1620 4130 0
1620 5496 0
1620 2326 0
1620 5921 1
1620 4678 1
1620 5023 1
1620 3790 1
1620 5002 1
1621 4283 0
1621 6437 1
1621 1573 0
1621 1403 0
1621 6721 0
1621 275 0
1621 3197 0
1621 6423 1
1621 3608 1
1621 1717 1
1621 2328 1
1621 2326 0
1621 6946 1
1621 342 1
1621 4558 1
1621 2321 1
1621 3503 1
1621 762 1
1621 6650 1
1621 339 1
1622 6940 1
1622 2310 1
1622 6885 1
1622 3737 1
1622 5899 1
1622 4957 1
1622 2373 1
1622 4853 1
1622 3734 1
1622 435 1
1622 3332 1
1622 519 0
1622 5348 0
1622 6860 1
1622 2545 1
1622 637 1
1623 2699 1
1623 6135 1
1623 536 1
1623 6166 1
1623 3041 1
1623 5327 1
1623 662 1
1623 5876 1
1623 6453 1
1623 1641 1
1623 2424 1
1624 4875 1
1624 1291 1
1624 3940 1
1624 1159 1
1624 1458 1
1624 3145 1
1624 3104 1
1624 4252 1
1624 1642 1
1624 3634 1
1624 1001 1
1624 505 1
1624 6810 1
1624 2269 1
1624 2881 1
1624 6796 1
1624 5897 1
1624 4877 1
1624 967 1
1624 2801 1
1624 2950 1
1624 2597 1
1624 5857 1
1624 2913 1
1624 924 1
1624 4269 1
1624 779 1
1624 782 1
1624 5675 1
1624 5082 1
1624 2675 1
1624 4360 1
1625 5447 0
1625 5492 0
1625 2645 0
1625 4185 1
1625 2186 0
1625 892 0
1625 5476 0
1625 785 1
1625 5497 0
1625 1679 0
1625 1630 1
1625 6113 0
1625 5473 0
1626 696 1
1626 4553 1
1626 6503 0
1626 3758 0
1626 4260 1
1626 2836 1
1626 340 1
1626 6193 1
1626 6597 1
1626 4130 1
1626 2872 0
1626 4598 1
1626 2263 1
1626 468 0
1626 5535 0
1626 951 0
1627 762 1
1627 1480 1
1627 2328 1
1627 1717 1
1627 3608 1
1627 342 1
1627 1088 0
1627 1085 1
1627 2321 1
1627 2323 1
1627 1790 0
1627 367 0
1627 98 1
1627 5158 1
1627 368 0
1627 1716 1
1627 2377 0
1627 99 1
1627 4026 1
1627 3503 1
1628 5439 1
1628 685 1
1628 1937 1
1628 4019 1
1628 3768 0
1628 4969 1
1628 4414 1
1628 5496 1
1628 6356 0
1628 3511 0
1628 2014 0
1628 264 0
1629 5950 1
1629 813 1
1629 1159 1
1629 1020 1
1629 6873 1
1629 2665 1
1629 3358 1
1629 431 1
1629 1660 0
1629 1458 1
1629 5565 1
1629 5406 1
1629 3540 1
1629 4472 1
1630 1173 1
1630 1756 1
1630 6272 1
1630 3793 1
1630 3567 1
1630 3566 1
1630 3493 1
1630 1909 1
1630 6313 1
1630 608 1
1630 4543 1
1630 3043 1
1630 697 1
1630 3624 1
1630 2351 0
1630 361 1
1630 1949 0
1630 2419 0
1630 4690 0
1631 904 0
1631 3347 0
1631 2616 1
1631 5021 1
1631 6109 1
1631 314 1
1631 4120 1
1631 520 1
1631 3740 1
1631 3994 1
1631 3099 1
1631 155 1
1631 3568 1
1632 13 1
1632 1915 1
1632 5323 1
1632 6050 1
1632 1840 1
1632 5509 1
1632 3525 1
1632 5853 1
1632 6866 1
1632 4710 1
1633 1915 1
1633 1840 1
1633 13 0
1633 5323 1
1633 6050 1
1633 6866 1
1633 1691 0
1633 2596 0
1633 2049 0
1633 3098 0
1633 4953 1
1634 2321 1
1634 1790 0
1634 762 1
1634 1480 1
1634 98 1
1634 2327 1
1634 1717 1
1634 3608 1
1634 2328 1
1634 5158 0
1634 1085 1
1634 1088 1
1634 1716 1
1634 99 1
1634 368 0
1634 4422 0
1634 6355 0
1635 3331 1
1635 6608 1
1635 3324 0
1635 796 0
1635 2948 0
1635 5072 1
1635 6713 0
1635 5204 0
1635 2570 0
1635 5670 0
1636 368 1
1636 4422 1
1636 1714 1
1636 1610 1
1636 4024 1
1636 6678 1
1636 3793 0
1636 4727 1
1636 6369 1
1636 197 1
1637 4484 1
1637 666 1
1637 5229 0
1637 966 0
1637 2294 0
1637 2337 0
1637 2213 0
1637 4620 1
1637 891 1
1637 5476 1
1637 662 1
1637 899 1
1637 1630 1
1637 4060 1
1638 6141 0
1638 5734 0
1638 5637 0
1638 2589 0
1638 4983 0
1638 5644 0
1638 435 0
1638 2688 0
1638 3450 0
1638 4911 1
1638 809 1
1638 5283 1
1638 3125 1
1638 4306 1
1638 5412 0
1638 3311 0
1638 397 1
1638 5114 1
1638 3070 0
1638 469 0
1638 6860 0
1638 3004 1
1639 2282 1
1639 6940 1
1639 6955 1
1639 2325 1
1639 662 1
1639 6458 1
1639 2551 1
1639 569 0
1639 1641 1
1639 6639 1
1640 2337 1
1640 689 1
1640 1760 1
1640 2260 1
1640 5588 1
1640 1173 1
1640 1756 1
1640 6272 1
1640 2608 1
1640 4600 1
1640 4601 1
1640 4895 1
1640 3043 1
1640 2110 1
1640 5807 1
1640 2092 1
1640 5592 1
1640 2351 0
1640 1070 0
1641 2125 1
1641 6419 1
1641 4941 1
1641 4502 1
1641 3859 1
1641 4811 1
1641 2909 1
1641 5112 1
1641 4405 0
1641 3737 1
1641 3052 1
1641 5318 1
1642 4941 0
1642 637 1
1642 3953 0
1642 4761 1
1642 72 0
1642 3200 0
1642 1632 0
1642 666 0
1642 6400 0
1642 949 0
1642 547 1
1643 1716 1
1643 339 1
1643 3764 1
1643 99 1
1643 5158 1
1643 3758 1
1643 6503 1
1643 6946 1
1643 3609 1
1643 342 1
1643 5154 1
1643 3503 1
1643 1715 1
1643 1085 1
1643 2337 0
1643 2092 0
1644 1714 1
1644 1610 1
1644 4024 1
1644 4727 1
1644 6369 1
1644 197 1
1644 2443 1
1644 2263 1
1644 339 1
1644 368 0
1644 766 1
1644 951 1
1644 2323 1
1645 904 1
1645 3347 1
1645 3994 1
1645 3099 1
1645 155 1
1645 3568 1
1645 6625 1
1645 5366 1
1645 5430 1
1645 1869 1
1645 5205 1
1645 4878 1
1645 3121 1
1645 709 1
1645 6787 1
1645 4035 1
1645 6257 1
1646 2408 0
1646 5078 0
1646 4166 1
1646 1170 1
1646 5186 1
1646 3541 1
1646 1621 1
1646 1265 1
1646 4999 1
1646 5067 1
1646 5288 1
1646 3295 0
1646 872 1
1646 3705 1
1646 5871 1
1646 986 0
1646 4789 1
1646 4176 1
1646 2143 0
1646 3532 1
1647 762 1
1647 1480 1
1647 2328 1
1647 1717 1
1647 3608 1
1647 6946 1
1647 342 1
1647 3609 1
1647 1088 1
1647 1085 1
1647 2323 1
1648 3123 1
1648 3017 1
1648 3791 1
1648 4236 1
1648 3124 1
1648 4738 1
1648 3641 1
1648 2275 1
1648 5148 1
1648 3426 1
1648 4939 1
1648 4360 1
1648 2148 1
1648 2107 1
1649 967 1
1649 3940 1
1649 4919 1
1649 579 1
1649 4486 1
1649 6097 1
1649 6486 1
1649 1460 1
1649 1458 1
1649 1159 1
1649 5565 1
1649 5406 1
1649 3540 1
1649 5245 1
1649 4472 1
1649 3450 1
1650 214 1
1650 297 1
1650 6818 1
1650 2228 1
1650 1723 1
1650 614 0
1650 6540 0
1650 5640 1
1650 2548 1
1650 4768 1
1650 656 1
1650 1682 1
1650 4602 1
1651 433 1
1651 1638 1
1651 4493 1
1651 3784 1
1651 4305 1
1651 2574 1
1651 2687 1
1651 2618 1
1651 3315 1
1651 4377 1
1651 13 1
1651 3525 1
1652 1259 1
1652 5083 1
1652 1028 1
1652 3444 1
1652 4948 1
1652 1483 1
1652 3434 1
1652 3884 1
1652 4174 1
1652 4974 1
1652 1026 1
1653 973 1
1653 3756 1
1653 1074 0
1653 3628 1
1653 6479 1
1653 4478 1
1653 6958 1
1653 3538 1
1653 5057 1
1653 3649 1
1653 1839 1
1653 3001 1
1653 3883 1
1653 1149 1
1653 6436 1
1654 3303 1
1654 5034 1
1654 2455 0
1654 2021 0
1654 2020 1
1654 1155 1
1654 5003 0
1654 4070 0
1654 6742 0
1654 5539 0
1654 6870 0
1654 5033 0
1654 6344 0
1654 6426 0
1655 6946 1
1655 342 1
1655 3609 1
1655 3608 1
1655 1717 1
1655 2328 1
1655 3503 1
1655 1716 1
1655 5158 1
1655 339 1
1655 1715 1
1655 3758 1
1655 6503 1
1655 368 0
1655 2092 0
1655 5592 0
1655 99 1
1655 1085 1
1655 2923 0
1655 2377 1
1655 1173 0
1655 1756 0
1655 6272 0
1656 2323 1
1656 2321 1
1656 4558 1
1656 366 1
1656 2328 1
1656 2440 0
1656 4656 0
1656 1689 0
1656 6650 0
1656 98 0
1656 766 1
1656 4978 0
1656 3873 0
1656 3608 1
1656 1717 1
1656 6946 1
1656 342 1
1656 3609 1
1656 6350 0
1656 762 1
1657 2455 1
1657 3972 1
1657 1039 1
1657 4047 1
1657 2073 1
1657 3977 1
1657 6261 1
1657 4368 1
1657 4046 1
1657 6427 1
1657 6694 1
1657 1033 1
1657 5070 1
1658 3134 1
1658 631 1
1658 2872 1
1658 4260 1
1658 1359 1
1658 4598 1
1658 3349 1
1658 3468 1
1658 1134 1
1658 6597 1
1658 6193 1
1658 2663 1
1658 6219 1
1658 4329 1
1658 4130 1
1658 1481 1
1658 207 1
1658 2836 1
1658 5085 1
1658 4801 1
1658 3088 1
1658 2263 1
1658 696 1
1658 4553 1
1658 3489 1
1658 3892 1
1658 6503 1
1658 3758 1
1658 6962 0
1658 1714 0
1658 1610 0
1658 368 0
1659 4782 1
1659 6878 1
1659 2236 1
1659 3731 1
1659 3295 1
1659 5036 1
1659 6593 1
1659 5288 1
1659 5368 1
1659 6416 1
1659 4089 1
1659 4176 1
1659 6619 1
1659 4779 1
1659 1398 1
1659 6808 1
1659 554 1
1659 553 1
1659 2857 1
1659 4091 1
1659 5009 1
1659 2620 1
1659 999 1
1659 2691 1
1659 822 1
1659 421 1
1659 944 1
1659 5089 1
1659 2694 1
1659 4986 1
1659 5220 1
1659 6476 1
1659 5412 1
1659 2914 1
1659 3014 1
1660 5030 1
1660 2445 1
1660 3417 1
1660 2646 1
1660 4457 1
1660 3422 1
1660 5066 1
1660 4950 1
1660 3365 1
1660 5759 1
1660 5941 1
1660 434 1
1660 6406 1
1660 2823 1
1660 5495 1
1660 1620 1
1660 2261 1
1660 3141 1
1660 6221 1
1660 1699 1
1660 6667 1
1660 6851 1
1660 3229 1
1660 5324 1
1660 2469 1
1660 4760 1
1660 1672 1
1660 603 1
1660 3858 1
1660 627 1
1660 6777 1
1660 6549 1
1660 2491 0
1660 2807 1
1660 3859 1
1660 2487 0
1660 5039 1
1660 6563 1
1660 6183 1
1660 3324 1
1660 861 0
1660 3149 0
1660 6652 1
1660 1882 1
1660 2473 1
1660 6076 1
1660 4755 1
1660 4756 1
1660 3084 0
1660 300 0
1661 1088 1
1661 1716 1
1661 5158 1
1661 1804 0
1661 2377 0
1661 2321 0
1661 832 0
1661 4558 0
1661 366 0
1661 3611 0
1661 3503 0
1661 762 1
1661 5154 1
1661 99 1
1661 1085 1
1661 6650 0
1661 5860 0
1661 3375 0
1661 6570 0
1661 4117 0
1661 2741 0
1661 5038 0
1661 348 0
1661 1981 0
1661 6939 0
1661 1195 0
1661 853 1
1661 3350 0
1661 4930 0
1661 5409 0
1661 4084 0
1661 751 0
1661 1715 0
1661 766 0
1661 3219 0
1661 367 0
1661 98 0
1661 2972 0
1661 556 0
1661 2227 0
1661 4560 0
1662 904 1
1662 3347 1
1662 3994 1
1662 3099 1
1662 155 1
1662 3568 1
1662 6625 1
1662 5366 1
1662 5430 1
1662 1869 1
1662 5205 1
1662 3121 1
1662 709 1
1662 4878 1
1662 6787 1
1662 4035 1
1662 6257 1
1662 5021 1
1662 2616 1
1662 6109 1
1662 3740 1
1662 4120 1
1662 314 1
1662 4118 1
1662 1707 1
1662 6265 1
1662 3233 1
1662 1923 1
1662 4196 1
1662 520 1
1662 747 1
1662 191 1
1662 4978 1
1662 3867 1
1662 2599 1
1662 5403 1
1662 6117 1
1662 3206 1
1662 3248 1
1662 4333 1
1662 5356 0
1662 754 1
1663 2386 1
1663 527 1
1663 5772 1
1663 4021 1
1663 973 1
1663 5488 1
1663 510 1
1663 1074 1
1663 6679 1
1663 4477 1
1663 5761 0
1663 3628 1
1663 2388 1
1663 2384 1
1663 604 0
1664 1612 1
1664 3122 1
1664 6243 1
1664 5682 1
1664 2107 1
1664 3269 1
1664 6846 1
1664 5499 1
1664 3426 1
1664 4939 1
1664 5148 1
1664 998 1
1664 5266 1
1664 2253 1
1664 347 1
1664 2740 1
1664 5996 1
1664 6060 1
1664 6241 1
1664 4466 1
1664 976 1
1664 1010 1
1664 3017 1
1664 3791 1
1664 3124 1
1664 2252 1
1664 4230 1
1664 2987 1
1664 6721 1
1665 6721 1
1665 340 1
1665 3762 1
1665 4014 0
1665 5761 0
1665 1328 1
1665 1428 1
1665 887 1
1665 277 0
1665 569 0
1665 6937 1
1665 6929 1
1665 6482 1
1666 5297 1
1666 5746 1
1666 4185 0
1666 1641 1
1666 666 1
1666 3720 0
1666 5760 0
1666 2925 0
1666 4951 1
1666 5620 1
1666 3052 0
1666 1665 0
1666 6938 1
1666 1640 1
1666 5299 1
1666 2288 1
1666 2882 1
1666 3049 0
1666 2282 1
1666 5300 0
1667 27 1
1667 2075 1
1667 1122 1
1667 1786 1
1667 2654 1
1667 4763 1
1667 612 1
1667 4259 1
1667 894 1
1667 1920 1
1667 6914 1
1667 6916 1
1668 742 0
1668 6620 0
1668 2010 1
1668 5670 0
1668 5384 0
1668 2570 0
1668 5204 0
1668 3930 0
1668 2587 0
1668 1893 1
1668 6897 0
1668 3013 1
1669 1844 1
1669 806 1
1669 832 1
1669 3303 1
1669 4072 1
1669 3072 1
1669 6378 1
1669 3199 1
1669 2301 1
1669 1634 1
1670 1844 1
1670 806 1
1670 832 1
1670 3303 1
1670 4072 1
1670 3072 1
1670 6378 1
1670 3199 1
1670 2301 1
1670 1634 1
1671 138 1
1671 941 1
1671 2514 0
1671 4071 1
1671 4211 1
1671 6903 0
1671 2441 1
1671 3919 0
1671 4112 0
1671 1636 0
1671 5061 0
1672 5249 0
1672 3966 1
1672 3458 0
1672 5651 0
1672 3086 0
1672 2285 0
1672 3326 0
1672 368 0
1672 4954 0
1672 6738 0
1672 3659 0
1672 6792 0
1672 3007 0
1672 6303 0
1672 2974 1
1673 696 1
1673 4553 1
1673 4801 1
1673 3088 1
1673 6503 1
1673 808 0
1673 951 0
1673 2836 1
1673 452 0
1673 3718 0
1673 4377 1
1673 433 1
1673 3489 1
1673 2263 1
1674 893 1
1674 5082 1
1674 5610 1
1674 1941 1
1674 967 1
1674 1458 1
1674 1159 1
1674 2585 1
1674 3145 1
1674 4472 1
1674 5245 1
1674 5333 1
1674 3104 1
1674 4252 1
1674 4735 1
1674 2270 1
1674 1499 1
1674 3100 1
1674 5094 1
1674 3331 1
1674 279 0
1674 5850 1
1674 5882 1
1674 2555 1
1674 4296 1
1674 1440 1
1674 4396 1
1674 4990 1
1674 3940 1
1675 2092 1
1675 6503 0
1675 3793 0
1675 697 1
1675 3624 1
1675 6272 1
1675 3043 1
1675 3628 0
1675 4895 1
1675 2338 0
1675 1760 0
1676 3873 1
1676 4173 1
1676 1368 1
1676 3731 1
1676 4456 1
1676 5250 1
1676 640 0
1676 5186 1
1676 3633 0
1676 6271 0
1676 3474 0
1676 6866 0
1677 1717 1
1677 2328 1
1677 3608 1
1677 2323 1
1677 2321 1
1677 4026 1
1677 854 1
1677 1790 1
1677 2377 1
1677 5154 0
1677 2263 0
1677 6356 0
1677 339 1
1678 5430 1
1678 155 1
1678 224 0
1678 5366 1
1678 6625 1
1678 1869 1
1678 3314 1
1678 3994 1
1678 3099 1
1678 904 1
1678 3347 1
1678 6093 1
1678 3568 1
1678 4055 1
1679 3347 1
1679 5725 1
1679 1440 1
1679 4396 1
1679 6093 1
1679 6059 1
1679 6857 1
1679 5950 0
1679 813 0
1679 2665 0
1679 4921 0
1679 1105 1
1679 6580 1
1679 3715 1
1679 1338 1
1679 904 1
1679 4801 1
1680 2092 1
1680 3965 1
1680 2053 0
1680 1496 1
1680 2537 0
1680 2496 0
1680 1408 1
1680 2748 1
1680 1195 0
1680 126 1
1681 5802 1
1681 3889 1
1681 4949 1
1681 6343 0
1681 1699 0
1681 2808 0
1681 2807 0
1681 5617 0
1681 441 0
1681 6823 0
1681 6780 0
1681 2134 0
1682 5106 1
1682 6501 1
1682 553 1
1682 2857 1
1682 4091 1
1682 5009 1
1682 6619 1
1682 4779 1
1682 3894 1
1682 552 1
1682 551 1
1682 554 1
1682 2620 1
1682 6808 1
1682 1398 1
1682 4782 1
1682 6878 1
1682 4176 1
1682 2236 1
1682 3731 1
1682 999 1
1682 2691 1
1682 822 1
1682 421 1
1682 2016 1
1682 2540 1
1682 3295 1
1682 5036 1
1682 6593 1
1682 5288 1
1682 5368 1
1682 6416 1
1682 5067 1
1682 2694 1
1682 821 1
1682 4986 1
1682 3488 1
1682 5220 1
1682 5250 1
1682 2564 1
1682 4991 1
1682 918 1
1682 4461 0
1682 5412 1
1682 2914 1
1682 3070 1
1682 4095 1
1682 321 1
1683 5927 0
1683 1320 0
1683 4422 0
1683 368 0
1683 5385 0
1683 2092 0
1683 2338 0
1683 6355 0
1683 3628 0
1683 697 0
1683 3624 0
1683 4720 0
1684 3075 1
1684 3748 1
1684 2048 1
1684 5111 1
1684 5625 1
1684 3686 1
1684 5512 1
1684 5329 1
1684 3970 1
1684 2812 1
1684 5379 1
1684 4905 1
1684 5263 1
1684 2415 1
1684 1732 1
1684 1915 0
1684 5323 0
1684 13 0
1684 6050 0
1684 1840 0
1684 5509 0
1684 3525 0
1684 5853 0
1684 6866 0
1684 4710 0
1684 1724 0
1684 4911 0
1684 809 0
1684 5291 0
1684 5283 0
1684 3125 0
1684 4306 0
1684 1656 0
1684 3618 0
1684 2893 0
1684 397 0
1684 801 0
1684 3676 0
1684 6277 0
1684 86 0
1684 5286 0
1684 5755 0
1684 3098 0
1684 6940 0
1684 4923 0
1684 2377 0
1684 1172 0
1684 4978 0
1684 3474 0
1684 4901 0
1685 6221 1
1685 1699 1
1685 3141 1
1685 2261 1
1685 6667 1
1685 4950 1
1685 5066 1
1685 5941 1
1685 2487 1
1685 3197 0
1685 3229 1
1685 4760 1
1685 506 1
1685 5030 1
1685 375 1
1686 1633 1
1686 4300 1
1686 4484 1
1686 5037 1
1686 4831 1
1686 4604 1
1686 303 1
1686 4739 1
1686 6077 1
1686 899 1
1686 5447 0
1686 6927 1
1686 2766 1
1686 5431 1
1686 2772 1
1686 2919 1
1686 5574 0
1686 6811 1
1686 3297 0
1686 4104 0
1686 1514 0
1686 2515 0
1686 4401 0
1686 2291 0
1686 1679 0
1686 5492 0
1686 1450 0
1686 658 1
1686 246 1
1686 747 1
1686 657 1
1686 210 1
1686 5802 1
1686 1206 1
1686 735 1
1686 2825 1
1686 5701 1
1686 6938 1
1686 1640 1
1686 71 1
1686 3529 1
1686 6326 1
1686 3046 1
1686 344 0
1686 1702 1
1686 5122 0
1686 6767 1
1686 2289 1
1686 5746 1
1686 3461 1
1687 3329 1
1687 56 1
1687 1676 1
1687 1482 1
1687 2077 1
1687 6709 1
1687 5619 1
1687 5911 1
1687 1474 1
1687 940 1
1687 55 1
1687 6021 1
1687 5046 1
1687 3177 1
1687 4330 0
1687 5501 0
1687 5770 0
1687 2797 1
1687 3569 1
1687 4640 0
1687 2677 0
1687 5427 0
1687 2676 0
1687 3715 0
1687 6580 0
1687 2961 0
1687 4450 0
1687 2316 0
1687 3574 0
1687 3778 1
1688 5516 1
1688 6952 1
1688 5077 1
1688 5086 1
1688 1512 1
1688 5346 1
1688 1157 1
1688 2627 1
1688 6554 1
1688 898 1
1688 5285 1
1688 2870 1
1688 1540 1
1688 1155 1
1688 4064 1
1688 6662 1
1688 4441 1
1688 6765 1
1688 2552 0
1688 876 1
1688 1538 1
1688 4111 1
1688 4426 1
1689 5346 1
1689 3542 1
1689 5171 1
1689 3899 1
1689 4109 1
1689 3665 1
1689 3301 1
1689 1484 1
1689 1442 0
1689 3224 0
1690 999 1
1690 2016 1
1690 2540 1
1690 822 1
1690 5009 1
1690 3894 1
1690 552 1
1690 1398 1
1690 5383 1
1690 546 1
1690 5008 1
1690 2694 0
1690 437 1
1691 2321 1
1691 3503 1
1691 762 0
1691 5154 0
1691 1717 1
1691 1085 1
1691 1716 0
1691 1584 1
1691 6042 0
1691 1268 0
1692 2095 1
1692 5455 1
1692 4973 1
1692 3179 1
1692 5199 0
1692 6114 1
1692 5427 1
1692 3729 0
1692 1711 1
1692 6294 1
1693 4696 1
1693 4959 1
1693 113 1
1693 1379 1
1693 3843 1
1693 865 1
1693 6754 0
1693 4833 1
1693 5569 1
1693 5316 0
1693 84 1
1693 580 1
1693 4987 1
1693 6411 1
1694 967 1
1694 3450 1
1694 4919 1
1694 4486 0
1694 6097 1
1694 1458 1
1694 1159 1
1694 5565 1
1694 4472 1
1694 5675 1
1695 210 1
1695 2079 1
1695 2598 1
1695 2046 1
1695 1438 1
1695 2463 1
1695 4941 0
1695 1679 0
1695 4761 0
1695 5827 0
1695 5826 0
1695 5830 0
1695 6137 0
1695 72 0
1695 4121 1
1695 2465 1
1695 5902 0
1695 6117 0
1695 6404 1
1696 967 1
1696 3450 0
1696 4919 1
1696 1460 1
1696 1458 1
1696 5565 0
1696 2950 1
1696 5675 1
1696 3522 1
1696 3944 1
1697 1641 0
1697 2458 0
1697 2487 1
1697 4973 0
1697 3813 0
1697 5719 0
1697 6220 0
1697 2266 1
1697 3365 1
1697 2261 1
1697 1812 0
1698 637 1
1698 666 1
1698 3953 1
1698 1632 1
1698 3200 1
1698 5958 1
1698 4761 1
1698 72 1
1698 547 1
1698 5133 1
1698 949 0
1698 4941 1
1698 692 0
1698 1860 0
1698 1220 1
1698 3385 0
1698 4747 0
1698 538 1
1698 1679 1
1698 4622 1
1698 6406 1
1698 5066 1
1698 3529 1
1698 316 1
1698 3331 1
1698 6400 0
1698 5094 1
1698 6121 0
1698 6427 0
1698 5945 1
1698 5106 0
1698 2154 0
1698 3661 1
1698 2211 1
1698 2262 0
1698 5391 1
1698 6940 1
1698 6853 1
1698 5151 1
1698 3033 1
1698 5104 1
1698 4957 0
1698 2322 1
1698 2310 1
1698 5299 1
1698 6237 1
1698 588 1
1698 1348 0
1698 6137 0
1698 1641 0
1699 2622 1
1699 286 1
1699 6197 1
1699 2082 1
1699 3556 1
1699 1646 1
1699 6811 1
1699 3245 0
1699 6123 1
1699 6026 1
1700 5970 0
1700 5784 1
1700 3130 0
1700 5732 0
1700 5199 1
1700 930 1
1700 1711 1
1700 4099 1
1700 5140 1
1700 1568 1
1700 113 0
1700 5702 1
1700 5700 1
1701 2033 1
1701 6797 1
1701 2067 1
1701 5470 0
1701 5693 1
1701 1730 1
1701 2061 1
1701 6292 1
1701 1932 1
1701 3524 1
1702 3583 1
1702 3739 0
1702 4200 0
1702 6023 0
1702 3580 1
1702 2284 0
1702 640 0
1702 2446 0
1702 3592 0
1702 2953 0
1702 4411 1
1702 2969 0
1702 566 0
1703 6921 0
1703 2009 1
1703 1709 0
1703 3366 0
1703 4439 1
1703 6904 1
1703 1098 0
1703 2773 0
1703 2453 0
1703 6302 0
1703 5091 0
1703 6368 0
1703 68 0
1703 2786 0
1703 4951 0
1703 700 0
1704 3153 1
1704 2451 1
1704 2371 0
1704 1376 1
1704 2341 0
1704 3166 0
1704 6384 1
1704 694 1
1704 3143 1
1704 3155 1
1704 6842 1
1704 91 0
1704 3236 0
1704 3324 0
1704 6563 0
1704 2942 1
1704 3149 1
1704 958 0
1704 3245 1
1704 3735 0
1704 4686 1
1704 5000 1
1704 2278 1
1704 1362 1
1704 2711 0
1704 3717 0
1704 5990 0
1704 6814 0
1704 3805 0
1704 1432 0
1704 4969 0
1704 959 0
1704 6945 0
1704 4727 0
1704 197 0
1704 3779 0
1704 4411 1
1704 5648 0
1704 5942 1
1704 3580 0
1704 3144 1
1704 1963 1
1704 5367 1
1704 5308 0
1704 5897 0
1704 4724 1
1704 6282 0
1704 3044 0
1704 1211 0
1704 941 0
1705 3455 0
1705 6437 1
1705 6348 0
1705 1234 0
1705 2321 1
1705 366 1
1705 4558 1
1705 3611 1
1705 4559 1
1705 2323 1
1706 2263 0
1706 766 1
1706 339 1
1706 368 0
1706 4422 0
1706 2323 1
1706 2321 1
1706 4558 0
1706 366 1
1706 1714 1
1706 3503 1
1706 1085 1
1707 1710 1
1707 1526 1
1707 13 1
1707 1840 1
1707 5323 1
1707 6050 1
1707 6866 1
1707 11 1
1707 3583 1
1707 2907 1
1707 5853 1
1708 980 1
1708 1769 1
1708 992 1
1708 844 1
1708 6622 1
1708 570 1
1708 6629 1
1708 2587 0
1708 6826 0
1708 919 0
1708 344 1
1709 696 1
1709 4553 1
1709 2801 1
1709 6926 1
1709 2670 1
1709 6503 1
1709 5761 0
1709 805 0
1709 13 0
1709 909 1
1709 2071 0
1709 3095 0
1709 1638 0
1709 5509 0
1709 3784 0
1709 1260 0
1710 5329 1
1710 3970 1
1710 2048 1
1710 5625 1
1710 5111 1
1710 3748 1
1710 3075 1
1710 5512 1
1710 3686 1
1710 5379 1
1710 4905 1
1710 2812 1
1710 5263 1
1710 2415 1
1710 1732 1
1710 2377 0
1710 4392 0
1710 5606 0
1710 2289 1
1710 3242 1
1710 801 1
1710 6277 1
1710 5356 0
1710 659 0
1710 1755 0
1710 4025 0
1710 1399 0
1710 2757 0
1710 3630 0
1710 1845 0
1710 5873 0
1710 1670 0
1710 202 0
1710 1187 0
1710 4413 0
1710 5104 0
1710 5561 0
1710 3142 1
1710 3663 0
1710 4494 0
1710 5513 0
1710 799 0
1710 5026 1
1710 5021 0
1710 4270 0
1710 5359 0
1710 6478 0
1710 6600 0
1710 4898 0
1710 2378 0
1711 5341 1
1711 1978 1
1711 3321 1
1711 5042 1
1711 5105 1
1711 3113 1
1711 5662 1
1711 6299 1
1711 6493 1
1711 624 1
1712 5755 1
1712 1633 0
1712 5307 0
1712 3191 1
1712 1840 1
1712 5323 1
1712 13 1
1712 5766 0
1712 4661 0
1712 5639 0
1712 801 1
1712 397 1
1713 6247 1
1713 2673 0
1713 1699 1
1713 5755 1
1713 1642 0
1713 1001 0
1713 1199 1
1713 2832 1
1713 6076 1
1713 657 0
1713 5797 0
1714 1646 1
1714 3556 1
1714 5736 0
1714 565 0
1714 2301 0
1714 1971 0
1714 4904 0
1714 6127 1
1714 6523 0
1714 3171 1
1715 6774 1
1715 5127 1
1715 1724 1
1715 4911 1
1715 4710 1
1715 6866 1
1715 5853 1
1715 3525 1
1715 5509 1
1715 1840 1
1715 6050 1
1715 5323 1
1715 13 1
1716 3280 1
1716 3113 1
1716 2332 1
1716 5779 1
1716 5421 1
1716 6017 1
1716 2297 0
1716 368 0
1716 3991 0
1716 2614 0
1716 4776 0
1717 594 1
1717 3647 1
1717 4272 1
1717 5051 1
1717 6876 1
1717 2760 1
1717 432 1
1717 3666 1
1717 5387 1
1717 2418 1
1717 3836 1
1717 4160 1
1717 5128 1
1717 3317 1
1717 5522 1
1717 1456 1
1717 1826 1
1717 241 1
1717 5386 1
1717 4031 1
1717 1527 1
1717 5151 1
1717 5131 1
1717 5630 1
1717 2010 1
1717 3916 1
1717 1701 1
1717 2594 1
1717 4266 1
1717 5273 0
1717 4960 1
1717 4720 1
1717 6141 1
1717 5734 1
1717 2891 1
1718 4069 0
1718 6028 0
1718 1848 1
1718 975 0
1718 2079 0
1718 3477 1
1718 3484 1
1718 2909 0
1718 4941 0
1718 3347 0
1719 6545 1
1719 1215 1
1719 3074 1
1719 4296 1
1719 2555 1
1719 1133 1
1719 3079 0
1719 1607 1
1719 6149 0
1719 5445 0
1719 4601 1
1720 5629 1
1720 5850 1
1720 4472 1
1720 5245 1
1720 5333 1
1720 2270 1
1720 2585 1
1720 4735 1
1720 3376 1
1720 5822 1
1720 1421 1
1721 5096 1
1721 5625 1
1721 2415 1
1721 692 0
1721 637 1
1721 3953 0
1721 1860 0
1721 666 0
1721 3200 0
1721 1220 1
1721 3385 0
1721 4747 0
1721 1679 0
1721 5066 1
1721 6406 1
1721 1632 1
1722 1458 1
1722 1159 1
1722 5406 1
1722 5565 1
1722 3540 1
1722 4472 1
1722 5245 1
1722 2585 1
1722 3145 1
1722 2950 1
1722 5675 1
1723 1234 1
1723 6348 1
1723 3455 0
1723 6612 1
1723 3456 0
1723 1646 0
1723 4090 0
1723 2076 1
1723 202 1
1723 1971 0
1724 3449 1
1724 2747 1
1724 4083 1
1724 3886 1
1724 2093 1
1724 675 1
1724 5301 1
1724 5877 1
1724 850 1
1724 3432 1
1725 607 1
1725 3180 1
1725 3959 1
1725 5768 1
1725 1785 1
1725 2466 1
1725 4014 1
1725 650 1
1725 2376 1
1725 2854 1
1725 474 1
1725 3607 1
1725 3883 1
1726 2686 1
1726 2666 1
1726 557 1
1726 2685 1
1726 5828 1
1726 2824 0
1726 5770 0
1726 5501 0
1726 5850 0
1726 3359 0
1726 4885 1
1726 6316 1
1727 5199 1
1727 1045 1
1727 2603 1
1727 750 1
1727 3115 0
1727 3729 1
1727 2791 0
1727 5700 0
1727 1711 1
1727 5520 1
1727 5274 0
1727 930 1
1727 5135 1
1727 4286 1
1727 2600 1
1727 6423 0
1727 2242 0
1727 5583 0
1727 5139 0
1727 4515 0
1727 817 0
1727 1539 1
1728 650 1
1728 6951 1
1728 1743 1
1728 4073 1
1728 676 1
1728 5435 1
1728 4352 1
1728 1946 1
1728 3636 1
1728 3692 1
1728 5758 1
1728 3013 1
1728 6078 1
1728 1962 1
1728 5298 1
1728 5838 1
1728 5839 1
1728 4636 1
1729 6417 1
1729 5354 1
1729 885 1
1729 1609 0
1729 5055 0
1729 3921 0
1729 5599 0
1729 5615 1
1729 5189 1
1729 983 1
1729 1805 1
1729 6064 1
1729 1381 0
1729 3439 0
1729 4117 1
1729 590 1
1729 2002 0
1729 3438 0
1729 6754 0
1729 1775 0
1729 5153 0
1729 5238 0
1729 6125 0
1729 4162 1
1729 5743 1
1729 1424 1
1729 4941 0
1729 2945 1
1729 1277 1
1729 4799 1
1729 109 0
1730 650 1
1730 1743 1
1730 4352 1
1730 3636 1
1730 6078 1
1730 3771 1
1730 3210 1
1730 5239 0
1730 3720 1
1730 4450 1
1731 6343 1
1731 2461 1
1731 440 1
1731 4525 1
1731 3896 1
1731 4386 1
1731 4937 1
1731 2800 1
1731 3889 1
1731 6539 1
1732 6343 1
1732 2461 1
1732 440 1
1732 4525 1
1732 3896 1
1732 4386 1
1732 4937 1
1732 2800 1
1732 3889 1
1732 6539 1
1733 210 1
1733 2079 1
1733 2598 1
1733 2046 1
1733 1438 1
1733 2463 1
1733 4941 0
1733 1679 0
1733 4761 0
1733 5827 0
1733 5826 0
1733 5830 0
1733 6137 0
1733 72 0
1733 4121 1
1733 2465 1
1733 5902 0
1733 6117 0
1733 6404 1
1734 3775 1
1734 6917 1
1734 6748 1
1734 3671 0
1734 1945 0
1734 298 1
1734 3341 0
1734 952 0
1734 3713 1
1734 6563 1
1734 6669 1
1734 6183 1
1734 3324 1
1735 5593 0
1735 6547 0
1735 5900 1
1735 2422 1
1735 4114 1
1735 4924 1
1735 4410 1
1735 379 1
1735 2314 1
1735 2936 1
1735 2941 0
1736 5291 1
1736 1915 0
1736 13 1
1736 5467 1
1736 1528 1
1736 4932 1
1736 2910 1
1736 1691 1
1736 4428 1
1736 1320 0
1736 3743 0
1737 6083 1
1737 6043 1
1737 2213 1
1737 6444 1
1737 2371 1
1737 2379 1
1737 6322 1
1737 6374 1
1737 6488 1
1737 3562 1
1737 2067 1
1738 5525 0
1738 2522 1
1738 2971 0
1738 958 0
1738 4255 0
1738 5953 0
1738 5115 0
1738 6627 0
1738 3443 0
1738 6931 0
1739 4327 1
1739 5441 1
1739 659 1
1739 6409 0
1739 1527 0
1739 213 1
1739 720 1
1739 6485 1
1739 4258 1
1739 5325 1
1740 1840 1
1740 1842 1
1740 224 1
1740 1172 1
1740 809 1
1740 6144 1
1740 5755 1
1740 4418 0
1740 5283 0
1740 5596 0
1740 3003 0
1740 380 0
1740 3867 0
1741 6860 1
1741 2545 1
1741 637 1
1741 3386 1
1741 5348 1
1741 519 1
1741 3734 0
1741 435 1
1741 3332 1
1741 4292 1
1741 4853 1
1741 2373 1
1741 4957 1
1741 5327 1
1741 6885 1
1741 2310 1
1741 6100 1
1741 6485 0
1741 6940 1
1741 4226 1
1741 3797 1
1741 6933 0
1741 1174 1
1741 1936 1
1741 182 1
1741 6444 1
1741 6900 1
1742 2491 1
1742 2823 0
1742 5946 1
1742 6221 0
1742 3141 0
1742 1699 0
1742 2261 0
1742 6667 0
1742 1882 0
1742 2473 0
1743 3583 1
1743 3739 1
1743 4200 0
1743 6023 0
1743 3580 0
1743 640 1
1743 2284 0
1743 3592 0
1743 2446 0
1743 4411 0
1743 2953 0
1744 3583 1
1744 3739 1
1744 4200 0
1744 6023 0
1744 3580 0
1744 640 1
1744 2284 0
1744 3592 0
1744 2446 0
1744 4411 0
1744 2953 0
1745 4292 1
1745 1738 1
1745 4995 1
1745 6047 1
1745 3524 1
1745 5896 1
1745 2215 1
1745 1320 0
1745 2225 1
1745 5257 1
1745 2040 1
1745 3034 1
1745 4793 1
1745 1731 1
1745 6896 1
1746 6282 1
1746 6126 1
1746 1587 1
1746 2269 1
1746 6623 1
1746 5913 1
1746 4486 0
1746 6097 1
1746 6486 1
1746 579 1
1746 2270 1
1746 4735 1
1746 1159 1
1746 3540 1
1746 1458 1
1746 5670 1
1746 3930 1
1746 4884 0
1747 2951 1
1747 4731 1
1747 4861 1
1747 5474 0
1747 3142 1
1747 4715 1
1747 6390 1
1747 1819 1
1747 1541 0
1747 3156 0
1747 6304 0
1747 21 0
1747 652 0
1747 4270 0
1747 4674 0
1748 5596 1
1748 6343 1
1748 3998 1
1748 5994 1
1748 2461 1
1748 6689 0
1748 1042 1
1748 2664 1
1748 3870 1
1748 440 1
1748 4525 1
1748 1288 1
1748 6273 1
1748 4386 1
1748 710 1
1748 3896 1
1748 4949 1
1748 2601 1
1748 1692 1
1748 2596 1
1748 5706 1
1749 5749 1
1749 2175 1
1749 3530 1
1749 5787 0
1749 4974 0
1749 2052 0
1749 2778 0
1749 21 0
1749 5967 0
1749 4037 0
1749 2781 0
1749 1701 0
1749 6292 0
1749 4031 0
1750 3628 0
1750 3188 1
1750 5928 0
1750 2455 0
1750 6178 1
1750 6454 0
1750 3184 0
1750 4667 0
1750 2965 0
1750 5150 0
1751 594 1
1751 4272 1
1751 3647 1
1751 5051 1
1751 6876 1
1751 2760 1
1751 5039 0
1751 5541 0
1751 6412 0
1751 4757 1
1751 1526 0
1751 638 0
1751 212 0
1751 1446 1
1751 620 0
1751 2284 0
1751 2111 1
1751 5130 1
1752 662 1
1752 3677 1
1752 2755 1
1752 5139 1
1752 1336 1
1752 1335 1
1752 2756 1
1752 5348 0
1752 6372 0
1752 661 1
1752 4122 1
1752 1280 0
1752 1353 0
1752 663 1
1752 5402 1
1752 3386 0
1753 5923 1
1753 6844 1
1753 4873 1
1753 2671 1
1753 3558 1
1753 3656 1
1753 4912 0
1753 475 0
1753 1637 0
1753 750 0
1754 697 1
1754 3624 1
1754 4554 1
1754 4555 1
1754 361 1
1754 698 1
1754 3493 1
1754 3566 1
1754 6313 1
1754 3567 1
1754 1909 1
1754 608 1
1754 6181 1
1754 5496 1
1754 6272 1
1754 1173 1
1755 5022 1
1755 665 1
1755 1196 1
1755 5910 1
1755 2702 1
1755 6844 0
1755 2671 0
1755 4873 0
1755 3558 0
1755 3656 0
1756 6851 0
1756 3229 0
1756 5324 0
1756 2469 0
1756 4760 0
1756 6777 0
1756 627 0
1756 603 0
1756 3858 0
1756 1672 0
1756 5039 0
1756 2270 1
1756 4735 1
1756 6412 0
1756 3713 0
1756 6433 0
1756 6432 0
1756 5913 1
1756 6623 1
1756 4990 0
1756 5850 0
1756 5670 1
1756 5556 1
1756 3920 1
1756 2635 1
1756 5836 1
1756 134 1
1757 2321 1
1757 366 1
1757 4558 1
1757 3611 1
1757 4559 1
1757 2323 1
1757 367 1
1757 5154 1
1757 99 1
1757 3609 1
1757 1717 1
1757 3608 1
1757 2328 1
1757 6946 1
1757 342 1
1757 2327 1
1757 2263 0
1757 4560 1
1757 4562 1
1758 2860 1
1758 6672 1
1758 3174 1
1758 418 1
1758 4578 1
1758 6387 1
1758 2640 1
1758 4667 1
1758 6454 1
1758 2965 0
1759 4421 1
1759 1961 1
1759 1213 0
1759 3824 1
1759 4342 0
1759 861 0
1759 834 0
1759 2161 0
1759 3149 0
1759 5485 0
1759 4419 1
1759 1613 0
1760 155 1
1760 5430 1
1760 3568 1
1760 6625 1
1760 5366 1
1760 1869 1
1760 5205 1
1760 3994 1
1760 3099 1
1760 3314 1
1760 6093 1
1760 3347 1
1760 904 1
1760 735 0
1760 1206 0
1760 224 0
1761 3646 0
1761 5088 1
1761 2747 1
1761 5071 0
1761 6426 0
1761 3234 0
1761 495 1
1761 6047 0
1761 6864 0
1761 6461 0
1761 458 0
1761 5731 0
1761 289 0
1762 4797 1
1762 3311 1
1762 3250 1
1762 3421 1
1762 4206 1
1762 6132 0
1762 5076 0
1762 6860 0
1762 1911 1
1762 1664 0
1762 3529 0
1762 5112 0
1762 2353 0
1763 4818 1
1763 5897 1
1763 2256 0
1763 3455 1
1763 618 1
1763 2460 1
1763 5526 1
1763 3454 1
1763 2798 1
1763 1819 0
1763 5445 0
1763 2944 1
1763 1278 1
1764 3647 1
1764 5051 1
1764 594 1
1764 2760 1
1764 4272 1
1764 6876 1
1764 432 1
1764 3666 1
1764 5387 1
1764 3836 1
1764 2418 1
1764 5151 1
1764 5131 1
1764 4960 1
1764 5630 1
1764 1527 1
1764 2010 1
1764 3916 1
1764 1701 1
1764 2891 1
1764 4720 1
1765 1408 1
1765 211 1
1765 2092 1
1765 2853 0
1765 5496 1
1765 368 0
1765 1127 0
1765 2352 0
1765 1267 0
1765 5141 0
1765 2546 0
1766 368 0
1766 6219 0
1766 6873 0
1766 2665 0
1766 2377 0
1766 1744 0
1766 1554 0
1766 3003 0
1766 5496 1
1766 26 0
1767 5105 1
1767 6848 1
1767 3113 1
1767 2085 1
1767 3321 1
1767 5341 1
1767 6699 1
1767 4051 0
1767 3149 0
1767 3572 1
1767 2838 1
1767 6163 0
1768 2953 0
1768 3452 0
1768 2446 0
1768 904 1
1768 4118 1
1768 2266 1
1768 5205 1
1768 6109 1
1768 6117 1
1768 5813 1
1768 5596 0
1768 4136 1
1769 1105 0
1769 6374 1
1769 1730 1
1769 5613 1
1769 5277 1
1769 4963 0
1769 1384 0
1769 4195 0
1769 460 0
1769 3535 0
1769 2034 1
1769 327 1
1769 6797 1
1770 3608 1
1770 2377 0
1770 2321 1
1770 367 0
1770 5154 1
1770 99 1
1770 2263 0
1770 4560 1
1770 1085 1
1770 3764 1
1770 1716 1
1771 5367 1
1771 2903 0
1771 3149 0
1771 1960 1
1771 5006 1
1771 3642 1
1771 2278 1
1771 5000 1
1771 4686 1
1771 2566 1
1771 4894 1
1771 2894 1
1771 3248 0
1771 4333 0
1771 6842 1
1771 4250 1
1771 5767 1
1771 371 1
1771 3245 1
1771 3902 1
1771 5172 1
1772 3455 0
1772 2081 0
1772 275 0
1772 3197 0
1772 538 1
1772 4172 0
1772 1003 0
1772 5819 0
1772 1006 0
1772 1102 0
1772 6809 0
1772 1051 0
1772 4815 0
1772 5221 0
1772 1380 0
1772 519 0
1772 1866 0
1772 1353 1
1772 6767 0
1772 421 0
1772 326 0
1772 4674 0
1772 3688 0
1773 6067 1
1773 1440 1
1773 279 1
1773 967 1
1773 3940 1
1773 1159 0
1773 2841 1
1773 5956 0
1773 1460 0
1773 1687 1
1773 3522 1
1774 1738 1
1774 4995 1
1774 6047 1
1774 3524 1
1774 1320 0
1774 2225 1
1774 2040 1
1774 6405 1
1774 6505 1
1774 2349 1
1775 294 0
1775 6296 0
1775 4999 0
1775 6836 0
1775 373 0
1775 674 0
1775 293 0
1775 6840 0
1775 2088 0
1775 5199 0
1775 6350 0
1775 5310 0
1775 1039 0
1775 5135 0
1775 6798 0
1775 5954 0
1775 3729 0
1775 1711 0
1775 930 0
1775 6294 0
1775 5796 0
1775 1749 0
1775 6268 0
1776 809 1
1776 5291 1
1776 2483 0
1776 1323 0
1776 1531 0
1776 6290 0
1776 4199 0
1776 1915 1
1776 3073 0
1776 6388 0
1776 13 1
1776 5323 1
1776 6050 1
1776 1840 1
1776 5509 1
1776 3525 1
1776 5853 1
1776 6866 1
1776 4710 1
1776 4911 0
1776 1724 0
1776 5283 0
1776 3125 0
1776 4306 0
1776 1656 0
1776 3618 0
1776 2893 0
1776 6216 0
1776 3869 0
1776 3037 0
1776 3490 0
1776 397 1
1776 801 1
1776 3676 1
1776 6277 1
1776 5286 1
1776 86 1
1776 6939 1
1776 3098 0
1776 5755 1
1777 1612 1
1777 3122 1
1777 6243 1
1777 5682 1
1777 2107 1
1777 3269 1
1777 6846 1
1777 5499 1
1777 863 1
1777 4912 1
1777 1666 1
1777 5304 1
1777 3426 1
1777 4939 1
1777 5148 1
1777 998 1
1777 5266 1
1777 2253 1
1777 347 1
1777 2740 1
1777 5093 1
1777 4465 1
1777 2813 1
1777 5084 1
1777 3377 1
1777 673 1
1777 5996 1
1777 6874 1
1777 6060 1
1777 6241 1
1777 4466 1
1777 976 1
1777 1010 1
1777 446 1
1777 4309 1
1777 3017 1
1777 4236 1
1777 3791 1
1777 3124 1
1778 6503 1
1778 3758 1
1778 339 1
1778 368 0
1778 3134 0
1778 2263 0
1778 631 0
1778 2872 0
1778 4260 0
1778 1359 0
1778 4598 0
1778 3349 0
1778 3468 0
1778 1134 0
1778 6597 0
1778 6193 0
1778 2663 0
1778 6219 0
1778 4329 0
1778 4130 0
1778 766 1
1778 340 1
1778 3503 1
1778 1481 1
1778 207 1
1779 3769 1
1779 4968 1
1779 1526 1
1779 6265 1
1779 3867 1
1779 3646 0
1779 3190 0
1779 6455 1
1779 3248 1
1779 4333 1
1779 3832 1
1779 1996 1
1779 5960 1
1779 5356 1
1779 224 1
1779 4978 1
1779 191 1
1779 1255 1
1779 4025 0
1779 3663 0
1779 640 1
1780 2321 1
1780 762 0
1780 1480 0
1780 98 1
1780 2327 1
1780 1717 0
1780 3608 1
1780 2328 0
1780 6946 1
1780 5158 0
1780 1085 1
1780 1088 0
1780 1716 1
1781 2980 1
1781 3474 1
1781 1926 1
1781 6450 1
1781 1255 1
1781 4978 1
1781 9 1
1781 224 1
1781 1554 1
1781 1656 1
1781 1931 1
1781 640 1
1782 3134 1
1782 631 1
1782 1134 1
1782 6597 1
1782 1481 1
1782 5085 1
1782 4801 1
1782 2836 1
1782 2263 1
1782 3489 1
1783 3779 1
1783 1143 1
1783 3342 1
1783 2421 1
1783 1948 1
1783 3050 1
1783 6838 1
1783 4221 1
1783 5176 1
1783 3371 1
1784 2430 1
1784 2729 1
1784 2720 1
1784 6171 1
1784 5407 1
1784 6230 1
1784 6026 1
1784 2777 1
1784 5014 1
1784 4171 1
1784 6324 1
1784 4182 1
1784 5842 1
1785 4047 1
1785 6261 0
1785 4368 1
1785 2073 0
1785 3694 0
1785 419 1
1785 5003 1
1785 546 1
1785 563 1
1785 6655 0
1785 2865 1
1785 471 0
1785 4983 0
1785 4660 0
1786 226 1
1786 5514 0
1786 4957 0
1786 5521 0
1786 348 0
1786 6458 0
1786 4135 0
1786 4951 0
1786 5787 0
1786 2926 1
1786 5091 1
1786 1950 1
1786 6837 0
1786 154 0
1786 785 0
1786 6403 0
1787 2897 1
1787 6314 1
1787 2895 1
1787 4963 1
1787 3443 1
1787 3564 1
1787 5613 1
1787 5159 1
1787 5597 1
1787 5160 1
1787 5161 1
1787 1730 1
1787 6507 1
1788 1612 1
1788 3122 1
1788 6243 1
1788 2107 1
1788 3426 1
1788 998 1
1788 4465 1
1788 2740 1
1788 6241 1
1788 4236 1
1788 4230 1
1788 6103 1
1789 1738 1
1789 4995 1
1789 6047 1
1789 3524 1
1789 2225 1
1789 5257 1
1789 2040 1
1789 6165 1
1789 6505 1
1789 2349 1
1789 6171 1
1789 3672 1
1789 1947 1
1789 6322 1
1789 5325 1
1790 3583 1
1790 3739 0
1790 4200 0
1790 6023 0
1790 3580 0
1790 2284 0
1790 640 0
1790 2446 0
1790 3592 0
1790 2953 0
1791 226 1
1791 5514 0
1791 4957 0
1791 5521 0
1791 348 0
1791 6458 0
1791 4135 0
1791 4951 0
1791 5787 0
1791 2926 1
1791 5091 1
1791 1950 1
1791 6837 0
1791 154 0
1791 785 0
1791 6403 0
1792 1718 1
1792 282 1
1792 1404 1
1792 4380 1
1792 344 1
1792 5881 1
1792 368 0
1792 4346 1
1792 765 1
1792 4132 1
1792 6196 1
1792 1907 1
1792 5766 1
1793 2 1
1793 1887 1
1793 4066 1
1793 4452 1
1793 1128 1
1793 4717 1
1793 2476 1
1793 6233 1
1793 120 1
1793 2392 1
1793 4006 1
1793 646 1
1793 354 1
1793 2979 1
1793 369 1
1793 2658 1
1793 2000 1
1793 35 1
1793 1531 1
1793 4848 0
1793 6290 1
1793 6598 0
1793 1323 0
1794 4824 1
1794 6477 0
1794 369 1
1794 1764 0
1794 5452 0
1794 6189 0
1794 1961 0
1794 2173 0
1794 6859 0
1794 1383 0
1794 4671 0
1794 3218 0
1794 312 0
1795 4640 1
1795 6440 1
1795 3391 1
1795 3052 1
1795 5402 1
1795 3919 1
1795 4930 1
1795 2271 1
1795 6151 1
1795 6070 1
1795 5327 1
1795 1141 0
1795 3849 1
1795 4372 1
1795 6011 0
1795 2215 0
1795 3524 1
1795 2786 0
1795 6458 1
1795 5121 1
1795 3674 1
1795 4666 1
1796 2062 1
1796 6617 1
1796 2347 1
1796 2033 0
1796 2067 0
1796 1730 1
1796 5277 0
1796 3976 1
1796 2034 0
1796 6797 0
1796 327 1
1797 4623 1
1797 3185 1
1797 3954 1
1797 3112 1
1797 2156 1
1797 629 1
1797 435 1
1797 3332 1
1797 946 1
1797 5957 1
1797 5664 1
1797 1493 1
1797 6177 1
1797 2062 1
1797 3912 1
1797 4189 1
1797 1664 1
1797 2351 1
1797 536 1
1797 4788 1
1797 5684 1
1797 2397 1
1797 1641 1
1797 1791 1
1797 6182 1
1797 6860 1
1797 2352 1
1797 2350 1
1797 3823 1
1797 2939 1
1797 3069 1
1798 967 1
1798 3944 1
1798 6080 1
1798 4919 1
1798 579 1
1798 1458 1
1798 5406 0
1798 2585 0
1798 3145 1
1798 3522 1
1798 3044 1
1798 796 1
1798 2286 1
1799 645 1
1799 2087 0
1799 865 1
1799 686 0
1799 1833 0
1799 5471 0
1799 214 0
1799 5282 0
1799 2228 0
1799 6818 0
1799 3082 0
1799 4837 0
1799 1381 0
1799 3439 0
1799 1568 0
1799 5457 1
1799 113 0
1799 2874 0
1799 3599 0
1799 3603 0
1799 3729 0
1799 1544 1
1799 930 0
1800 4047 1
1800 2073 1
1800 3977 1
1800 6261 1
1800 4368 1
1800 5070 1
1800 6427 1
1800 4046 1
1800 6694 1
1800 1033 1
1800 3694 1
1800 6264 1
1800 419 1
1800 5033 1
1800 3307 1
1800 1413 1
1800 1412 1
1800 3217 1
1800 2401 1
1800 6870 1
1800 5003 1
1800 5539 1
1800 546 1
1800 997 0
1800 6655 1
1800 3004 1
1800 5559 1
1800 471 1
1800 5644 1
1800 4983 1
1800 3941 1
1800 2865 1
1800 1861 0
1800 5841 1
1800 3972 1
1800 289 1
1800 548 1
1800 2864 1
1800 3531 1
1800 5312 1
1800 6802 1
1800 2233 1
1800 916 1
1800 3738 1
1800 824 1
1800 1039 1
1800 2688 1
1800 3401 1
1800 3395 1
1800 559 1
1801 1915 1
1801 13 1
1801 5323 1
1801 6050 1
1801 1840 1
1801 5509 1
1801 3525 1
1801 5853 1
1801 6866 1
1801 4710 1
1802 2558 1
1802 5261 1
1802 5152 1
1802 5892 1
1802 4705 1
1802 2776 1
1802 3392 1
1802 1968 1
1802 5179 1
1802 5149 1
1802 6589 1
1802 1405 1
1802 2777 1
1802 3172 1
1802 3544 1
1802 2140 1
1802 2081 1
1802 5064 1
1802 6026 1
1802 2931 1
1802 2688 1
1802 954 1
1802 4355 1
1802 3146 1
1802 6655 1
1802 3696 1
1802 4105 1
1802 5539 1
1802 6742 1
1802 558 1
1802 2567 0
1802 3941 1
1802 3681 1
1802 1646 1
1802 5751 1
1802 5477 1
1802 6239 1
1802 4808 1
1802 3234 1
1802 774 1
1802 2799 1
1802 5842 1
1802 6864 1
1802 1703 1
1802 3419 1
1802 6023 1
1802 1348 1
1802 4964 1
1802 5017 1
1802 2232 1
1803 3344 1
1803 1139 1
1803 2452 1
1803 3847 1
1803 2169 1
1803 4707 1
1803 704 1
1803 1611 1
1803 1344 1
1803 1262 1
1803 1264 1
1803 1261 1
1803 1719 1
1803 2301 1
1803 3854 1
1803 3047 1
1803 6395 1
1803 1720 1
1803 6827 1
1803 3928 1
1803 3917 1
1803 5305 1
1803 2174 1
1803 382 1
1803 3768 1
1803 1574 1
1803 3925 1
1803 1064 0
1803 1280 0
1803 368 0
1803 154 0
1803 785 0
1803 6403 0
1803 3288 0
1803 1138 0
1803 3345 0
1804 697 1
1804 3624 1
1804 4554 1
1804 4555 1
1804 361 1
1804 698 1
1804 4556 1
1804 4557 1
1804 3566 1
1804 1909 1
1804 6313 1
1804 608 1
1805 696 1
1805 4553 1
1805 6503 1
1805 3758 1
1805 2836 1
1805 6193 1
1805 6597 1
1805 3468 1
1805 4130 1
1805 1134 1
1805 2663 1
1806 3825 0
1806 6864 1
1806 6500 1
1806 3646 1
1806 452 0
1806 5241 0
1806 3412 0
1806 4722 1
1806 2021 0
1806 4491 0
1806 2406 1
1806 5094 0
1806 1109 0
1806 5531 1
1807 650 1
1807 3649 1
1807 1785 1
1807 607 1
1807 3180 1
1807 5768 1
1807 3959 1
1807 4014 0
1807 2466 1
1807 1149 1
1807 2056 1
1808 5152 1
1808 6026 1
1808 2777 1
1808 6655 1
1808 5539 1
1808 2567 0
1808 2688 1
1808 3681 1
1808 3941 0
1808 3696 0
1809 650 1
1809 3649 1
1809 1785 1
1809 607 1
1809 3180 1
1809 5768 1
1809 3959 1
1809 4014 0
1809 2466 1
1809 1149 1
1809 2056 1
1810 4047 1
1810 1033 1
1810 3694 1
1810 5397 1
1810 3802 1
1810 2867 1
1810 3401 1
1810 3972 1
1810 4660 1
1810 5644 1
1810 2865 1
1810 6655 1
1810 6746 1
1810 3989 1
1810 4804 1
1810 546 1
1811 6450 1
1811 1255 1
1811 4978 1
1811 3248 0
1811 4333 0
1811 3832 0
1811 5356 1
1811 810 0
1811 3149 0
1811 6119 0
1811 4000 1
1811 458 1
1811 3419 1
1811 3031 0
1811 1915 1
1811 1732 0
1811 2924 1
1811 2378 1
1812 2607 1
1812 4387 1
1812 3616 1
1812 4471 1
1812 1082 1
1812 3329 1
1812 1676 1
1812 1482 1
1812 2077 1
1812 6709 1
1812 5619 1
1812 3177 1
1813 2814 1
1813 2513 1
1813 3901 1
1813 6318 1
1813 2509 1
1813 2506 1
1813 1136 1
1813 2850 1
1813 133 1
1813 5490 1
1813 958 1
1813 1084 1
1813 959 1
1813 1585 1
1813 6525 1
1813 6016 1
1813 5029 1
1813 601 1
1813 221 1
1813 1162 1
1813 1395 1
1813 5410 1
1813 1776 0
1813 3671 0
1813 2201 0
1813 3341 0
1813 6131 0
1813 5327 0
1813 368 0
1813 4640 0
1813 6440 0
1813 5866 0
1813 332 0
1813 5838 1
1814 4283 0
1814 3737 0
1814 3652 1
1814 5442 0
1814 2351 0
1814 662 0
1814 3892 0
1814 975 0
1814 2079 0
1814 2148 1
1814 4706 0
1814 3185 1
1814 6860 0
1814 4013 0
1814 3303 0
1814 3386 0
1815 594 1
1815 432 1
1815 5151 1
1815 5630 1
1815 1527 1
1815 2010 1
1815 1701 1
1815 4960 1
1815 6141 1
1815 2111 1
1815 4266 1
1815 1712 1
1815 638 1
1815 5541 1
1815 2634 1
1815 980 1
1815 5236 1
1815 1194 1
1815 3441 1
1816 4472 1
1816 5245 1
1816 5333 1
1816 2585 1
1816 2270 1
1816 3145 1
1816 4735 1
1816 3376 1
1816 1458 1
1816 1159 1
1816 3104 1
1816 4252 1
1817 2612 1
1817 2374 1
1817 5850 1
1817 2041 0
1817 2568 1
1817 368 0
1817 436 0
1817 812 1
1817 394 0
1817 3021 0
1817 1925 0
1817 4818 0
1817 1659 0
1817 6503 0
1817 5356 0
1818 3099 1
1818 2616 1
1818 4118 0
1818 1707 0
1818 6265 1
1818 3233 1
1818 4196 1
1818 747 1
1818 191 1
1818 3867 1
1818 2599 1
1818 6881 1
1818 4386 1
1818 2080 1
1818 224 1
1818 6788 1
1818 6648 1
1819 4861 1
1819 1819 1
1819 3142 1
1819 6837 1
1819 2289 1
1819 5474 0
1819 6853 0
1819 1831 1
1819 4731 1
1819 2182 0
1819 4195 0
1819 4416 1
1819 6804 1
1819 5117 1
1819 963 1
1819 706 1
1819 4674 0
1819 6304 0
1819 1573 0
1819 6816 1
1819 4715 1
1819 4270 0
1819 652 0
1819 21 0
1819 6156 0
1819 3653 0
1819 5687 0
1819 3156 0
1819 1541 0
1819 6390 0
1819 1227 0
1819 958 0
1819 4969 0
1820 845 1
1820 4984 0
1820 2015 0
1820 2810 1
1820 3099 1
1820 3994 1
1820 6625 1
1820 1869 1
1820 155 1
1820 5366 1
1820 3568 1
1820 808 0
1820 3628 0
1820 2253 0
1820 804 0
1820 998 0
1820 746 1
1820 5228 1
1821 3248 0
1821 4333 1
1821 3867 1
1821 4325 1
1821 4923 1
1821 5755 1
1821 6277 1
1821 801 1
1821 5283 1
1821 5291 1
1821 1724 1
1821 1915 1
1821 13 1
1821 3098 1
1821 2377 1
1821 1172 1
1821 3474 1
1821 4978 1
1821 1926 1
1822 6343 1
1822 5994 1
1822 440 1
1822 6273 1
1822 4937 1
1822 2810 1
1822 4949 1
1822 4150 1
1822 1235 1
1822 2462 1
1822 6868 1
1822 5797 1
1822 6481 1
1822 2596 1
1822 5332 1
1822 5706 1
1822 4381 0
1822 4118 1
1822 1293 1
1822 314 1
1823 645 1
1823 5640 1
1823 6616 1
1823 113 1
1823 5153 1
1823 1545 1
1823 2196 1
1823 1733 1
1823 84 1
1823 1568 1
1824 1915 1
1824 13 1
1824 5323 1
1824 6050 1
1824 1840 1
1824 5509 1
1824 3525 1
1824 5853 1
1824 6866 1
1824 4710 1
1824 5127 1
1824 6774 1
1824 1724 1
1824 4911 1
1824 809 1
1824 5291 1
1824 6943 1
1824 3125 1
1824 5283 1
1824 4306 1
1824 1656 1
1824 3618 1
1824 2893 1
1824 6216 1
1824 3869 1
1824 3213 1
1824 801 1
1824 397 1
1824 3676 1
1824 6277 1
1824 5286 1
1824 6939 1
1824 3098 1
1824 86 1
1824 5755 1
1824 4923 1
1824 2377 1
1824 1172 1
1824 4978 1
1824 3474 1
1824 4901 1
1824 5356 1
1824 4325 1
1824 3867 1
1824 336 1
1824 1188 1
1824 4333 1
1824 3248 1
1824 1926 1
1824 1783 1
1825 2081 1
1825 2777 1
1825 3172 1
1825 6123 1
1825 6207 1
1825 1102 1
1825 6809 1
1825 4815 1
1825 5221 1
1825 898 1
1825 3223 1
1826 392 1
1826 428 1
1826 679 1
1826 1922 1
1826 2249 1
1826 654 1
1826 866 1
1826 779 1
1826 782 1
1826 867 1
1826 4442 0
1826 6140 1
1827 392 1
1827 428 1
1827 679 1
1827 1922 1
1827 2249 1
1827 654 1
1827 866 1
1827 779 1
1827 782 1
1827 867 1
1827 4442 0
1827 6140 1
1828 1277 1
1828 5743 1
1828 4162 1
1828 590 1
1828 4117 1
1828 886 1
1828 3858 1
1828 1862 1
1828 1056 1
1828 1241 1
1828 2934 1
1828 5280 1
1828 1701 1
1829 1277 1
1829 5743 1
1829 4162 1
1829 590 1
1829 4117 1
1829 886 1
1829 3858 1
1829 1862 1
1829 1056 1
1829 1241 1
1829 2934 1
1829 5280 1
1829 1701 1
1830 5348 1
1830 2545 1
1830 3386 1
1830 4189 1
1830 68 1
1830 2260 1
1830 1891 1
1830 3588 1
1830 123 1
1830 2062 1
1830 4203 1
1831 1159 1
1831 967 1
1831 6179 1
1831 1460 0
1831 5675 1
1831 3364 0
1831 6588 1
1831 4910 1
1831 3940 1
1831 796 1
1832 1731 1
1832 3466 1
1832 2348 1
1832 3734 1
1832 555 1
1832 1754 1
1832 3391 0
1832 2351 1
1832 3369 1
1832 2446 1
1832 5904 1
1833 1641 1
1833 6368 1
1833 1970 1
1833 5334 1
1833 3937 1
1833 1640 1
1833 6938 1
1833 3201 1
1833 5701 1
1833 2853 1
1833 4951 1
1833 6940 0
1833 71 1
1833 5664 1
1833 6101 1
1833 5514 1
1833 6113 1
1833 3912 1
1833 5746 1
1833 6622 0
1834 3355 1
1834 5644 1
1834 471 1
1834 2139 1
1834 4914 1
1834 5546 1
1834 4047 1
1834 4368 1
1834 3694 1
1834 3217 1
1834 546 1
1834 3135 1
1834 6655 1
1835 1537 1
1835 5895 1
1835 3542 1
1835 5285 1
1835 6443 1
1835 2627 1
1835 5258 1
1835 1512 0
1835 4441 1
1835 5605 1
1835 6851 1
1835 2469 1
1835 1672 1
1835 1526 0
1835 4992 1
1836 1752 1
1836 3659 0
1836 3819 0
1836 1573 1
1836 5006 0
1836 3642 0
1836 2052 1
1836 3610 1
1836 3615 1
1836 5309 1
1836 4340 1
1836 348 1
1836 2051 0
1836 2279 0
1836 4084 0
1837 4272 1
1837 3647 0
1837 594 1
1837 432 0
1837 5151 1
1837 5131 1
1837 5630 1
1837 1527 1
1837 2010 0
1837 3916 0
1837 1701 0
1837 5427 1
1837 3436 1
1837 934 1
1837 3729 1
1837 1711 1
1838 3288 0
1838 1719 0
1838 1262 0
1838 1611 0
1838 704 0
1838 2301 1
1838 381 1
1838 382 1
1838 3768 0
1838 5746 0
1839 3624 1
1839 4555 1
1839 4556 1
1839 361 1
1839 608 1
1839 6272 1
1839 3043 1
1839 4357 0
1839 4600 0
1839 4601 1
1840 6218 1
1840 967 0
1840 3940 1
1840 3450 1
1840 4919 0
1840 579 0
1840 4486 0
1840 6097 0
1840 6486 0
1840 1460 1
1841 2321 1
1841 2323 0
1841 766 1
1841 3556 0
1841 6500 0
1841 2327 1
1841 3608 1
1841 4726 0
1841 5963 0
1841 3232 0
1841 3962 0
1842 2323 1
1842 2321 1
1842 4558 1
1842 366 1
1842 3611 1
1842 4559 1
1842 2328 1
1842 3608 1
1842 1717 1
1842 6946 1
1843 3134 1
1843 631 1
1843 4260 1
1843 2872 1
1843 1359 1
1843 4598 1
1843 3349 1
1843 3468 1
1843 1134 1
1843 6597 1
1843 6193 1
1844 3141 1
1844 1699 1
1844 2261 1
1844 6221 1
1844 6667 1
1844 2487 1
1844 5039 1
1844 4755 1
1844 4756 1
1844 627 1
1844 6851 1
1845 5341 1
1845 3321 1
1845 5042 1
1845 5105 1
1845 3113 1
1845 5662 1
1845 6299 1
1845 6493 1
1845 624 1
1845 1978 1
1845 5536 1
1846 2178 1
1846 6835 1
1846 4029 1
1846 2193 1
1846 3684 0
1846 2440 1
1846 5491 0
1846 6324 0
1846 6350 1
1846 6708 1
1846 6356 1
1846 3798 0
1847 2321 1
1847 3503 1
1847 762 1
1847 1088 1
1847 5154 1
1847 1717 1
1847 99 1
1847 1085 1
1847 1716 1
1847 1584 1
1847 2263 0
1848 2321 1
1848 3503 1
1848 762 1
1848 1088 1
1848 5154 1
1848 1717 1
1848 99 1
1848 1085 1
1848 1716 1
1848 1584 1
1848 2263 0
1849 4047 1
1849 5033 1
1849 546 1
1849 997 0
1849 6655 1
1849 3004 1
1849 5559 1
1849 471 1
1849 2865 1
1849 289 1
1849 2864 1
1850 1827 1
1850 3964 1
1850 4478 1
1850 3372 1
1850 6765 1
1850 4699 1
1850 2870 0
1850 5174 1
1850 1512 1
1850 6662 1
1850 5895 1
1851 6825 1
1851 1613 1
1851 4394 1
1851 4404 1
1851 6945 1
1851 57 1
1851 4422 0
1851 368 0
1851 190 1
1851 969 1
1851 1582 1
1851 6355 0
1852 3554 1
1852 3607 1
1852 4658 1
1852 5193 1
1852 2731 1
1852 6479 0
1852 6214 0
1852 3756 0
1852 3552 0
1852 3165 0
1852 1338 0
1853 4419 1
1853 4421 1
1853 1961 1
1853 1577 1
1853 4418 1
1853 368 0
1853 4422 0
1853 6355 0
1854 3004 1
1854 3189 1
1854 2410 1
1854 6464 1
1854 3557 1
1854 916 1
1854 2233 1
1854 3355 1
1854 5419 1
1854 6802 1
1855 971 1
1855 3019 1
1855 943 1
1855 6666 1
1855 707 1
1855 126 1
1855 268 1
1855 211 1
1855 4726 1
1855 3221 1
1856 4380 1
1856 1271 0
1856 145 0
1856 972 0
1856 5939 0
1856 4392 0
1856 1091 0
1856 6024 0
1856 2438 0
1856 6372 0
1857 1710 0
1857 5313 1
1857 5283 1
1857 4760 0
1857 6777 0
1857 11 1
1857 106 1
1857 6421 0
1857 58 1
1857 3408 0
1858 2801 1
1858 5889 0
1858 782 0
1858 3331 1
1858 2083 1
1858 967 0
1858 1159 0
1858 4616 1
1858 1001 1
1858 3364 0
1859 3134 1
1859 3489 0
1859 1078 0
1859 1481 1
1859 5085 0
1859 340 0
1859 5439 0
1859 3017 0
1859 2263 0
1859 2907 0
1860 1915 0
1860 13 1
1860 5323 1
1860 1724 0
1860 4911 0
1860 6050 1
1860 5509 1
1860 5853 1
1860 6866 1
1860 4710 1
1860 6774 1
1860 809 1
1860 5291 1
1860 5283 1
1861 13 1
1861 5323 0
1861 6050 1
1861 1840 1
1861 5509 1
1861 3525 1
1861 6866 1
1861 4710 1
1861 5127 1
1861 1724 0
1861 4911 0
1861 6774 1
1861 5853 1
1862 4782 1
1862 6878 1
1862 4176 0
1862 2236 1
1862 3731 1
1862 6619 1
1862 1398 1
1862 6808 1
1862 2857 0
1862 4091 1
1862 5009 1
1862 944 0
1862 5089 0
1862 2694 0
1863 6171 0
1863 2594 0
1863 4145 0
1863 6959 0
1863 3359 0
1863 1361 0
1863 5571 0
1863 6459 0
1863 6444 0
1863 1808 0
1863 3343 0
1863 2231 0
1863 6409 1
1863 5239 0
1864 1270 0
1864 5079 1
1864 5892 1
1864 4705 1
1864 1968 1
1864 2558 1
1864 5261 1
1864 2776 1
1864 6317 0
1864 4476 1
1865 4541 1
1865 6295 1
1865 6503 0
1865 5796 0
1865 5356 0
1865 3092 0
1865 2041 0
1865 3758 0
1865 4760 0
1865 919 0
1865 3009 1
1866 6343 1
1866 3998 1
1866 5994 1
1866 2461 1
1866 6689 0
1866 4525 1
1866 440 1
1866 3896 0
1866 710 0
1866 4386 1
1866 4937 1
1866 3891 1
1866 6632 1
1867 6636 1
1867 5018 0
1867 5279 0
1867 710 1
1867 6273 1
1867 6823 1
1867 441 1
1867 6780 1
1867 2134 0
1867 4344 0
1867 2810 1
1867 2808 1
1867 2809 1
1868 6792 0
1868 6857 1
1868 5491 1
1868 6303 1
1868 5796 1
1868 4595 1
1868 2369 1
1868 436 1
1868 2285 1
1868 6738 1
1869 26 0
1869 735 1
1869 3168 0
1869 2375 0
1869 5143 0
1869 6570 0
1869 5355 1
1869 2339 1
1869 3350 0
1869 5071 1
1870 6362 1
1870 3050 0
1870 5850 0
1870 3187 0
1870 1077 0
1870 2374 0
1870 5765 0
1870 783 0
1870 5141 0
1870 6295 0
1871 5318 1
1871 5015 1
1871 6885 1
1871 6581 0
1871 2784 1
1871 543 0
1871 5091 0
1871 2909 0
1871 6368 0
1871 4941 0
1871 2364 1
1872 1804 1
1872 1643 1
1872 5897 1
1872 2944 1
1872 1654 1
1872 1977 1
1872 1094 1
1872 4835 1
1872 1819 0
1872 4818 1
1872 2832 1
1873 1804 1
1873 1643 1
1873 5897 1
1873 2944 1
1873 1654 1
1873 1977 1
1873 1094 1
1873 4835 1
1873 1819 0
1873 4818 1
1873 2832 1
1874 762 1
1874 1480 1
1874 3608 1
1874 342 1
1874 4558 1
1874 1085 1
1874 1790 1
1874 98 1
1874 5158 1
1874 368 0
1874 4422 0
1874 4026 1
1874 3503 1
1874 2377 0
1874 1584 1
1875 4024 1
1875 1610 1
1875 339 1
1875 368 0
1875 3229 0
1875 1526 0
1875 2284 0
1875 6369 1
1875 6421 0
1875 4260 0
1876 5035 1
1876 6444 0
1876 2039 1
1876 6016 1
1876 6407 1
1876 2783 1
1876 6047 0
1876 5038 1
1876 3999 0
1876 4995 0
1876 1738 0
1877 5109 1
1877 1354 0
1877 6057 0
1877 6420 0
1877 6617 1
1877 564 1
1877 3339 0
1877 4643 1
1877 569 1
1877 560 1
1877 3386 0
1878 3999 0
1878 2785 0
1878 4995 0
1878 885 0
1878 886 0
1878 6064 0
1878 5249 0
1878 4338 0
1878 6047 0
1878 4159 0
1878 6083 1
1879 6940 0
1879 2373 0
1879 5521 0
1879 4627 0
1879 1812 0
1879 5031 0
1879 4166 0
1879 2189 0
1879 3734 1
1879 3203 1
1879 2352 1
1879 4957 0
1880 6344 1
1880 714 1
1880 2909 1
1880 6651 1
1880 5306 1
1880 5813 1
1880 2732 1
1880 3103 1
1880 4941 1
1880 1699 0
1880 904 1
1880 3347 1
1880 6093 1
1880 6109 1
1880 2616 1
1880 191 1
1880 4978 1
1880 2001 1
1880 5134 1
1880 3994 1
1880 3099 1
1880 6625 1
1880 5366 1
1880 1869 1
1880 3568 1
1880 155 1
1880 5430 1
1880 6117 1
1880 3206 1
1880 5925 1
1880 5928 1
1880 5543 1
1880 6736 1
1880 746 1
1880 1644 1
1880 6279 1
1880 4386 1
1880 1586 1
1881 3248 1
1881 4333 1
1881 6790 0
1881 4000 1
1881 5819 0
1881 1003 0
1881 1774 0
1881 6426 0
1881 5071 0
1881 3147 0
1881 5874 0
1881 1912 0
1882 2261 1
1882 3141 1
1882 6221 1
1882 1699 1
1882 6667 1
1882 3422 1
1882 5066 1
1882 4950 1
1882 5759 1
1882 3365 1
1882 6406 1
1882 2823 1
1882 5941 1
1882 434 1
1882 5495 1
1882 5946 1
1882 3229 1
1882 627 1
1882 1672 1
1882 6851 1
1882 5324 1
1882 2469 1
1882 4760 1
1882 603 1
1882 5030 1
1882 2445 1
1882 3417 1
1882 2646 1
1882 506 1
1882 4457 1
1882 4755 1
1882 4756 1
1882 2266 1
1882 2495 1
1882 6422 1
1882 4169 1
1882 6706 1
1882 2458 1
1882 375 1
1883 2062 1
1883 6617 1
1883 2347 1
1883 2033 1
1883 2067 1
1883 6374 1
1883 3562 1
1883 1730 1
1883 2345 1
1883 5277 1
1883 2034 1
1884 2062 1
1884 6617 1
1884 2347 1
1884 2033 1
1884 2067 1
1884 6374 1
1884 3562 1
1884 1730 1
1884 2345 1
1884 5277 1
1884 2034 1
1885 6584 1
1885 3331 1
1885 5094 1
1885 815 1
1885 1884 1
1885 4875 1
1885 3102 1
1885 5864 1
1885 3634 1
1885 2147 1
1885 1159 1
1885 1458 1
1886 1526 1
1886 2605 0
1886 4168 0
1886 4797 0
1886 3311 0
1886 3250 0
1886 4205 0
1886 1710 1
1886 2458 0
1886 3424 0
1886 4390 0
1886 3987 0
1886 4606 0
1886 5311 0
1886 2765 0
1886 5486 0
1886 4612 0
1886 692 0
1886 6023 0
1886 4178 1
1886 3409 0
1886 637 0
1886 3246 0
1886 6379 0
1886 1220 0
1886 1188 1
1886 3583 1
1887 5849 0
1887 4028 0
1887 1148 0
1887 2661 0
1887 912 0
1887 692 1
1887 1862 0
1887 688 0
1887 1843 0
1887 2455 0
1887 963 0
1887 706 0
1887 3148 0
1887 1201 0
1887 1644 0
1887 1623 0
1887 2994 0
1887 3175 0
1888 228 1
1888 2208 0
1888 4934 0
1888 4831 1
1888 4739 1
1888 303 1
1888 6077 1
1888 4604 1
1888 6447 1
1888 3496 1
1888 683 1
1888 6927 1
1888 2766 1
1888 5431 1
1888 2772 1
1888 4843 1
1888 1880 1
1888 691 1
1888 5037 1
1888 598 1
1889 6940 0
1889 2373 0
1889 5521 0
1889 4627 0
1889 2110 0
1889 3734 1
1889 3203 1
1889 3737 1
1889 1808 0
1889 1812 0
1890 594 1
1890 4272 1
1890 3647 1
1890 5051 1
1890 6876 1
1890 2760 1
1890 5387 1
1890 3666 1
1890 432 1
1890 3836 1
1890 2418 1
1890 5151 1
1890 5131 1
1890 6138 1
1890 6831 1
1890 1073 1
1890 4757 1
1890 4829 1
1891 4028 1
1891 5849 0
1891 1148 1
1891 5103 1
1891 1443 1
1891 1322 1
1891 4580 1
1891 2661 1
1891 3645 1
1891 688 1
1891 3490 1
1891 1843 0
1891 5705 1
1891 1920 0
1891 2455 0
1891 963 0
1891 706 0
1891 2982 0
1892 696 1
1892 4553 1
1892 1078 1
1892 6597 1
1892 4130 1
1892 6503 1
1892 6193 1
1892 3468 1
1892 4260 1
1892 3134 1
1892 3349 1
1893 1173 1
1893 1756 1
1893 6272 1
1893 3793 1
1893 697 1
1893 3624 1
1893 361 1
1893 698 1
1893 3567 1
1893 3566 1
1893 608 1
1893 4543 1
1893 3493 1
1893 4556 1
1894 3757 0
1894 6673 0
1894 3790 0
1894 5162 0
1894 5002 0
1894 4972 0
1894 5466 0
1894 6934 1
1894 2527 1
1894 6254 0
1894 2347 1
1895 834 1
1895 861 1
1895 2161 1
1895 1573 1
1895 1267 1
1895 2303 1
1895 3629 1
1895 3819 1
1895 2050 1
1895 2051 1
1895 2499 1
1895 4998 1
1896 2648 1
1896 2618 1
1896 622 1
1896 6389 1
1896 4725 1
1896 1236 1
1896 5390 1
1896 4035 1
1896 1869 1
1896 155 1
1897 6713 0
1897 5547 1
1897 5755 1
1897 2297 1
1897 6050 1
1897 5323 1
1897 6668 1
1897 4712 1
1897 2029 1
1897 6389 1
1897 6665 1
1897 2592 1
1897 909 1
1897 4860 1
1897 4493 1
1897 731 0
1898 6940 1
1898 2310 1
1898 435 1
1898 3332 1
1898 6860 1
1898 68 1
1898 3549 1
1898 641 1
1898 2204 1
1898 3905 1
1899 612 1
1899 27 1
1899 2075 1
1899 1122 1
1899 1786 1
1899 2654 1
1899 4763 1
1899 1920 1
1899 4259 1
1899 894 1
1899 6914 1
1899 6916 1
1900 6979 1
1900 4143 0
1900 2446 0
1900 2427 0
1901 2062 1
1901 6617 1
1901 2347 1
1901 2033 1
1901 2067 1
1901 6374 1
1901 6488 1
1901 3562 1
1901 1730 1
1901 2345 1
1901 4963 0
1901 5277 1
1902 6983 1
1902 2446 0
1903 3165 0
1903 1151 0
1903 2690 0
1903 6519 0
1903 4664 0
1903 4679 0
1903 5398 0
1903 838 0
1903 6472 0
1903 417 0
1903 3283 0
1903 1002 0
1903 4298 0
1903 4771 0
1904 1897 1
1904 2302 0
1904 4803 1
1904 2555 0
1904 5882 0
1904 2484 0
1904 6148 1
1904 4816 1
1904 195 1
1904 3179 0
1904 2008 0
1905 6937 1
1905 5697 0
1905 2371 0
1905 6374 0
1905 6488 0
1905 3562 0
1905 2067 0
1905 1242 1
1905 6359 1
1905 6022 0
1905 3808 0
1905 2785 0
1906 2371 1
1906 2067 0
1906 3562 0
1906 6488 0
1906 6374 0
1906 6022 0
1906 3808 1
1906 2785 1
1906 4995 0
1906 885 1
1906 5249 0
1906 4338 1
1907 5820 1
1907 1834 1
1907 217 1
1907 5818 1
1907 5830 1
1907 5827 1
1907 5826 1
1907 5832 1
1907 5824 1
1907 5821 1
1907 3693 1
1907 348 1
1907 3714 1
1907 5834 1
1907 5715 1
1907 887 1
1908 2062 1
1908 6617 1
1908 2347 1
1908 2033 1
1908 2067 1
1908 6374 1
1908 6488 1
1908 3562 1
1908 1730 1
1908 2345 1
1908 5277 1
1908 4963 0
1908 3976 1
1909 4200 0
1909 6138 1
1909 6831 1
1909 1073 1
1909 4829 1
1909 4941 1
1909 2909 1
1909 4956 0
1909 6691 1
1909 6703 0
1909 5433 0
1909 1284 0
1909 3217 0
1909 4757 1
1910 3503 1
1910 99 1
1910 366 1
1910 2321 1
1910 3611 1
1910 4559 1
1910 4558 1
1910 2323 1
1910 367 0
1910 5154 1
1910 2263 0
1910 1085 1
1911 2356 1
1911 2505 1
1911 2512 1
1911 361 1
1911 2496 1
1911 2485 1
1911 352 1
1911 2486 1
1911 2509 1
1911 2354 1
1911 2500 1
1912 6047 1
1912 5325 1
1912 6322 0
1912 3999 1
1912 3524 1
1912 5896 0
1912 2215 0
1912 5927 1
1912 2158 1
1912 3204 1
1912 2337 1
1913 1915 1
1913 13 1
1913 5323 1
1913 6050 1
1913 1840 1
1913 5509 1
1913 3525 1
1913 5853 1
1913 6866 0
1913 4710 0
1913 5127 1
1913 6774 1
1914 6110 1
1914 3982 1
1914 2346 1
1914 6016 1
1914 6407 1
1914 2783 1
1914 6322 0
1914 2786 1
1914 2784 1
1914 4643 1
1914 5927 1
1915 3417 0
1915 2446 1
1915 2427 0
1916 2853 0
1916 6801 1
1916 6222 0
1916 3331 0
1916 5094 0
1916 401 0
1916 2841 0
1916 1746 1
1916 3566 1
1916 5348 0
1917 5882 0
1917 5356 0
1917 2712 0
1917 2532 0
1917 1201 1
1917 4282 0
1917 2667 0
1917 6949 1
1917 2590 1
1917 2308 1
1918 6885 1
1918 5015 1
1918 6057 1
1918 1567 1
1918 3737 1
1918 2265 0
1918 5480 1
1918 1662 1
1918 4957 1
1918 2009 1
1918 3831 0
1918 5345 0
1918 2372 0
1918 2352 1
1918 6868 1
1919 6638 0
1919 942 0
1919 2858 0
1919 4908 0
1919 6317 0
1919 2150 0
1919 2910 1
1919 298 1
1919 5923 0
1919 2451 0
1920 6638 0
1920 942 0
1920 2858 0
1920 4908 0
1920 6317 0
1920 2150 0
1920 2910 1
1920 298 1
1920 5923 0
1920 2451 0
1921 3418 1
1921 1458 1
1921 1159 1
1921 5565 1
1921 5406 1
1921 3540 1
1921 4472 1
1921 6550 1
1921 5245 1
1921 2585 1
1921 6779 1
1921 6781 1
1921 4320 1
1921 4273 1
1922 2525 0
1922 4740 0
1922 1522 0
1922 2526 0
1922 2278 0
1922 4136 0
1922 3341 0
1922 3671 0
1922 4378 0
1922 958 0
1923 4118 1
1923 1699 1
1923 4136 1
1923 904 1
1923 3994 1
1923 709 0
1923 3121 1
1923 5021 1
1923 1707 0
1923 6265 0
1923 3233 1
1923 1923 0
1924 4118 1
1924 1699 1
1924 4136 1
1924 904 1
1924 3994 1
1924 709 0
1924 3121 1
1924 5021 1
1924 1707 0
1924 6265 0
1924 3233 1
1924 1923 0
1925 2599 1
1925 5403 1
1925 1644 1
1925 5332 1
1925 4573 0
1925 960 1
1925 5369 1
1925 6736 1
1925 746 1
1925 3870 1
1925 1389 1
1925 4027 1
1925 4034 1
1925 3120 0
1925 1042 1
1925 1230 1
1925 3644 1
1925 2078 1
1926 1392 1
1926 2265 1
1926 2372 0
1926 5345 0
1926 3643 1
1926 2113 1
1926 4957 0
1926 6572 1
1926 1272 1
1926 998 1
1926 6183 0
1926 6563 0
1926 6669 0
1926 3324 0
1926 6186 0
1927 5820 1
1927 5514 0
1927 217 1
1927 5818 1
1927 1834 1
1927 5832 1
1927 3005 0
1927 5827 1
1927 5826 1
1927 5830 1
1927 3693 0
1927 5821 1
1927 5834 1
1927 5824 1
1928 6877 1
1928 2962 1
1928 6644 1
1928 2786 0
1928 2434 0
1928 5570 1
1928 2352 1
1928 662 1
1928 1181 1
1928 6941 1
1928 1207 1
1928 4536 1
1928 54 1
1929 615 1
1929 6240 1
1929 1819 1
1929 4926 1
1929 3457 1
1929 6145 1
1929 1804 1
1929 1643 1
1929 815 1
1929 3331 0
1929 5094 0
1929 986 0
1929 1018 0
1929 3279 0
1929 132 0
1929 6502 1
1929 2648 1
1930 865 1
1930 113 1
1930 935 1
1930 4229 0
1930 581 1
1930 1005 1
1930 5225 1
1930 3947 1
1930 5199 0
1930 6616 1
1930 3599 1
1930 3130 1
1930 3216 1
1930 5153 1
1931 1290 1
1931 2150 1
1931 2858 1
1931 4908 1
1931 5088 1
1931 2274 1
1931 4417 1
1931 1639 0
1931 3228 1
1931 999 0
1931 1259 0
1931 5083 1
1931 1028 1
1931 3444 0
1931 4948 1
1931 1483 1
1931 3149 0
1931 1279 0
1931 1169 1
1931 4174 1
1931 4974 1
1931 1026 1
1932 1716 1
1932 5158 1
1932 99 1
1932 6503 0
1932 2323 0
1932 368 0
1932 1715 1
1932 3503 1
1932 5084 0
1932 6699 0
1932 6550 0
1933 5229 1
1933 934 0
1933 2291 1
1933 490 1
1933 426 1
1933 1696 1
1933 3773 1
1933 2008 1
1933 3813 0
1933 6734 0
1933 6236 0
1933 4958 0
1933 4973 0
1933 3729 0
1933 109 1
1933 5273 0
1933 1711 0
1933 5199 0
1933 2603 0
1933 6294 0
1933 930 0
1933 1437 0
1934 5377 1
1934 2455 0
1934 4417 1
1934 3897 0
1934 3303 0
1934 6344 0
1934 6426 0
1934 5009 1
1934 6808 1
1934 6619 1
1934 4091 1
1934 6540 0
1934 2233 0
1934 2232 0
1935 4930 1
1935 2337 0
1935 2040 1
1935 3466 1
1935 5257 1
1935 1821 1
1935 1731 1
1935 6434 1
1935 3008 0
1935 4819 0
1935 4548 1
1935 6458 1
1935 6253 1
1935 5514 0
1935 6401 0
1935 4641 0
1935 5616 0
1935 59 0
1935 6199 0
1935 5927 0
1935 2786 0
1935 4129 0
1935 6473 0
1935 6457 0
1935 3006 0
1936 548 1
1936 4791 1
1936 5539 1
1936 6742 1
1936 4070 1
1936 2455 1
1936 6426 1
1936 574 0
1936 3983 0
1936 2867 0
1936 6826 0
1936 4644 1
1936 954 1
1936 1280 0
1936 4054 0
1936 1088 0
1936 2865 0
1936 2233 1
1937 3070 1
1937 5237 1
1937 3873 1
1937 4173 1
1937 5871 0
1937 6878 1
1937 5250 1
1937 1368 1
1937 6619 1
1937 3295 1
1937 2694 0
1937 5412 0
1937 4456 1
1937 4095 1
1937 6501 1
1938 3234 1
1938 3544 1
1938 2777 1
1938 3172 1
1938 739 1
1938 6123 1
1938 2140 1
1938 2019 1
1938 6026 1
1938 6655 1
1938 3681 1
1938 1646 1
1938 5539 1
1938 6742 0
1938 3031 1
1938 4350 1
1938 3419 0
1938 3678 0
1938 4813 0
1938 2688 0
1938 2931 1
1938 4355 0
1938 3146 0
1938 2567 0
1938 4988 0
1938 5069 0
1938 3628 0
1938 774 1
1938 3696 1
1938 4105 1
1939 2812 1
1939 5263 1
1939 4905 1
1939 3686 1
1939 5625 1
1939 3242 1
1939 801 1
1939 3676 1
1939 5286 1
1939 6277 1
1939 1437 0
1939 2046 0
1939 2902 1
1939 4680 1
1939 3240 1
1939 226 0
1939 5326 0
1939 925 1
1939 1189 0
1939 2473 0
1939 5229 0
1939 3973 0
1939 3856 0
1939 6382 0
1940 5018 0
1940 5279 0
1940 643 0
1940 1434 0
1940 6343 1
1940 3998 1
1940 787 1
1940 5718 1
1940 5994 1
1940 2461 1
1940 6689 0
1940 1699 0
1940 2800 1
1940 3889 1
1940 3896 1
1940 710 1
1940 4386 1
1940 6273 1
1940 1288 1
1940 2616 1
1940 6109 1
1940 4118 0
1940 4937 1
1941 5793 1
1941 4640 1
1941 2807 0
1941 5869 1
1941 6854 1
1941 6721 0
1941 1361 1
1941 5291 0
1941 6668 0
1941 3206 0
1941 5148 1
1941 3995 0
1941 1395 0
1941 5905 0
1941 528 1
1941 407 0
1942 4047 1
1942 3694 1
1942 563 0
1942 6737 0
1942 6655 0
1942 2865 1
1942 5644 0
1942 916 1
1942 1861 0
1942 559 1
1942 3972 1
1942 3401 1
1942 3802 1
1943 4930 1
1943 2337 0
1943 2040 1
1943 1731 1
1943 3466 1
1943 1821 1
1943 6434 1
1943 3008 1
1943 4819 0
1943 6253 1
1943 4548 1
1943 6458 1
1943 5514 0
1943 6401 0
1943 4641 0
1943 5616 0
1943 59 0
1943 6199 0
1943 5927 0
1943 2786 0
1943 4129 0
1943 6473 0
1943 6457 0
1943 3006 0
1943 6238 0
1943 5318 0
1943 3484 1
1943 4290 0
1944 2836 1
1944 696 1
1944 1359 1
1944 1134 1
1944 1481 1
1944 5085 1
1944 6503 0
1944 3489 1
1944 5439 0
1944 340 0
1944 2092 0
1944 868 0
1944 6962 0
1944 4972 0
1944 3757 0
1944 6662 0
1945 5018 0
1945 5279 0
1945 6343 1
1945 787 1
1945 3998 1
1945 5718 1
1945 5994 1
1945 6689 0
1945 2461 0
1945 1699 0
1945 3889 1
1945 440 1
1945 3896 1
1945 710 1
1945 4386 0
1945 6273 1
1945 1288 1
1945 2616 1
1945 6109 1
1945 4937 1
1945 3891 1
1945 4118 0
1945 2810 1
1945 2808 1
1945 109 0
1945 4949 1
1945 5134 1
1945 2462 1
1945 2598 1
1945 6117 1
1945 150 0
1946 2895 1
1946 6083 0
1946 5613 0
1946 1730 1
1946 2347 1
1946 4963 0
1946 2371 0
1946 6374 1
1946 2067 1
1946 3562 1
1946 6488 1
1946 5159 1
1946 3808 0
1946 6022 0
1946 4154 1
1947 3391 1
1947 6401 1
1947 6163 1
1947 4641 1
1947 6856 0
1947 5332 0
1947 1644 0
1947 2961 0
1947 4573 0
1947 2599 0
1947 5403 0
1947 2162 0
1947 2329 1
1947 5054 1
1947 4284 1
1947 2094 1
1947 2932 1
1947 2163 1
1947 6631 1
1947 3264 1
1947 6951 0
1947 3149 0
1947 3058 1
1947 2164 0
1947 750 0
1947 4646 0
1948 1290 1
1948 2150 1
1948 2858 1
1948 4908 1
1948 6317 1
1948 5088 1
1948 6454 0
1948 6461 0
1948 458 0
1948 289 0
1948 3678 0
1948 4813 0
1948 3031 0
1948 2274 1
1948 4417 0
1948 1639 0
1948 3228 0
1948 999 0
1948 5083 1
1948 1259 0
1948 1028 1
1948 3444 0
1948 4948 1
1948 1483 1
1948 3149 0
1948 1279 0
1948 1169 0
1948 4174 1
1948 4974 1
1948 1026 1
1948 3234 0
1948 3293 1
1948 4676 1
1948 2262 1
1949 2491 0
1949 6575 1
1949 2426 1
1949 2425 1
1949 2970 0
1949 2974 0
1949 2973 0
1949 4811 0
1949 5329 0
1949 3970 0
1949 2048 0
1949 3075 0
1949 3748 0
1949 5111 0
1949 3686 0
1949 5512 0
1949 5625 0
1949 5379 0
1949 4905 0
1949 2812 0
1949 5263 0
1949 2415 0
1950 468 1
1950 5535 1
1950 5377 1
1950 1290 1
1950 1279 1
1950 4173 1
1950 2018 1
1950 1608 1
1950 4789 1
1950 1169 1
1950 2274 1
1950 5008 1
1950 3225 1
1950 1366 1
1950 478 1
1950 4417 1
1950 2741 1
1950 3534 1
1950 4994 1
1950 3399 1
1950 1170 1
1950 6296 1
1950 294 1
1950 1032 1
1950 993 0
1950 554 0
1950 1398 1
1950 1861 1
1950 2835 1
1950 2693 1
1950 4176 0
1950 2236 1
1950 3873 1
1950 1368 1
1951 5391 1
1951 1679 0
1951 4761 1
1951 5902 0
1951 5827 0
1951 5826 0
1951 5830 0
1951 6137 0
1951 5958 0
1951 666 0
1951 72 0
1952 3806 1
1952 1201 1
1952 1199 1
1952 2532 1
1952 3776 0
1952 161 0
1952 4951 1
1952 1738 1
1952 3509 1
1952 2667 1
1952 6949 1
1952 1686 1
1952 2590 1
1953 6026 1
1953 3696 1
1953 6655 1
1953 2688 0
1953 2931 1
1953 954 0
1953 4105 1
1953 774 0
1953 3234 0
1953 5539 0
1953 6742 0
1953 558 1
1953 2799 1
1953 5842 1
1953 5751 0
1953 3681 1
1953 1646 1
1953 2567 0
1953 6023 1
1953 1703 1
1953 6427 1
1953 4964 1
1953 5017 1
1953 2232 1
1953 3419 0
1954 2854 1
1954 5291 0
1954 809 0
1954 6943 0
1954 6637 0
1954 3467 0
1954 2695 0
1954 5723 0
1954 3162 0
1954 3374 1
1954 5542 1
1954 3649 1
1954 6436 1
1954 474 1
1954 3606 1
1955 2345 0
1955 1943 0
1955 731 1
1955 6885 1
1955 700 0
1955 378 0
1955 5578 0
1955 135 0
1955 2265 1
1955 5696 0
1955 6573 0
1955 1701 0
1955 6775 0
1955 6065 0
1956 2869 1
1956 1535 1
1956 6278 1
1956 3055 1
1956 1975 1
1956 585 1
1956 5912 1
1956 6762 1
1956 2363 1
1956 1619 1
1956 4041 1
1956 422 1
1956 6657 1
1956 6091 1
1956 5428 1
1956 1046 1
1957 2869 1
1957 1535 1
1957 6278 1
1957 3055 1
1957 1975 1
1957 585 1
1957 5912 1
1957 6762 1
1957 2363 1
1957 1619 1
1957 4041 1
1957 422 1
1957 6657 1
1957 6091 1
1957 5428 1
1957 1046 1
1958 2594 0
1958 6591 0
1958 2724 0
1958 950 0
1958 6885 0
1958 6575 0
1958 2525 0
1958 2782 0
1958 4740 1
1958 1960 0
1958 5516 0
1958 6898 0
1958 1522 0
1958 4136 0
1958 958 0
1958 80 0
1959 574 0
1959 6409 0
1959 4015 0
1959 4163 0
1959 5301 0
1959 5090 1
1959 685 0
1959 5086 1
1959 1512 1
1959 6533 1
1959 5906 0
1959 1072 0
1959 2010 0
1960 6844 1
1960 4873 1
1960 2671 1
1960 3558 1
1960 3656 1
1960 2841 1
1960 5291 0
1960 2114 0
1960 6939 0
1960 1149 0
1960 1637 0
1961 4294 1
1961 2594 0
1961 6591 0
1961 950 0
1961 6885 0
1961 6575 0
1961 2782 0
1961 5091 0
1961 1960 0
1961 2427 0
1961 5516 0
1961 6297 0
1961 3361 0
1961 6898 0
1961 1633 0
1961 4300 0
1962 750 1
1962 6696 1
1962 4849 1
1962 6571 1
1962 6740 1
1962 2603 1
1962 3619 1
1962 3816 1
1962 3436 1
1962 934 1
1963 3919 1
1963 4112 1
1963 314 1
1963 5061 1
1963 6658 1
1963 1350 1
1963 3166 1
1963 6324 1
1963 822 1
1963 3344 1
1964 2178 1
1964 4263 1
1964 2193 1
1964 2200 1
1964 6835 1
1964 4029 1
1964 2440 1
1964 3684 1
1964 5491 0
1964 3798 1
1965 2261 1
1965 3141 1
1965 6221 1
1965 1699 1
1965 6667 1
1965 3422 1
1965 5066 1
1965 4950 1
1965 5759 1
1965 3365 1
1966 6290 1
1966 1323 1
1966 1531 1
1966 6429 1
1966 4007 1
1966 2480 1
1966 6914 1
1966 4577 0
1966 2393 1
1966 1454 0
1967 1515 1
1967 6915 1
1967 4455 1
1967 2396 1
1967 4384 1
1967 1874 0
1967 2484 1
1967 330 0
1967 4099 0
1967 2477 0
1968 6667 1
1968 6221 1
1968 3141 1
1968 6664 1
1968 3365 1
1968 4706 1
1968 6816 1
1968 1633 0
1968 4300 0
1968 6449 0
1968 4276 1
1968 2907 0
1969 224 0
1969 155 1
1969 5430 1
1969 3568 1
1969 5366 1
1969 6625 1
1969 1869 1
1969 5205 1
1969 3314 1
1969 3994 1
1969 3099 1
1969 904 1
1969 3347 1
1969 6093 1
1969 6788 1
1969 6821 1
1969 5240 1
1969 2811 1
1969 4381 1
1969 600 1
1969 425 1
1969 4167 1
1969 1704 1
1969 5596 1
1969 4055 1
1970 2374 0
1970 5176 1
1970 2842 1
1970 3037 1
1970 6761 1
1970 812 1
1970 4320 1
1970 5982 1
1970 6779 1
1970 6781 1
1970 5850 0
1971 2053 0
1971 3779 1
1971 3766 1
1971 3342 0
1971 2421 0
1971 6594 0
1971 3347 0
1971 4919 0
1971 579 0
1971 4486 0
1971 6097 0
1971 6486 0
1971 1728 0
1971 3493 0
1971 6282 0
1971 4724 0
1971 5897 0
1971 3522 0
1972 1855 1
1972 1386 1
1972 5798 1
1972 4453 1
1972 1934 1
1972 4422 1
1972 4656 1
1972 5624 1
1972 5472 1
1972 2999 1
1972 2684 1
1972 5164 1
1972 3531 1
1972 3195 1
1972 4778 1
1973 3404 0
1973 4033 1
1973 1200 1
1973 3462 1
1973 4289 1
1973 2342 1
1973 4228 1
1973 2888 1
1973 3067 1
1973 4328 1
1973 131 1
1973 26 1
1973 6475 1
1973 4125 1
1973 4971 1
1973 5557 1
1973 3063 1
1973 4512 1
1973 2717 1
1973 3904 0
1974 2321 1
1974 4558 1
1974 98 1
1974 1480 1
1974 762 1
1974 2327 1
1974 1717 0
1974 2328 0
1974 3608 1
1974 342 1
1974 6946 1
1974 1085 1
1975 2487 1
1975 5039 1
1975 4755 1
1975 4756 1
1975 6183 1
1975 3324 1
1975 6563 1
1975 6669 1
1975 627 1
1975 6851 1
1975 3229 1
1975 5324 1
1975 6549 1
1975 2823 1
1975 2266 1
1975 506 1
1975 5030 1
1975 2861 1
1975 2445 1
1975 5563 1
1975 2491 0
1975 6706 1
1975 3214 1
1976 3982 1
1976 5470 1
1976 2346 1
1976 2349 1
1976 2337 0
1976 2786 1
1976 3671 1
1976 3341 1
1976 6083 1
1976 556 0
1976 6199 0
1976 2960 1
1976 4297 1
1976 1934 0
1977 4782 1
1977 6878 1
1977 2236 1
1977 4176 1
1977 3731 1
1977 3410 1
1977 2914 1
1977 5237 1
1977 5220 1
1977 4986 1
1977 4456 1
1977 999 1
1977 2691 1
1978 5605 1
1978 6851 0
1978 3229 0
1978 5324 0
1978 2469 0
1978 4760 0
1978 627 0
1978 6777 0
1978 603 0
1978 3858 0
1978 1672 0
1978 2627 1
1978 5258 1
1978 1157 1
1979 2033 0
1979 2067 1
1979 6374 1
1979 6488 1
1979 3562 1
1979 1730 1
1979 2345 1
1979 4892 1
1979 5277 1
1979 6797 1
1979 327 1
1979 5580 1
1979 2062 1
1979 6492 1
1979 6005 0
1979 5613 0
1980 6851 1
1980 3229 1
1980 5324 1
1980 2469 1
1980 4760 1
1980 1672 1
1980 603 1
1980 3858 1
1980 627 1
1980 6777 1
1980 6183 1
1980 6563 1
1980 6669 1
1980 3324 1
1981 1714 1
1981 1610 1
1981 4024 1
1981 4727 1
1981 6369 1
1981 197 1
1981 2443 1
1981 2263 1
1981 339 1
1981 368 0
1981 766 1
1982 4600 1
1982 4601 1
1982 4895 1
1982 529 1
1982 2431 1
1982 697 1
1982 1756 1
1982 689 1
1982 4785 1
1982 6181 1
1982 5496 1
1983 529 1
1983 4785 1
1983 3185 1
1983 3500 1
1983 5957 1
1983 1493 1
1983 6644 1
1983 946 1
1983 4189 1
1983 2062 1
1984 1127 1
1984 4060 1
1984 611 1
1984 5411 1
1984 2828 1
1984 1410 1
1984 2414 1
1984 3417 1
1984 4313 1
1984 309 1
1985 6070 1
1985 3999 1
1985 5244 1
1985 3524 1
1985 3465 1
1985 6420 1
1985 3329 1
1985 4226 1
1985 4640 1
1985 6854 1
1986 1629 1
1986 6477 1
1986 2783 1
1986 772 1
1986 4305 1
1986 4818 1
1986 773 1
1986 4770 1
1986 218 1
1986 120 1
1987 2424 0
1987 2033 0
1987 3561 0
1987 1992 1
1987 6942 0
1987 5331 1
1987 6106 0
1987 2905 1
1987 378 0
1987 4275 1
1987 542 1
1987 5538 1
1987 3483 1
1988 607 1
1988 3180 1
1988 5768 1
1988 1785 1
1988 3959 1
1988 4014 1
1988 2466 1
1988 474 1
1988 5694 1
1988 5488 1
1988 2358 1
1988 2677 1
1989 1031 1
1989 6828 1
1989 6120 1
1989 1838 1
1989 2886 1
1989 3126 1
1989 6383 1
1989 6867 1
1989 1491 1
1989 6307 1
1989 212 1
1989 638 1
1989 586 1
1989 2372 1
1989 5345 1
1989 3796 1
1989 5750 1
1989 5441 1
1990 1031 1
1990 6828 1
1990 6120 1
1990 1838 1
1990 2886 1
1990 3126 1
1990 6383 1
1990 6867 1
1990 1491 1
1990 6307 1
1990 212 1
1990 638 1
1990 586 1
1990 2372 1
1990 5345 1
1990 3796 1
1990 5750 1
1990 5441 1
1991 1840 1
1991 2297 1
1991 6939 1
1991 397 1
1991 801 1
1991 3676 1
1991 1915 1
1991 13 1
1991 2377 1
1991 3832 0
1991 3867 0
1992 6940 1
1992 2310 1
1992 6885 0
1992 3737 1
1992 5899 1
1992 4957 1
1992 4853 0
1992 2373 0
1992 3734 1
1992 435 1
1992 3332 1
1992 519 1
1992 5348 0
1992 6860 1
1992 2545 1
1992 3386 1
1993 5581 1
1993 684 1
1993 1471 1
1993 5669 1
1993 3241 1
1993 144 1
1993 4445 1
1993 296 1
1993 1447 1
1993 917 0
1993 5585 0
1993 3726 0
1994 4386 1
1994 3896 1
1994 5802 1
1994 658 1
1994 747 1
1994 6881 1
1994 3832 1
1994 5134 1
1994 2001 1
1994 4780 1
1994 3099 1
1994 2591 1
1994 3994 1
1994 5366 1
1994 155 1
1994 6625 1
1994 3568 1
1994 5430 1
1994 1869 1
1994 3633 1
1994 6279 1
1994 904 1
1994 6093 1
1994 3347 1
1994 732 1
1994 385 1
1994 800 1
1994 5494 1
1994 2134 1
1994 6780 1
1994 4344 1
1994 368 1
1994 1691 0
1994 754 1
1994 4118 1
1994 1931 0
1994 5021 1
1994 2616 1
1994 6109 1
1995 6070 1
1995 5327 1
1995 3999 0
1995 6011 0
1995 5244 1
1995 6143 1
1995 6930 1
1995 3524 0
1995 2215 1
1995 3465 1
1995 5875 1
1995 6420 1
1995 1089 1
1995 3953 1
1995 3548 1
1995 5860 0
1995 2337 1
1995 2429 1
1995 2349 1
1995 5879 0
1995 5793 0
1996 3916 1
1996 6614 1
1996 4160 1
1996 5387 1
1996 3621 1
1996 6876 1
1996 2515 1
1996 5060 1
1996 1527 1
1996 5630 1
1996 1073 1
1996 3441 1
1997 1915 1
1997 1840 1
1997 1724 1
1997 6943 1
1997 3618 1
1997 5283 1
1997 397 1
1997 3098 1
1997 5755 1
1997 4923 1
1997 1172 1
1997 3248 1
1997 1926 1
1998 3347 1
1998 155 1
1998 5021 1
1998 1707 1
1998 3233 1
1998 1923 1
1998 747 1
1998 3206 1
1998 4386 1
1998 2001 1
1998 224 1
1999 468 1
1999 5535 1
1999 1290 1
1999 1279 1
1999 2018 1
1999 4173 1
1999 3873 1
1999 1608 1
1999 1169 1
1999 1368 1
1999 5008 1
1999 3225 1
1999 2741 1
1999 3534 1
1999 4994 1
1999 1032 1
1999 1861 1
1999 2835 1
1999 1069 1
1999 2693 1
1999 4176 1
1999 3014 1
1999 2619 1
2000 1885 1
2000 644 1
2000 6224 1
2000 1124 1
2000 6908 1
2000 353 1
2000 4361 1
2000 119 1
2000 4714 1
2000 2475 1
2001 3916 1
2001 2510 1
2001 3666 1
2001 6141 1
2001 5051 1
2001 2515 1
2001 5060 1
2001 4960 1
2001 1644 0
2001 5332 0
2001 4573 0
2001 2599 0
2001 5403 0
2001 750 0
2001 6696 0
2001 4646 0
2001 2314 0
2001 6352 0
2001 1613 0
2001 3391 0
2002 4816 1
2002 195 1
2002 837 1
2002 2737 1
2002 2560 1
2002 2683 1
2002 3776 1
2002 4803 1
2002 2555 1
2002 3719 1
2003 837 1
2003 4267 1
2003 6113 1
2003 3708 1
2003 5846 1
2003 2862 1
2003 4792 1
2003 2940 1
2003 817 1
2003 211 1
2003 5162 1
2003 6673 1
2003 3757 1
2003 4972 1
2003 1546 1
2003 2719 1
2003 2718 1
2003 6685 1
2003 1127 1
2003 1361 0
2003 5575 0
2003 4043 1
2004 5356 0
2004 6450 1
2004 1255 1
2004 4978 1
2004 3740 1
2004 6109 1
2004 904 0
2004 3994 0
2004 6265 1
2004 1923 0
2004 6788 1
2004 6117 0
2004 3206 0
2004 6881 1
2005 4963 0
2005 2897 1
2005 6314 1
2005 3443 1
2005 6931 1
2005 2895 1
2005 5613 1
2005 3564 1
2005 6756 1
2005 1992 1
2005 5159 1
2005 3508 1
2005 3675 1
2005 2937 1
2005 4592 1
2005 3506 1
2005 3504 1
2005 5586 1
2005 1851 1
2005 5597 1
2005 3679 1
2005 1730 1
2006 1937 1
2006 4019 0
2006 1714 1
2006 1610 1
2006 4024 0
2006 5967 1
2006 6792 1
2006 1616 1
2006 101 1
2006 6356 1
2006 4960 0
2006 3326 1
2006 2285 1
2006 6857 1
2006 6843 0
2006 3507 1
2007 5341 1
2007 3321 1
2007 6414 1
2007 597 1
2007 2331 1
2007 5043 1
2007 6164 1
2007 4051 0
2007 6699 1
2007 93 0
2007 632 1
2008 3925 1
2008 6310 0
2008 891 1
2008 2964 1
2008 1895 1
2008 1259 1
2008 5083 1
2008 1028 1
2008 3444 1
2008 5458 0
2008 2934 0
2008 848 0
2008 3356 0
2008 6159 0
2008 2262 0
2009 1794 1
2009 1793 1
2009 3588 1
2009 3587 1
2009 3584 1
2009 3586 1
2009 3605 1
2009 3598 1
2009 3591 1
2009 3590 1
2009 3592 1
2009 1978 1
2009 5341 1
2009 3134 1
2009 631 1
2009 2872 1
2009 4260 1
2009 1359 1
2009 4598 1
2010 1794 1
2010 1793 1
2010 3588 1
2010 3587 1
2010 3584 1
2010 3586 1
2010 3605 1
2010 3598 1
2010 3591 1
2010 3590 1
2010 3592 1
2010 1978 1
2010 5341 1
2010 3134 1
2010 631 1
2010 2872 1
2010 4260 1
2010 1359 1
2010 4598 1
2011 2447 1
2011 2437 1
2011 2426 0
2011 6146 1
2011 1767 1
2011 6854 1
2011 6153 1
2011 3373 1
2011 4775 1
2011 6805 1
2011 1373 1
2011 4802 1
2011 5143 1
2011 3792 0
2011 6892 0
2011 468 1
2011 6176 1
2011 2551 1
2011 3402 1
2012 1676 1
2012 5793 1
2012 1080 1
2012 5180 1
2012 4185 1
2012 2829 1
2012 1743 1
2012 5434 1
2012 5879 1
2012 3771 1
2012 650 1
2012 1320 1
2012 4429 1
2013 3533 1
2013 3585 0
2013 3604 0
2013 3933 0
2013 4280 1
2013 383 1
2013 1920 0
2013 1747 0
2013 4986 0
2013 99 0
2013 4899 0
2014 5277 1
2014 752 0
2014 2696 1
2014 3153 0
2014 3294 0
2014 4753 0
2014 1066 0
2014 2876 0
2014 4943 0
2014 3587 0
2014 4693 1
2015 236 1
2015 1113 1
2015 2054 1
2015 275 1
2015 2053 1
2015 4222 1
2015 6235 1
2015 949 1
2015 4133 1
2015 1949 1
2015 2419 1
2015 4690 1
2015 952 1
2015 1115 1
2015 950 1
2016 615 1
2016 1819 1
2016 4926 1
2016 1804 1
2016 6145 1
2016 1643 1
2016 815 1
2016 986 1
2016 3279 1
2016 2798 1
2016 743 1
2017 4337 1
2017 3615 1
2017 5309 1
2017 4081 1
2017 4122 1
2017 3837 1
2017 3591 1
2017 3592 1
2017 3590 1
2017 3617 0
2017 6932 1
2017 1752 1
2017 5277 1
2017 5900 1
2017 752 1
2018 946 1
2018 4788 1
2018 536 1
2018 2242 1
2018 6976 1
2018 4124 1
2018 6860 1
2018 6182 1
2018 538 1
2018 1799 1
2018 629 1
2018 547 1
2018 2353 1
2018 4219 1
2018 5799 1
2018 5957 1
2018 3201 1
2018 2351 1
2018 1493 1
2018 5664 1
2018 2546 1
2019 6176 1
2019 2824 1
2019 1498 1
2019 790 1
2019 2863 1
2019 3707 1
2019 5867 1
2019 4746 1
2019 6244 1
2019 1943 1
2019 6771 1
2020 1030 1
2020 4789 1
2020 3873 1
2020 1279 1
2020 1698 1
2020 1608 1
2020 5186 1
2020 3541 1
2020 1621 1
2020 1265 1
2020 4999 1
2020 4782 1
2020 2236 1
2020 6878 1
2020 4176 1
2020 3731 1
2021 904 1
2021 3347 1
2021 754 1
2021 4118 1
2021 3994 1
2021 3099 1
2021 1931 1
2021 5021 1
2021 2616 1
2021 6109 1
2021 1707 1
2021 6881 1
2021 3233 1
2021 1923 1
2022 1031 1
2022 1838 1
2022 638 1
2022 4242 1
2022 6383 1
2022 2886 1
2022 6867 1
2022 586 1
2022 2372 1
2022 3796 1
2022 5750 1
2023 1915 1
2023 13 1
2023 5323 1
2023 6050 1
2023 1840 1
2023 5509 1
2023 3525 1
2023 5853 1
2023 6866 1
2023 4710 1
2023 5127 1
2023 6774 1
2023 1724 1
2023 4911 1
2023 809 1
2023 5291 1
2023 6943 1
2024 1679 1
2024 5391 0
2024 4761 0
2024 5902 0
2024 5827 1
2024 5826 1
2024 6137 1
2024 5830 1
2024 666 1
2024 72 1
2024 547 1
2024 5958 1
2024 2221 1
2024 2515 1
2024 5620 1
2024 4338 1
2024 5625 1
2024 781 1
2024 4747 1
2025 2336 1
2025 3037 0
2025 2259 0
2025 2590 0
2025 2667 0
2025 6949 0
2025 2308 0
2025 565 0
2025 6380 0
2025 3806 0
2025 1738 0
2025 3776 0
2025 2712 0
2025 2300 0
2025 1104 0
2025 5025 0
2025 1199 0
2025 1201 0
2025 264 0
2025 2532 0
2025 5483 0
2026 3936 1
2026 6686 1
2026 6839 1
2026 3932 1
2026 6369 1
2026 4727 1
2026 233 1
2026 3934 1
2026 2704 1
2026 1488 0
2026 4232 0
2026 3125 0
2026 4306 0
2027 1738 1
2027 4292 1
2027 4995 1
2027 6047 1
2027 3524 1
2027 5896 1
2027 2215 1
2027 1320 1
2027 2225 1
2027 5257 1
2027 2040 1
2027 3034 1
2027 4793 1
2027 1731 1
2027 6896 1
2027 6405 1
2027 6505 1
2027 2349 1
2027 3999 1
2027 3502 1
2027 2337 1
2027 3672 1
2027 6171 1
2027 1947 1
2027 4451 1
2027 5325 1
2027 6322 1
2027 5616 1
2027 885 1
2027 6517 1
2027 5860 1
2027 2218 1
2027 3375 1
2027 6473 1
2027 6444 1
2027 3775 1
2028 6390 1
2028 22 1
2028 4709 1
2028 4442 0
2028 323 0
2028 2182 0
2028 4195 0
2028 1185 0
2028 23 1
2028 5359 0
2029 2336 1
2029 3037 0
2029 2259 0
2029 2590 0
2029 2667 0
2029 6949 0
2029 2308 0
2029 565 0
2029 6380 0
2029 3806 0
2029 1738 0
2029 3776 0
2029 2712 0
2029 2300 0
2029 1104 0
2029 5025 0
2029 1199 0
2029 1201 0
2029 264 0
2029 2532 0
2029 5483 0
2030 3940 1
2030 3450 1
2030 4919 1
2030 579 1
2030 4486 1
2030 6097 1
2030 6486 1
2030 1458 1
2030 1159 1
2030 5565 1
2030 5406 1
2030 3540 1
2030 4472 1
2030 5245 1
2030 2585 1
2030 3145 1
2031 6901 1
2031 1892 1
2031 1271 1
2031 2889 1
2031 2356 1
2031 2505 1
2031 354 1
2031 2512 1
2031 6902 1
2031 1342 1
2031 361 1
2031 2496 1
2031 2485 1
2031 2498 1
2031 2486 1
2031 2509 1
2031 2717 1
2031 2354 1
2031 2492 1
2031 2494 1
2031 360 1
2031 6913 1
2031 355 1
2031 2477 1
2031 117 1
2031 2482 1
2031 2470 1
2031 2480 1
2032 2062 1
2032 6617 1
2032 2347 1
2032 2033 0
2032 2067 1
2032 6374 1
2032 6488 1
2032 3562 1
2032 1730 1
2032 2345 1
2032 5277 0
2032 4963 0
2032 3976 1
2032 6797 1
2032 2758 1
2032 5717 1
2032 6931 1
2032 3271 1
2032 3875 1
2032 6301 1
2032 3443 1
2032 996 1
2033 2301 1
2033 3344 1
2033 1139 1
2033 2452 1
2033 3847 1
2033 2169 1
2033 4707 1
2033 3854 1
2033 6827 1
2033 3928 1
2033 1264 1
2033 1719 1
2033 1261 1
2033 1262 1
2034 2303 1
2034 3629 1
2034 4998 1
2034 1349 1
2034 4736 1
2034 4737 1
2034 5239 1
2034 4940 1
2034 3744 1
2034 6841 1
2034 2991 1
2034 2993 1
2034 2898 1
2034 2925 1
2035 5942 1
2035 5167 1
2035 2451 1
2035 4703 1
2035 6196 1
2035 5936 1
2035 346 1
2035 1393 1
2035 2071 0
2035 6686 0
2035 3936 0
2035 5172 0
2036 3255 1
2036 4304 1
2036 2203 1
2036 1867 1
2036 3829 1
2036 1752 1
2036 3245 1
2036 4632 0
2036 5000 1
2036 4686 1
2036 2278 0
2037 3900 1
2037 1952 1
2037 3220 1
2037 2221 1
2037 3375 1
2037 2220 0
2037 18 0
2037 15 0
2037 17 0
2037 16 0
2037 14 0
2037 1059 0
2037 3371 0
2037 3337 0
2037 6830 0
2038 1710 1
2038 1526 1
2038 5378 1
2038 3125 1
2038 6072 0
2038 958 0
2038 3250 0
2038 1433 0
2038 1488 1
2038 4000 1
2038 3467 1
2038 2071 1
2038 13 1
2038 5390 1
2038 2943 0
2038 1432 1
2038 5167 0
2039 13 1
2039 5323 1
2039 6050 1
2039 1840 1
2039 5509 1
2039 3525 1
2039 5853 1
2039 6866 1
2039 4710 1
2039 5127 1
2040 6031 1
2040 2725 1
2040 3684 0
2040 6168 1
2040 5453 0
2040 5891 1
2040 6381 0
2040 5501 0
2040 4398 0
2040 4358 1
2040 556 1
2040 5545 0
2040 4404 0
2040 1519 0
2040 5585 0
2040 4419 0
2040 691 0
2040 2772 0
2041 1678 1
2041 6409 1
2041 5742 0
2041 3389 0
2041 6546 0
2041 5875 0
2041 6402 1
2041 2782 0
2041 1671 1
2041 545 0
2041 1383 1
2041 6400 0
2041 3938 1
2041 2337 0
2041 3204 0
2041 4116 0
2041 384 0
2041 2985 0
2041 5402 0
2041 605 1
2042 1915 1
2042 5323 1
2042 5283 1
2042 5291 1
2042 397 1
2042 5755 1
2042 3098 1
2042 4923 1
2042 4978 1
2042 5356 1
2043 2030 1
2043 2706 1
2043 6332 1
2043 1616 1
2043 5959 1
2043 101 1
2043 1972 1
2043 102 1
2043 6843 1
2043 2305 1
2043 4422 1
2043 6355 1
2043 368 0
2044 973 1
2044 1074 1
2044 3744 0
2044 650 1
2044 3649 1
2044 475 1
2044 6951 1
2044 3628 0
2044 4352 0
2044 1743 0
2044 4073 0
2044 676 0
2044 5435 0
2044 4636 0
2044 5838 0
2044 5839 0
2044 1946 0
2044 5298 0
2044 6958 1
2044 3538 1
2044 6446 1
2044 3718 1
2044 1675 1
2044 3771 1
2044 4630 1
2044 748 1
2044 5080 1
2044 2898 0
2044 2031 1
2044 4052 1
2044 55 0
2044 5619 0
2044 5046 0
2045 2337 0
2045 6458 0
2045 1956 1
2045 2554 1
2045 6767 1
2045 556 0
2045 840 1
2045 1352 0
2045 6083 0
2045 76 1
2045 3010 1
2045 2727 1
2046 1080 1
2046 2167 1
2046 2489 1
2046 2692 1
2046 5451 1
2046 6286 1
2046 4132 1
2046 2496 1
2046 5467 0
2046 3009 0
2046 310 0
2046 2879 1
2046 5766 1
2047 645 1
2047 2087 1
2047 5282 1
2047 1356 0
2047 4837 1
2047 1644 0
2047 5150 0
2047 1381 1
2047 686 1
2047 214 1
2047 1833 1
2047 5471 1
2047 1568 1
2047 4646 0
2048 1950 1
2048 5091 1
2048 1201 1
2048 1199 1
2048 1195 1
2048 2926 0
2048 2532 1
2048 5199 0
2048 1738 1
2048 3509 1
2048 5077 0
2048 6949 1
2048 2667 0
2048 2590 0
2049 6378 1
2049 4072 1
2049 3199 1
2049 3072 1
2049 1247 0
2049 5096 0
2049 831 1
2049 1870 1
2049 1844 1
2049 3551 0
2049 3298 0
2049 5688 0
2049 1157 0
2049 5933 0
2049 6541 0
2049 4478 0
2049 2627 0
2049 18 0
2049 15 0
2049 17 0
2049 16 0
2050 2813 1
2050 5093 1
2050 3377 1
2050 5084 1
2050 4465 1
2050 618 0
2050 4884 1
2050 2107 1
2050 3269 1
2050 5499 1
2050 5682 1
2050 863 1
2050 4912 1
2050 2671 1
2050 6846 1
2050 2005 1
2050 6060 1
2050 6874 1
2050 446 1
2050 1713 1
2050 976 1
2050 5996 1
2051 4875 1
2051 1125 1
2051 6548 1
2051 4909 1
2051 5094 1
2051 3100 1
2051 1726 1
2051 1884 1
2051 2547 1
2051 967 0
2052 2158 1
2052 2337 1
2052 3204 1
2052 6420 1
2052 1089 1
2052 3048 1
2052 5901 1
2052 4219 1
2052 6057 1
2052 789 1
2052 1567 1
2052 4316 0
2052 1837 0
2052 6011 0
2052 2215 0
2052 5244 0
2052 5746 0
2053 1915 1
2053 13 1
2053 6774 0
2053 5127 0
2053 4710 1
2053 6866 1
2053 5853 1
2053 3525 0
2053 5509 1
2053 1840 1
2053 6050 1
2053 5323 1
2054 1354 0
2054 6617 0
2054 4253 0
2054 560 0
2054 5109 0
2054 4643 0
2054 6370 0
2054 384 0
2054 2985 0
2054 6701 0
2055 762 1
2055 2969 0
2055 889 0
2055 884 0
2055 5367 0
2055 1960 0
2055 3642 0
2055 5006 0
2055 6839 0
2055 2966 0
2055 3467 0
2056 2612 1
2056 5850 0
2056 2374 0
2056 2041 1
2056 2568 1
2056 3021 0
2056 6550 0
2056 436 0
2056 5356 1
2056 368 1
2056 654 1
2057 2612 1
2057 5850 0
2057 2374 0
2057 2041 1
2057 2568 1
2057 3021 0
2057 6550 0
2057 436 0
2057 5356 1
2057 368 1
2057 654 1
2058 2153 0
2058 13 1
2058 3315 1
2058 4377 1
2058 5509 1
2058 3784 1
2058 3525 1
2058 5853 1
2058 5390 1
2058 5114 1
2058 6117 0
2058 3206 0
2058 2951 0
2058 959 1
2058 6962 1
2058 5291 1
2058 3359 0
2058 5742 1
2058 155 0
2058 1754 1
2058 6555 0
2058 1320 0
2058 2325 1
2059 5675 1
2059 3709 1
2059 2950 1
2059 2801 1
2059 6926 1
2059 2670 1
2059 5889 1
2059 2597 1
2059 6449 1
2059 3718 1
2059 2948 1
2059 4990 0
2059 4919 1
2059 579 1
2059 4486 1
2059 6486 1
2059 6097 1
2060 2964 0
2060 6047 0
2060 6410 1
2060 1873 0
2060 3569 1
2060 2797 1
2060 5325 0
2060 6856 0
2060 3524 0
2060 2158 0
2060 3812 0
2061 4365 1
2061 3651 1
2061 211 1
2061 3861 1
2061 3221 1
2061 5921 1
2061 4678 1
2061 5141 1
2061 2053 1
2061 1496 1
2061 2326 0
2061 209 1
2062 951 1
2062 2553 0
2062 1104 0
2062 1201 0
2062 1199 0
2062 1738 1
2062 3509 1
2062 6380 1
2062 2300 0
2062 2590 1
2062 6949 0
2062 3806 1
2063 904 1
2063 3347 1
2063 3994 1
2063 5021 1
2063 4118 1
2063 1707 1
2063 6265 1
2063 3233 1
2063 1923 1
2063 4196 1
2063 191 1
2063 747 1
2063 3867 1
2063 2599 1
2064 904 1
2064 3347 1
2064 3994 1
2064 5021 1
2064 4118 1
2064 1707 1
2064 6265 1
2064 3233 1
2064 1923 1
2064 4196 1
2064 191 1
2064 747 1
2064 3867 1
2064 2599 1
2065 3758 1
2065 6503 1
2065 5154 1
2065 99 1
2065 1085 1
2065 339 1
2065 2321 1
2065 366 1
2065 4558 1
2065 3611 1
2065 4559 1
2065 5167 0
2065 367 1
2065 1716 1
2065 1744 0
2065 5785 1
2065 766 1
2065 3609 1
2066 1206 1
2066 735 1
2066 3718 1
2066 3497 1
2066 663 0
2066 1686 0
2066 6949 0
2066 848 0
2066 5678 0
2066 1678 0
2066 1582 0
2066 4333 0
2067 3890 0
2067 1977 1
2067 2192 0
2067 809 0
2067 4992 0
2067 6851 0
2067 3229 0
2067 5324 0
2067 2469 0
2067 4760 0
2067 627 0
2067 6777 0
2067 603 0
2067 3858 0
2068 943 1
2068 6666 1
2068 126 1
2068 268 1
2068 971 0
2068 3019 0
2068 707 1
2068 211 1
2068 4726 1
2068 3221 1
2069 3141 0
2069 1699 0
2069 2261 0
2069 6221 0
2069 6667 0
2069 2487 1
2069 5039 0
2069 2887 1
2069 1882 0
2069 2473 0
2069 6076 0
2069 4755 0
2069 4756 0
2069 6563 0
2069 6183 0
2069 3324 0
2069 6669 0
2069 4462 0
2069 627 0
2069 6851 0
2069 3229 0
2069 5324 0
2069 2469 0
2069 4760 0
2069 1672 0
2069 603 0
2069 4950 0
2069 5066 0
2069 2823 0
2069 5941 0
2069 602 0
2069 6406 0
2069 5946 0
2069 3422 0
2069 5495 0
2069 434 0
2069 3365 0
2069 6549 0
2070 2067 1
2070 2033 1
2070 6374 1
2070 6488 1
2070 2345 1
2070 1730 1
2070 4963 0
2070 2034 1
2070 6797 1
2070 2758 1
2070 5717 1
2070 6931 1
2070 3271 1
2071 943 1
2071 707 1
2071 6666 1
2071 126 1
2071 3019 0
2071 2445 0
2071 5642 1
2071 4321 0
2071 6015 0
2071 1716 1
2071 6508 0
2071 2092 0
2072 1205 1
2072 3631 1
2072 2374 1
2072 4600 1
2072 4601 1
2072 2337 0
2072 1760 0
2072 5588 0
2072 1769 0
2072 2845 1
2072 1496 1
2072 3043 1
2072 4984 0
2072 835 0
2073 2321 1
2073 1790 1
2073 762 1
2073 98 1
2073 2327 1
2073 1717 1
2073 3608 1
2073 2328 1
2073 6946 1
2073 5158 1
2073 1085 1
2073 1088 1
2074 2054 1
2074 236 1
2074 1113 1
2074 2328 1
2074 1717 1
2074 3608 1
2074 2053 1
2074 4222 1
2074 6235 1
2074 275 1
2074 762 1
2074 1480 1
2074 854 1
2075 5110 1
2075 2909 0
2075 4941 0
2075 1221 0
2075 5120 0
2075 564 1
2075 560 1
2075 6617 1
2075 569 1
2075 3340 0
2076 1977 1
2076 1654 1
2076 1094 1
2076 128 1
2076 2944 1
2076 4835 1
2076 2547 1
2076 5500 1
2076 1643 1
2076 4103 1
2076 1804 0
2076 3021 1
2076 1663 1
2077 4951 1
2077 5514 0
2077 5080 0
2077 4392 0
2077 5521 1
2077 654 0
2077 6179 0
2077 2374 0
2077 5091 1
2077 1950 1
2077 5291 0
2077 809 0
2077 4595 0
2077 348 0
2077 6588 0
2077 4957 1
2078 2321 1
2078 366 1
2078 4558 1
2078 3611 1
2078 4559 1
2078 2323 1
2078 367 0
2078 5154 1
2078 3609 1
2078 1717 1
2078 3608 1
2078 2328 1
2079 6374 1
2079 2067 1
2079 3562 1
2079 6488 1
2079 6492 1
2079 2033 0
2079 2347 1
2079 2034 1
2079 5613 0
2079 6005 1
2079 6507 1
2079 2371 0
2079 6797 1
2079 3443 1
2079 6022 0
2079 3808 0
2079 6292 1
2079 182 0
2080 967 1
2080 3940 1
2080 3450 1
2080 4919 1
2080 579 1
2080 4486 1
2080 6097 1
2080 6486 1
2080 1460 1
2080 1458 1
2080 1159 1
2080 5565 1
2080 5406 1
2080 3540 1
2080 4472 1
2080 5245 1
2080 2585 1
2080 3145 1
2080 2950 1
2080 5675 1
2080 3268 1
2080 3136 1
2080 5776 1
2080 3522 1
2080 3044 1
2080 3944 1
2080 1687 1
2080 1466 1
2080 3499 1
2080 5556 1
2080 2191 1
2080 4910 0
2080 3893 1
2080 1440 1
2081 1039 1
2081 2455 0
2081 5033 0
2081 4070 0
2081 618 0
2081 1639 0
2081 2021 0
2081 3303 0
2081 4091 0
2081 3792 0
2081 6736 0
2081 824 1
2081 5644 1
2082 6883 1
2082 1460 0
2082 3940 1
2082 1458 0
2082 5770 0
2082 2950 1
2082 5675 0
2082 3522 1
2082 6080 1
2082 796 1
2082 2286 1
2082 3100 1
2083 5297 1
2083 4185 1
2083 1641 1
2083 5746 1
2083 5832 0
2083 666 1
2083 3720 0
2083 4951 1
2083 5620 1
2083 1665 0
2083 3052 0
2083 5026 1
2083 3346 0
2083 5299 1
2083 6064 1
2083 2288 1
2083 5286 1
2083 801 1
2084 607 1
2084 3180 1
2084 5768 1
2084 1785 1
2084 3959 1
2084 4014 1
2084 2466 1
2084 474 1
2084 5694 1
2084 5488 1
2084 2358 1
2084 2677 1
2085 3475 1
2085 2919 1
2085 4731 1
2085 5628 1
2085 3348 0
2085 6954 1
2085 5945 0
2085 5391 0
2085 2884 0
2085 692 0
2085 5606 0
2085 3953 0
2085 637 0
2086 2033 1
2086 6568 1
2086 4963 0
2086 1730 1
2086 2345 1
2086 4892 1
2086 2034 1
2086 6005 0
2086 5793 0
2086 182 1
2087 5761 1
2087 5772 1
2087 973 1
2087 527 1
2087 2386 1
2087 4021 1
2087 4821 1
2087 2416 1
2087 936 1
2087 4906 1
2087 4044 1
2087 5488 1
2087 5376 1
2087 574 1
2087 525 0
2087 1163 0
2087 4204 0
2087 997 0
2088 2033 1
2088 6568 1
2088 4963 0
2088 1730 1
2088 2345 1
2088 4892 1
2088 2034 1
2088 6005 0
2088 5793 0
2088 182 1
2089 4260 1
2089 631 1
2089 3134 1
2089 2872 1
2089 4598 1
2089 3349 1
2089 1359 1
2089 6503 1
2089 3489 1
2089 3892 1
2089 3468 1
2089 1134 1
2089 4130 1
2089 6193 1
2089 2663 1
2089 6219 1
2089 6597 1
2089 4329 1
2089 3758 1
2089 5850 0
2089 6316 0
2089 1744 0
2089 6550 0
2089 5496 0
2090 2321 1
2090 98 1
2090 1480 1
2090 762 1
2090 1790 0
2090 1085 1
2090 2327 0
2090 5158 0
2090 1088 1
2090 1716 1
2091 904 1
2091 3994 1
2091 3206 1
2091 3099 1
2091 3347 1
2091 155 1
2091 3568 1
2091 6625 1
2091 5366 1
2091 1869 1
2091 5430 1
2092 4260 1
2092 631 1
2092 3134 1
2092 2872 1
2092 4598 1
2092 3349 1
2092 1359 1
2092 6503 1
2092 3489 1
2092 3892 1
2092 3468 1
2092 1134 1
2092 4130 1
2092 6193 1
2092 2663 1
2092 6219 1
2092 6597 1
2092 4329 1
2092 3758 1
2092 5850 0
2092 6316 0
2092 1744 0
2092 6550 0
2092 5496 0
2093 2041 0
2093 967 1
2093 3940 1
2093 3450 1
2093 1460 1
2093 2950 1
2093 3522 1
2093 3044 1
2093 3944 1
2093 3499 1
2093 4910 1
2094 5239 0
2094 3758 1
2094 5982 1
2094 6503 1
2094 812 1
2094 6588 0
2094 2168 1
2094 3187 1
2094 2842 1
2094 368 0
2094 6175 1
2095 946 0
2095 2062 1
2095 2938 1
2095 4275 1
2095 6933 1
2095 6177 0
2095 1493 0
2095 3912 0
2095 4189 0
2095 6979 0
2095 2351 0
2095 1664 0
2095 5684 0
2095 4788 0
2095 536 0
2095 1791 0
2095 6182 0
2095 6860 0
2095 3185 0
2095 4623 0
2095 3954 0
2095 3112 0
2095 2156 0
2095 6974 0
2095 629 0
2095 435 0
2095 3332 0
2096 6114 1
2096 5427 1
2096 3729 1
2096 5273 0
2096 1711 1
2096 1696 1
2096 6294 1
2096 5589 1
2096 3097 1
2096 4833 0
2096 965 1
2097 1526 1
2097 1710 1
2097 13 1
2097 11 1
2097 1656 1
2097 6851 0
2097 106 0
2097 5039 0
2097 2284 0
2097 3583 1
2098 4352 1
2098 1671 1
2098 318 1
2098 2159 1
2098 5838 1
2098 5839 1
2098 4636 1
2098 5298 1
2098 1743 1
2098 5074 1
2098 1946 1
2098 4073 1
2098 2109 1
2098 1678 0
2099 1491 1
2099 6307 1
2099 1031 1
2099 6828 1
2099 6120 1
2099 4349 1
2099 638 1
2099 212 1
2099 2886 1
2099 2372 1
2099 5345 1
2099 5701 0
2099 71 0
2100 5701 1
2100 6938 1
2100 1640 1
2100 71 1
2100 1981 1
2100 5834 1
2100 5447 1
2100 4957 1
2100 1641 1
2100 5514 1
2101 2062 1
2101 6617 1
2101 2345 1
2101 1730 1
2101 5701 0
2101 1640 0
2101 71 0
2101 2347 1
2101 2033 0
2101 2067 1
2101 6374 1
2101 6488 1
2101 4963 0
2102 848 1
2102 5015 1
2102 3925 1
2102 6368 1
2102 3734 1
2102 5458 1
2102 1259 1
2102 5899 1
2102 2351 0
2102 569 0
2102 6083 1
2102 3356 0
2102 4951 0
2102 6159 1
2102 2262 1
2102 2722 1
2102 846 0
2102 4251 1
2102 4154 1
2102 6860 0
2102 2832 0
2102 6940 1
2102 3386 0
2102 2353 0
2102 5076 0
2102 435 0
2102 3332 0
2102 2364 0
2102 2113 1
2103 594 1
2103 4272 1
2103 3647 1
2103 5051 1
2103 2760 1
2103 6876 1
2103 2111 1
2103 1527 1
2103 1712 1
2103 1701 1
2103 4266 1
2103 4720 1
2103 5630 1
2103 1539 0
2104 5072 1
2104 796 1
2104 5889 1
2104 2948 1
2104 1440 1
2104 5204 1
2104 5939 1
2104 3926 1
2104 4474 1
2104 5934 1
2104 2570 1
2104 5670 1
2105 967 1
2105 3940 1
2105 3450 1
2105 4919 1
2105 579 1
2105 4486 1
2105 6097 1
2105 6486 1
2105 1458 1
2105 1159 1
2105 5565 1
2105 5406 1
2105 3540 1
2105 4472 1
2105 5245 1
2105 2585 1
2105 3145 1
2105 1460 0
2105 2950 1
2105 5675 1
2105 3268 1
2105 3136 1
2105 5776 1
2105 3522 1
2105 3044 1
2105 3944 1
2105 5556 1
2105 2191 1
2106 1031 1
2106 4349 1
2106 6383 0
2106 2372 1
2106 3796 1
2106 3127 1
2106 4514 1
2106 5668 1
2106 4242 1
2106 3126 1
2107 615 1
2107 6240 1
2107 4926 1
2107 3457 1
2107 1804 1
2107 6145 1
2107 1643 1
2107 4103 1
2107 815 1
2107 986 1
2107 1018 1
2107 6502 1
2107 903 1
2107 2998 1
2107 1096 1
2107 5531 1
2108 4505 1
2108 2957 1
2108 2955 1
2108 7003 1
2108 6778 1
2108 5761 1
2108 2133 1
2108 2426 1
2108 5298 1
2108 6789 1
2108 2132 0
2108 2034 1
2109 4272 1
2109 2760 1
2109 5387 1
2109 5128 1
2109 3666 1
2109 4160 1
2109 3836 1
2109 5966 1
2109 3317 1
2109 4684 1
2110 215 1
2110 2521 1
2110 2352 0
2110 2432 0
2110 6440 0
2110 3369 0
2110 4706 0
2110 2446 0
2110 2447 0
2110 3373 0
2111 2696 1
2111 5080 0
2111 3010 0
2111 893 0
2111 6493 0
2111 5105 0
2111 6848 0
2111 3763 0
2111 5955 0
2111 5239 0
2111 5947 0
2111 6132 0
2111 1384 0
2112 2895 1
2112 6756 1
2112 1992 1
2112 4693 1
2112 5597 1
2112 3679 1
2112 5160 1
2112 3581 1
2112 5593 1
2112 2936 1
2113 3861 1
2113 5921 1
2113 3793 1
2113 5141 0
2113 368 0
2113 2053 0
2113 1496 1
2113 209 1
2113 4130 1
2113 5496 1
2113 1408 1
2113 3493 1
2113 126 1
2114 1915 1
2114 13 1
2114 1724 1
2114 809 1
2114 5283 1
2114 3125 1
2114 397 1
2114 801 1
2114 5755 1
2114 3098 1
2114 4923 1
2114 2377 1
2114 4978 1
2115 6374 1
2115 6492 1
2115 2034 1
2115 2347 1
2115 4963 0
2115 5613 0
2115 6005 0
2115 6507 0
2115 2033 1
2115 2371 0
2116 3347 1
2116 3994 1
2116 3099 1
2116 5366 1
2116 6625 1
2116 5021 1
2116 2616 1
2116 4118 1
2116 1707 0
2116 6265 1
2116 1923 1
2116 3233 1
2117 2505 1
2117 2148 1
2117 6471 1
2117 5777 1
2117 2356 1
2117 1666 1
2117 745 1
2117 1501 1
2117 4465 1
2117 4467 1
2117 5342 1
2117 139 1
2117 5971 1
2117 4082 1
2117 998 1
2117 3643 1
2118 2505 1
2118 2148 1
2118 6471 1
2118 5777 1
2118 2356 1
2118 1666 1
2118 745 1
2118 1501 1
2118 4465 1
2118 4467 1
2118 5342 1
2118 139 1
2118 5971 1
2118 4082 1
2118 998 1
2118 3643 1
2119 1480 1
2119 98 1
2119 2327 1
2119 1088 1
2119 367 1
2119 99 1
2119 368 0
2119 5154 1
2119 2263 0
2119 6503 0
2120 6310 0
2120 4439 1
2120 3925 0
2120 2964 0
2120 5458 1
2120 1895 0
2120 5091 0
2120 891 0
2120 5083 0
2120 1259 0
2120 1028 0
2120 3444 0
2120 6355 1
2120 5815 1
2120 1098 0
2120 4641 0
2120 7004 0
2120 6921 1
2120 4251 0
2120 543 0
2120 6400 0
2120 6430 0
2120 5015 0
2120 6014 1
2120 6083 0
2120 3356 0
2120 848 0
2121 631 0
2121 2663 0
2121 4801 1
2121 3489 1
2121 2263 0
2121 6503 0
2121 3758 0
2121 368 0
2121 207 0
2121 340 0
2122 5397 1
2122 329 1
2122 3972 1
2122 4070 1
2122 3694 1
2122 6264 1
2122 5033 1
2122 419 1
2122 6870 1
2122 5003 1
2122 3307 1
2122 1413 1
2122 1412 1
2122 3217 1
2122 1935 1
2122 5539 1
2122 3398 1
2122 4047 1
2122 2073 1
2122 3977 1
2122 6261 1
2122 4368 1
2122 4046 1
2122 6427 1
2122 6694 1
2122 1033 1
2122 5070 1
2122 2865 1
2122 2611 1
2122 5644 0
2122 471 0
2122 4983 0
2122 88 0
2122 4660 0
2122 2139 0
2122 3983 0
2122 546 0
2122 6003 1
2122 6655 1
2123 3719 1
2123 6289 1
2123 2450 1
2123 3602 1
2123 5825 1
2123 3668 1
2123 2209 0
2123 4925 1
2123 5145 1
2123 2774 0
2124 1640 1
2124 2588 1
2124 6938 1
2124 2210 1
2124 3201 1
2124 5701 1
2124 141 1
2124 4151 1
2124 6510 1
2124 5170 1
2124 5413 1
2124 4435 1
2124 3529 1
2124 316 1
2125 3734 0
2125 5910 1
2125 2382 0
2125 5514 0
2125 538 1
2125 1641 0
2125 3661 0
2125 1547 0
2125 6980 0
2125 4998 1
2125 6940 0
2125 4957 1
2126 368 0
2126 1714 1
2126 2323 0
2126 2263 0
2126 339 0
2126 6503 0
2126 4553 0
2126 6355 0
2126 3315 0
2126 2443 1
2127 2315 1
2127 5728 1
2127 968 1
2127 5678 1
2127 700 1
2127 6199 0
2127 3583 0
2127 3652 0
2127 2907 0
2127 4333 0
2127 2592 0
2128 3450 1
2128 3940 1
2128 967 1
2128 4919 1
2128 579 1
2128 4486 1
2128 6097 1
2128 6486 1
2128 1458 1
2128 1159 1
2128 5565 1
2128 5406 1
2128 3540 1
2128 4472 1
2128 5245 1
2128 2585 1
2128 3145 1
2128 2950 1
2128 5675 1
2128 3268 1
2128 3136 1
2128 5776 1
2128 3522 1
2128 3044 1
2128 3944 1
2128 1466 1
2128 1687 1
2128 3499 1
2128 5556 1
2128 2191 1
2128 4910 1
2128 3893 1
2128 1440 1
2128 6080 1
2128 5384 1
2129 99 1
2129 1085 1
2129 1716 1
2129 5785 1
2129 3767 1
2129 762 1
2129 3503 1
2129 1088 1
2129 98 1
2129 6708 1
2129 5158 1
2130 6209 1
2130 535 1
2130 203 1
2130 1776 1
2130 2447 1
2130 2959 1
2130 2166 1
2130 1957 1
2130 6329 1
2130 827 1
2130 2636 1
2131 6343 1
2131 3998 1
2131 3896 1
2131 710 1
2131 4386 1
2131 6273 1
2131 1288 1
2131 2810 1
2131 2808 1
2131 2807 1
2131 2809 1
2131 5617 1
2131 4949 1
2131 6868 1
2131 3891 1
2131 3413 1
2131 4937 1
2131 6632 1
2131 5994 1
2131 2461 1
2131 2598 1
2131 2462 1
2131 713 1
2131 1016 1
2131 1042 1
2131 5332 1
2131 2599 1
2131 904 1
2131 3347 1
2131 2664 0
2131 2665 0
2131 314 1
2131 4381 1
2131 2601 1
2132 1998 1
2132 5567 1
2132 4409 1
2132 474 1
2132 546 0
2132 3628 0
2132 1022 1
2132 4414 1
2132 5398 1
2132 866 1
2132 3888 1
2132 291 1
2132 6919 1
2132 6718 1
2132 1021 1
2133 5901 1
2133 6551 1
2133 6420 0
2133 2277 0
2133 1189 0
2133 573 0
2133 5939 0
2133 811 0
2133 6018 0
2133 6398 0
2133 4107 0
2133 560 0
2133 6053 0
2133 6407 0
2133 2427 0
2134 1460 1
2134 1727 1
2134 5675 1
2134 3268 1
2134 3136 1
2134 5776 1
2134 3364 1
2134 3940 0
2134 2697 1
2134 1159 1
2134 299 1
2134 814 1
2134 1458 1
2134 5565 1
2134 3358 1
2134 5406 1
2134 3540 1
2134 6873 1
2134 4472 1
2134 5245 1
2134 2585 1
2134 4877 1
2134 967 1
2134 3173 1
2134 5084 1
2134 4919 0
2134 579 0
2134 4486 0
2134 6097 0
2134 6486 0
2134 2950 0
2134 6179 0
2134 3522 1
2135 2910 1
2135 1763 1
2135 5793 1
2135 671 1
2135 6438 1
2135 6649 1
2135 1361 1
2135 5571 1
2135 5575 1
2135 3613 1
2135 1085 1
2135 5954 0
2135 6168 1
2135 3209 1
2135 5519 1
2136 3436 1
2136 5427 1
2136 934 1
2136 1145 1
2136 302 1
2136 3729 1
2136 5273 1
2136 1711 1
2136 2008 1
2136 3773 1
2136 1696 1
2136 3813 1
2136 4958 1
2136 6236 1
2136 4973 1
2136 1101 1
2136 6759 1
2136 3179 1
2136 761 1
2136 6635 1
2136 5097 1
2136 4617 1
2136 4030 1
2136 857 1
2136 3128 1
2136 2569 1
2136 6284 1
2136 5450 1
2136 749 1
2136 426 1
2136 583 1
2136 6134 1
2136 767 1
2137 3436 1
2137 5427 1
2137 934 1
2137 1145 1
2137 302 1
2137 3729 1
2137 5273 1
2137 1711 1
2137 2008 1
2137 3773 1
2137 1696 1
2137 3813 1
2137 4958 1
2137 6236 1
2137 4973 1
2137 1101 1
2137 6759 1
2137 3179 1
2137 761 1
2137 6635 1
2137 5097 1
2137 4617 1
2137 4030 1
2137 857 1
2137 3128 1
2137 2569 1
2137 6284 1
2137 5450 1
2137 749 1
2137 426 1
2137 583 1
2137 6134 1
2137 767 1
2138 1683 1
2138 3183 1
2138 1605 1
2138 5280 1
2138 3662 1
2138 3652 1
2138 1464 1
2138 4498 1
2138 2207 1
2138 2512 1
2138 2106 0
2138 5255 0
2138 4783 1
2138 858 1
2139 6679 1
2139 2416 1
2139 5488 1
2139 1074 1
2139 1633 0
2139 6826 1
2139 2359 1
2139 4477 1
2139 5761 1
2139 6789 0
2139 5720 0
2140 5613 1
2140 6761 0
2140 436 0
2140 812 0
2140 1105 1
2140 2313 0
2140 4963 0
2140 4328 0
2140 4329 0
2140 6585 0
2140 2665 0
2140 25 0
2140 5845 0
2140 6292 1
2140 795 0
2140 5070 0
2140 6507 1
2140 967 0
2140 6005 0
2140 5557 0
2140 4971 0
2140 6475 0
2140 5491 0
2140 2374 0
2140 6492 1
2140 2062 1
2140 5580 1
2140 6767 0
2140 783 0
2140 1956 0
2140 327 1
2140 2347 0
2140 6797 1
2140 2034 0
2140 6617 1
2140 4293 0
2140 3521 0
2140 3922 0
2140 2377 0
2140 2033 0
2140 2067 1
2140 1994 0
2140 4892 1
2140 2345 1
2140 1730 1
2140 2061 1
2140 6522 1
2140 2842 0
2140 5277 1
2140 2887 0
2141 5430 1
2141 904 1
2141 6788 1
2141 5596 1
2141 4055 1
2141 1707 1
2141 4563 1
2141 6232 1
2141 6455 1
2141 3206 1
2141 1082 1
2141 5869 1
2141 5639 1
2141 3415 0
2141 5887 0
2141 2795 1
2142 5427 1
2142 3729 1
2142 1711 1
2142 1696 1
2142 5199 1
2142 6294 1
2142 5589 1
2142 4833 1
2142 3097 1
2142 2095 1
2142 965 1
2142 670 0
2143 689 0
2143 1760 0
2143 2260 0
2143 5588 0
2143 4600 0
2143 4601 0
2143 4895 0
2143 1173 0
2143 1756 0
2143 6272 0
2143 2608 0
2143 3043 0
2143 3758 0
2143 5807 0
2143 3009 0
2143 5467 0
2143 310 0
2143 340 0
2143 2092 0
2143 5592 0
2143 6503 0
2143 1715 0
2144 762 1
2144 1085 1
2144 1088 1
2144 4558 0
2144 366 1
2144 3611 1
2144 2321 1
2144 4559 0
2144 2323 0
2144 3503 1
2144 5154 1
2144 1717 0
2144 3608 1
2144 2328 0
2144 6946 1
2144 342 0
2144 3609 0
2144 2327 1
2144 99 1
2144 1716 1
2144 1584 0
2144 2263 0
2144 339 1
2144 3764 0
2144 6650 0
2144 4560 0
2144 5158 0
2144 98 1
2144 367 1
2144 1790 0
2144 766 0
2144 1715 0
2144 853 0
2144 5271 0
2144 3758 0
2144 6503 0
2144 6437 0
2144 5084 0
2144 3852 0
2144 4078 0
2144 2923 0
2144 368 0
2144 6110 0
2144 6721 0
2144 3616 0
2144 3767 0
2144 5494 0
2144 2940 0
2144 1201 0
2144 6708 0
2145 650 1
2145 1743 1
2145 4073 1
2145 676 1
2145 5435 1
2145 4352 1
2145 3636 1
2145 1946 1
2145 3692 1
2145 5758 1
2145 3013 1
2145 6078 1
2145 1962 1
2145 5298 1
2145 4636 1
2145 5838 1
2145 5839 1
2145 3771 1
2145 4630 1
2145 1675 1
2145 748 1
2145 3210 1
2145 6172 1
2145 2315 1
2145 604 1
2145 1130 1
2145 2970 1
2145 2974 1
2145 2973 1
2145 893 0
2145 4624 1
2145 55 1
2145 5619 1
2145 5046 1
2145 5524 0
2145 973 1
2145 1732 0
2145 3723 0
2146 696 1
2146 4553 1
2146 6503 1
2146 3758 1
2146 2836 1
2146 6193 1
2146 6597 1
2146 3468 1
2146 4130 1
2146 1134 1
2146 2663 1
2146 6219 1
2146 4598 1
2146 631 1
2146 3134 1
2146 4260 1
2146 1638 0
2146 2071 0
2146 3315 0
2146 4377 0
2146 909 0
2146 3095 0
2146 13 0
2146 4860 0
2146 1260 0
2146 6926 0
2146 2801 0
2146 2907 0
2146 1686 0
2146 2263 0
2146 5439 1
2146 3017 1
2146 340 1
2146 3088 0
2146 4801 1
2146 5085 1
2146 1481 1
2146 1078 0
2146 2872 0
2146 1359 0
2146 3349 0
2146 3489 0
2146 3892 0
2146 5291 0
2146 368 0
2146 6369 0
2146 3718 0
2146 6248 0
2146 679 0
2146 951 0
2147 539 1
2147 6898 1
2147 3783 1
2147 2594 0
2147 4113 1
2147 821 1
2147 1782 0
2147 1960 0
2147 2822 1
2147 4256 1
2147 3737 1
2148 697 1
2148 361 1
2148 6272 1
2148 3043 1
2148 4359 1
2148 699 1
2148 1949 1
2148 4601 1
2148 2092 1
2148 4256 1
2148 5660 0
2149 3737 1
2149 5899 1
2149 2353 0
2149 6477 0
2149 4037 1
2149 6368 1
2149 1914 1
2149 509 1
2149 1181 1
2149 4348 1
2150 885 1
2150 886 1
2150 6064 1
2150 4338 1
2150 5249 1
2150 2213 1
2150 5514 0
2150 3982 0
2150 3147 0
2150 5874 0
2150 1912 0
2150 3273 0
2150 5904 0
2150 6173 0
2150 5470 0
2150 2346 0
2150 4227 0
2150 2371 0
2150 2337 0
2150 6374 0
2150 6488 0
2150 3562 0
2150 2067 0
2150 6642 1
2150 6022 0
2150 3808 0
2150 1895 0
2150 2785 0
2150 4995 0
2150 4961 0
2150 5110 0
2150 6492 0
2150 3382 1
2151 703 1
2151 6613 1
2151 5346 1
2151 1157 1
2151 2627 1
2151 6731 1
2151 6820 1
2151 1841 1
2151 4057 1
2151 6487 1
2151 591 1
2151 5893 1
2151 5049 1
2151 1618 1
2151 875 1
2151 4108 1
2151 1049 1
2151 1534 1
2151 2572 1
2151 6729 1
2151 4985 1
2151 5812 1
2151 1048 1
2151 4697 1
2151 2365 1
2151 2138 1
2151 3628 1
2151 6479 1
2151 546 1
2151 3542 1
2151 3301 1
2151 1102 1
2151 3302 1
2151 3223 1
2151 825 1
2151 6809 1
2151 3805 1
2151 1051 1
2151 1537 1
2151 1442 0
2151 5034 1
2151 2764 1
2151 1512 1
2152 5850 0
2152 6193 1
2152 2663 1
2152 4130 1
2152 1134 1
2152 6219 1
2152 3468 1
2152 4329 1
2152 6597 1
2152 1481 1
2152 919 0
2152 6962 0
2152 2375 0
2152 1258 0
2152 2337 0
2152 3793 0
2152 1729 0
2152 340 0
2152 1831 0
2152 5313 0
2152 6271 0
2152 4493 0
2152 3092 0
2152 211 0
2152 783 1
2152 3570 1
2152 5765 0
2152 1686 1
2152 5467 0
2152 3009 0
2152 3648 0
2152 6392 0
2152 4601 1
2152 2092 1
2152 25 0
2152 6503 1
2152 6713 1
2152 6666 1
2152 707 1
2152 943 1
2152 3758 0
2152 2440 0
2152 1744 0
2152 2608 1
2152 6272 1
2152 1756 1
2152 1173 1
2152 5496 1
2152 6087 0
2152 1923 0
2153 5150 1
2153 5928 0
2153 3990 0
2153 5491 0
2153 5756 0
2153 2548 1
2153 6818 1
2153 616 1
2153 1284 0
2153 4250 0
2153 2015 1
2154 2062 1
2154 3912 0
2154 4623 0
2154 3954 0
2154 3112 0
2154 2156 0
2154 629 0
2154 6974 0
2154 435 0
2154 3332 0
2154 3185 0
2154 5957 0
2154 946 0
2154 1493 0
2154 6177 0
2154 2938 1
2154 5664 0
2154 4189 1
2154 6979 1
2154 6182 0
2154 6860 0
2154 1664 0
2154 1791 0
2154 2397 0
2154 2350 0
2155 3141 1
2155 1699 1
2155 2261 1
2155 6221 1
2155 6667 1
2155 2487 1
2155 5039 1
2155 4755 1
2155 4756 1
2155 6549 1
2156 4801 1
2156 5770 1
2156 5501 1
2156 2825 1
2156 3609 1
2156 6503 1
2156 99 0
2156 2374 0
2156 2445 1
2156 3758 1
2156 6778 0
2156 6093 1
2156 6059 1
2156 5725 1
2156 3347 1
2156 654 0
2156 1820 0
2156 436 0
2156 5122 0
2156 4043 0
2156 2351 0
2156 4990 0
2156 697 0
2156 3624 0
2156 1744 0
2156 368 0
2156 783 1
2156 3552 0
2156 2612 1
2156 361 1
2156 3493 1
2156 3566 1
2156 2447 0
2156 790 0
2156 6181 1
2156 5496 1
2156 1716 0
2156 5850 0
2156 2801 0
2156 6926 0
2156 2670 0
2156 6272 1
2156 1660 0
2156 1729 1
2156 1440 0
2156 5084 0
2156 2425 0
2156 3648 0
2156 4130 1
2156 6857 1
2157 3455 0
2157 2180 0
2157 5182 0
2157 460 0
2157 1804 0
2157 4388 0
2157 4097 0
2157 4346 0
2157 5936 0
2157 1751 0
2157 1676 0
2157 3329 0
2157 2551 0
2158 3737 1
2158 2373 0
2158 5521 1
2158 2353 0
2158 6477 0
2158 1662 0
2158 3734 1
2158 1914 1
2158 6572 0
2158 1272 0
2158 5015 1
2159 1612 1
2159 3122 1
2159 6243 1
2159 5682 1
2159 2107 1
2159 3269 1
2159 863 1
2159 6846 1
2159 5499 1
2159 4912 1
2159 1666 1
2159 5304 1
2159 3426 1
2159 4939 1
2159 5148 1
2159 998 1
2159 5266 1
2159 2253 1
2159 347 1
2159 2740 1
2159 5093 1
2159 4465 1
2159 2813 1
2159 5084 1
2159 3377 1
2159 673 1
2159 5996 1
2159 6874 1
2159 6060 1
2159 6241 1
2159 4466 1
2159 1010 1
2159 976 1
2159 446 1
2159 4309 1
2159 3017 1
2159 4236 1
2159 3791 1
2159 3124 1
2159 4230 1
2159 2252 1
2159 6248 1
2159 6103 1
2159 6247 1
2159 3641 0
2159 4836 0
2160 3608 1
2160 1717 1
2160 2328 1
2160 6946 1
2160 342 1
2160 2326 0
2160 3609 1
2160 2327 1
2160 1715 1
2160 2321 1
2160 4558 0
2160 366 1
2160 3611 1
2160 4559 0
2160 3503 1
2160 762 1
2160 1088 1
2160 5154 1
2160 99 1
2160 1085 0
2160 1716 1
2160 1584 1
2160 368 0
2160 2263 0
2160 339 1
2160 3764 1
2160 6650 0
2160 1127 0
2160 5158 0
2160 4060 0
2160 4560 1
2160 6423 0
2160 6437 1
2160 98 1
2160 367 1
2160 766 1
2160 611 0
2160 853 0
2160 1620 0
2160 6646 0
2160 2923 0
2160 309 0
2160 3417 0
2160 6503 0
2160 1744 0
2160 3758 0
2160 5507 0
2160 1410 0
2160 5411 0
2160 2828 0
2161 3583 1
2161 3739 0
2161 4200 0
2161 640 1
2161 3592 0
2161 4411 0
2161 2953 0
2161 2685 1
2161 494 1
2161 2502 0
2161 1915 1
2162 1130 1
2162 5524 1
2162 973 1
2162 3165 1
2162 2690 1
2162 838 1
2162 574 1
2162 6446 1
2162 2399 1
2162 2118 1
2162 475 1
2162 3649 1
2162 650 1
2162 5542 1
2162 1149 1
2162 2900 1
2162 3883 1
2162 6906 1
2162 474 1
2162 6436 1
2162 2459 0
2162 2898 1
2162 3535 1
2162 6576 1
2162 324 1
2162 325 1
2162 2139 1
2162 4397 1
2162 6958 1
2162 6544 1
2162 3538 1
2162 5057 1
2163 2062 1
2163 6617 1
2163 2347 1
2163 2067 1
2163 6374 1
2163 6488 1
2163 3562 1
2163 2033 1
2163 1730 1
2163 2345 1
2164 4352 1
2164 5838 1
2164 5839 1
2164 4636 1
2164 5298 1
2164 1743 1
2164 5074 1
2164 1946 1
2164 4073 1
2164 1671 1
2164 318 1
2164 2159 1
2165 1717 1
2165 2328 1
2165 3608 1
2165 2323 1
2165 854 1
2165 1790 1
2165 2053 1
2165 275 0
2165 4133 1
2165 1115 1
2166 4260 1
2166 631 1
2166 2872 1
2166 4598 1
2166 3134 1
2166 3349 1
2166 1359 1
2166 1610 1
2166 2263 0
2166 1714 1
2166 3489 1
2166 3892 1
2166 3468 1
2166 1134 1
2166 4329 1
2166 4130 1
2166 6219 1
2166 2663 1
2166 6597 1
2166 6503 1
2166 339 1
2166 4801 1
2166 3088 1
2166 5085 1
2166 3758 1
2166 368 1
2166 6369 1
2166 4727 1
2166 197 1
2166 340 1
2166 766 1
2166 679 1
2166 207 1
2166 1481 1
2166 2323 1
2166 3793 0
2166 951 1
2167 1460 1
2167 967 1
2167 4472 1
2167 1458 1
2167 1159 1
2167 5245 1
2167 2585 1
2167 3145 1
2167 5333 1
2167 3104 1
2168 2735 1
2168 5323 1
2168 1172 1
2168 5755 1
2168 397 0
2168 5283 0
2168 3125 0
2168 4306 0
2168 1656 0
2168 3618 0
2168 809 1
2168 1915 1
2168 1724 0
2168 4911 0
2169 919 1
2169 368 1
2169 25 1
2169 3359 0
2169 5850 0
2169 1744 0
2169 3758 1
2169 5796 0
2169 1088 1
2169 6946 1
2169 342 1
2169 1716 1
2169 5158 1
2169 4595 0
2169 1085 1
2170 9 1
2170 3474 1
2170 6450 1
2170 1255 1
2170 4978 1
2170 6293 1
2170 2980 1
2170 1926 1
2170 1554 1
2170 640 1
2170 1931 1
2171 5239 0
2171 2609 1
2171 2109 1
2171 3735 1
2171 1676 1
2171 6997 0
2171 5859 0
2171 4945 1
2171 1658 1
2171 5937 1
2172 3998 1
2172 6343 1
2172 6636 1
2172 6305 0
2172 710 1
2172 5018 1
2172 6823 1
2172 4949 1
2172 2810 1
2172 6772 1
2172 2001 1
2172 6868 0
2172 5518 1
2173 5277 1
2173 1730 1
2173 2345 1
2173 4892 1
2173 6568 1
2173 2062 1
2173 3877 1
2173 2067 1
2173 6488 1
2173 6933 1
2173 5638 1
2173 4924 1
2173 4114 1
2173 3386 0
2173 3466 0
2173 2353 0
2173 4811 0
2173 5521 0
2173 3976 1
2173 5329 0
2173 3970 0
2173 435 0
2173 3332 0
2174 3996 1
2174 1615 1
2174 5699 1
2174 3691 1
2174 5336 1
2174 920 1
2174 5337 1
2174 5335 1
2174 4062 1
2174 3682 1
2174 3593 1
2175 2603 1
2175 3816 1
2175 4967 1
2175 750 1
2175 6740 1
2175 5199 1
2175 3729 1
2175 1711 1
2175 3813 1
2175 6294 1
2175 930 1
2175 965 1
2175 1268 1
2175 5135 1
2175 2791 1
2175 2580 1
2175 4416 1
2175 6530 1
2176 5975 1
2176 1054 1
2176 4362 1
2176 6572 1
2176 1272 1
2176 5413 0
2176 5474 1
2176 4619 0
2176 2298 1
2176 3548 1
2176 6527 1
2176 5348 1
2176 3251 1
2176 5411 1
2176 1521 0
2176 2920 0
2176 1549 1
2176 189 0
2176 5455 0
2176 6880 0
2176 5450 0
2176 761 0
2176 4429 0
2176 5134 0
2176 2001 0
2176 4780 0
2176 5635 1
2176 2601 0
2176 6646 1
2176 1527 0
2176 3364 0
2176 6570 1
2176 649 1
2176 3441 1
2176 5548 0
2176 2909 0
2176 4667 0
2176 6454 0
2176 658 0
2176 4941 0
2176 155 0
2176 5430 0
2176 6064 0
2176 2264 0
2176 6046 0
2176 3141 0
2176 6594 0
2176 6664 0
2176 1620 0
2176 4759 0
2177 5228 0
2177 2086 1
2177 6637 1
2177 6911 1
2177 4899 1
2177 5127 1
2177 1732 0
2177 5124 1
2177 2044 0
2177 845 0
2177 1009 0
2178 5912 1
2178 6762 1
2178 2363 1
2178 1619 1
2178 4041 1
2178 585 1
2178 422 1
2178 5185 1
2178 2577 1
2178 561 1
2179 6197 1
2179 2082 1
2179 1103 1
2179 2799 1
2179 5424 1
2179 3171 1
2179 5842 1
2179 3297 1
2179 4104 1
2179 4039 1
2180 993 0
2180 3787 1
2180 1767 1
2180 6409 0
2180 3039 1
2180 3200 1
2180 5847 0
2180 6346 0
2180 69 1
2180 212 1
2180 2179 1
2180 1613 0
2180 3391 0
2180 833 1
2181 3583 1
2181 3739 0
2181 4200 0
2181 6023 0
2181 3580 1
2181 2284 0
2181 640 0
2181 2446 0
2181 3592 0
2181 4411 1
2181 2953 0
2182 3812 0
2182 4207 1
2182 6368 0
2182 129 0
2182 193 0
2182 3058 0
2182 5331 0
2182 4262 0
2182 4462 0
2182 663 0
2182 3780 0
2182 731 0
2182 4275 0
2182 2405 0
2182 880 0
2182 4941 0
2183 1612 1
2183 6243 1
2183 5682 1
2183 3426 1
2183 6721 1
2183 998 1
2183 2813 1
2183 6241 1
2183 4236 1
2183 2252 1
2183 4836 1
2184 1526 1
2184 4942 1
2184 6269 1
2184 3994 1
2184 3314 1
2184 5596 0
2184 643 1
2184 1672 0
2184 3858 0
2184 603 0
2184 627 0
2184 6777 0
2184 4760 0
2184 2469 0
2184 5324 0
2184 3229 0
2184 6851 0
2184 106 0
2184 1446 0
2184 965 0
2184 5039 0
2184 6412 0
2184 3495 1
2184 1710 1
2184 2616 1
2184 6109 1
2184 2266 1
2184 2495 1
2184 6421 0
2185 1396 1
2185 789 0
2185 509 0
2185 6262 1
2185 1641 1
2185 5860 1
2185 3375 1
2185 2218 1
2185 1804 1
2185 3386 1
2185 6570 0
2185 5332 0
2185 3737 0
2186 2321 1
2186 4558 1
2186 366 1
2186 3611 1
2186 3503 1
2186 4337 0
2186 4200 0
2186 4693 0
2186 661 0
2186 762 0
2186 2446 0
2186 1088 1
2186 5154 1
2186 3609 1
2186 342 1
2186 6946 1
2186 2328 1
2186 3608 1
2186 1717 1
2186 99 1
2186 1085 1
2186 1716 1
2186 6560 0
2186 1584 1
2186 3592 0
2186 3361 0
2187 3088 1
2187 5085 1
2187 4801 1
2187 3134 1
2187 631 1
2187 2872 1
2187 4260 1
2187 1359 1
2187 4598 1
2187 3349 1
2187 3468 1
2187 1134 1
2187 6193 1
2187 6597 1
2187 2663 1
2187 6219 1
2187 4329 1
2187 4130 1
2187 207 1
2187 1481 1
2188 3088 1
2188 5085 1
2188 4801 1
2188 3134 1
2188 631 1
2188 2872 1
2188 4260 1
2188 1359 1
2188 4598 1
2188 3349 1
2188 3468 1
2188 1134 1
2188 6193 1
2188 6597 1
2188 2663 1
2188 6219 1
2188 4329 1
2188 4130 1
2188 207 1
2188 1481 1
2189 3583 1
2189 4200 0
2189 3580 0
2189 2446 0
2189 3592 0
2189 2953 0
2189 4411 0
2189 2969 0
2189 4337 0
2189 2502 0
2190 3793 1
2190 6678 1
2190 1408 1
2190 211 1
2190 4365 1
2190 3651 1
2190 5921 1
2190 4678 1
2190 5023 1
2190 3790 1
2190 5002 1
2190 4130 1
2190 5141 1
2190 1496 1
2190 5066 0
2190 2147 0
2190 6584 0
2191 3776 1
2191 1201 0
2191 2667 1
2191 6380 1
2191 2300 0
2191 1104 0
2191 3007 0
2191 1950 0
2191 5025 0
2191 2553 0
2191 2532 0
2191 1738 0
2192 2921 0
2192 368 0
2192 5765 0
2192 783 0
2192 3570 0
2192 1686 0
2192 5927 0
2192 5766 0
2192 3566 1
2192 3493 1
2192 5138 0
2193 904 1
2193 3347 1
2193 754 1
2193 4118 1
2193 3994 1
2193 1931 0
2193 5021 1
2193 1707 1
2193 1923 1
2193 3233 1
2194 2959 1
2194 2645 1
2194 6457 0
2194 6473 0
2194 6444 1
2194 1367 1
2194 4464 1
2194 176 1
2194 1912 1
2194 5904 1
2194 2346 1
2194 6409 0
2194 6728 0
2194 1943 1
2194 1963 1
2194 3341 1
2194 3340 1
2195 3793 1
2195 6678 1
2195 1408 1
2195 211 1
2195 4365 1
2195 3651 1
2195 5921 1
2195 4678 1
2195 5023 1
2195 3790 1
2195 5002 1
2195 4130 1
2195 5141 1
2195 1496 1
2195 5066 0
2195 2147 0
2195 6584 0
2196 2062 1
2196 6617 1
2196 2347 1
2196 2033 1
2196 6374 1
2196 2067 1
2196 6488 1
2196 3562 1
2196 1730 1
2196 2345 1
2196 5277 1
2196 4963 0
2196 3976 1
2196 2034 1
2197 2062 1
2197 6617 1
2197 2347 1
2197 2033 1
2197 6374 1
2197 2067 1
2197 6488 1
2197 3562 1
2197 1730 1
2197 2345 1
2197 5277 1
2197 4963 0
2197 3976 1
2197 2034 1
2198 5346 1
2198 3542 1
2198 4181 1
2198 2400 1
2198 3299 1
2198 3899 1
2198 3354 1
2198 4053 1
2198 5187 1
2198 2060 1
2198 4977 1
2198 4480 1
2198 2624 1
2198 6478 1
2198 6600 1
2198 6431 1
2198 3971 1
2198 5034 1
2198 5081 1
2198 2764 1
2198 4109 1
2198 4992 1
2198 6674 1
2198 6731 1
2198 6820 1
2198 5893 1
2198 1841 1
2198 591 1
2198 4697 1
2198 4057 1
2198 6487 1
2198 875 1
2198 4108 1
2198 5049 1
2198 1049 1
2198 1048 1
2199 1915 1
2199 13 1
2199 1724 1
2199 809 1
2199 5283 1
2199 397 1
2199 5755 0
2199 3098 1
2199 4923 1
2199 2377 1
2200 3141 1
2200 1699 1
2200 2261 1
2200 6221 1
2200 6667 1
2200 2487 1
2200 5039 1
2200 4755 1
2200 4756 1
2200 6183 1
2200 3324 1
2200 6669 1
2200 6563 1
2200 627 1
2200 6851 1
2200 3229 1
2200 5324 1
2200 2469 1
2200 4760 1
2200 1672 1
2200 603 1
2200 3858 1
2200 6777 1
2200 6549 1
2200 2823 1
2200 5941 1
2200 5946 1
2200 3422 1
2200 434 1
2200 4950 1
2200 5066 1
2200 6406 1
2200 2266 1
2200 2495 1
2200 506 1
2200 5030 1
2200 2861 1
2200 2445 1
2200 5563 1
2200 2491 1
2200 6422 1
2201 2404 1
2201 1938 1
2201 471 1
2201 2251 1
2201 2549 1
2201 862 1
2201 2707 1
2201 1039 1
2201 3984 1
2201 4496 0
2201 1040 0
2202 352 1
2202 5745 1
2202 3188 1
2202 4047 1
2202 2073 1
2202 3977 1
2202 6261 1
2202 4046 1
2202 6427 1
2202 6694 1
2202 1033 1
2202 5070 1
2202 4368 1
2202 3694 1
2202 6264 1
2202 5033 1
2202 419 1
2202 3307 1
2202 1413 1
2202 1412 1
2202 3217 1
2202 1040 1
2202 6870 1
2202 6737 1
2202 563 1
2202 4804 1
2202 6746 1
2202 3989 1
2202 546 1
2202 6655 1
2202 2865 1
2202 916 1
2202 2233 1
2202 1037 1
2202 5644 1
2202 88 1
2202 4660 1
2202 471 1
2202 4983 1
2202 2139 1
2202 559 1
2202 3974 1
2202 1035 1
2202 1861 1
2202 6499 1
2202 6483 1
2202 1039 1
2202 3401 1
2203 4875 1
2203 1125 1
2203 6548 1
2203 4909 1
2203 5094 1
2203 3100 1
2203 1726 1
2203 1884 1
2203 2547 1
2203 967 1
2203 2597 1
2203 2950 1
2203 2801 1
2203 6926 1
2203 2881 1
2203 2269 1
2203 505 1
2203 6810 1
2203 3634 1
2203 1460 1
2203 1291 1
2203 3940 1
2203 4910 1
2203 1511 1
2203 1159 1
2203 3540 1
2203 1458 1
2203 5675 1
2203 5776 1
2203 3136 1
2203 579 1
2203 4486 1
2203 6097 1
2203 6486 1
2203 4919 1
2204 967 1
2204 3940 1
2204 3450 1
2204 4919 1
2204 579 1
2204 4486 1
2204 6097 1
2204 6486 1
2204 1460 0
2204 1458 1
2204 1159 1
2204 5565 1
2204 5406 1
2204 3540 1
2204 4472 1
2204 5245 1
2204 2585 1
2204 3145 1
2204 2950 1
2204 5675 1
2204 3268 1
2204 3136 1
2204 5776 1
2204 3522 1
2204 3044 1
2204 3944 1
2204 1687 1
2204 1466 1
2204 3499 1
2204 5556 1
2204 2191 1
2204 4910 1
2204 3893 1
2204 1440 1
2205 796 1
2205 1916 1
2205 779 1
2205 1466 1
2205 3943 1
2205 3944 1
2205 2191 1
2205 5556 1
2205 6080 1
2205 3893 1
2205 3930 1
2205 2587 1
2205 5204 1
2206 1395 1
2206 6943 0
2206 1720 0
2206 1573 0
2206 1186 1
2206 1752 1
2206 3615 1
2206 4337 1
2206 2278 1
2206 5000 1
2206 2930 0
2207 6343 1
2207 3998 1
2207 5994 1
2207 2461 1
2207 6689 1
2207 5718 1
2207 440 1
2207 4525 1
2207 2800 1
2207 4937 1
2207 2807 1
2208 6703 1
2208 6552 1
2208 5624 1
2208 4956 0
2208 871 0
2208 4947 0
2208 4047 1
2208 3402 0
2208 546 1
2208 997 0
2209 6343 1
2209 6636 1
2209 3891 1
2209 2809 1
2209 6772 1
2209 2001 1
2209 6305 1
2209 4919 1
2209 5332 1
2209 2599 1
2209 6555 1
2209 6868 1
2210 6343 1
2210 6636 1
2210 3891 1
2210 2809 1
2210 6772 1
2210 2001 1
2210 6305 1
2210 4919 1
2210 5332 1
2210 2599 1
2210 6555 1
2210 6868 1
2211 5912 1
2211 6762 1
2211 2363 1
2211 3989 1
2211 563 1
2211 4804 1
2211 562 1
2211 546 1
2211 5185 1
2211 561 1
2211 5191 1
2211 115 1
2211 2405 1
2211 3990 1
2211 5428 1
2212 4782 1
2212 6878 1
2212 5288 1
2212 5368 1
2212 4779 1
2212 6619 1
2212 1398 1
2212 999 1
2212 2691 1
2212 822 1
2212 2694 1
2212 6476 1
2212 3014 1
2212 2564 1
2212 5250 1
2212 6501 1
2213 6565 1
2213 5961 1
2213 6295 1
2213 1794 1
2213 244 1
2213 2425 1
2213 6366 1
2213 184 1
2213 6558 1
2213 1978 1
2213 1689 1
2213 5801 1
2213 6415 1
2213 1481 1
2213 6444 1
2214 615 1
2214 6240 1
2214 1819 1
2214 4926 1
2214 3457 1
2214 1804 1
2214 6145 1
2214 1643 1
2214 4103 1
2214 815 1
2214 3331 1
2214 5094 1
2214 3279 1
2214 986 1
2214 1018 1
2214 132 1
2214 2798 1
2214 2460 1
2214 3841 1
2214 5526 1
2214 3454 1
2215 2879 1
2215 3165 1
2215 838 1
2215 1151 1
2215 1604 0
2215 3640 1
2215 2898 1
2215 6653 0
2215 179 0
2215 5439 1
2215 2153 0
2215 282 1
2215 568 1
2215 570 1
2216 6578 1
2216 986 1
2216 1018 1
2216 6601 1
2216 6863 1
2216 3312 1
2216 3452 1
2216 618 1
2216 5531 1
2216 620 1
2216 4807 1
2216 3416 1
2217 3583 1
2217 3739 1
2217 6023 1
2217 3580 1
2217 2284 1
2217 2969 1
2217 566 1
2217 2685 1
2217 494 1
2217 1915 1
2218 307 1
2218 6274 1
2218 1292 1
2218 4633 1
2218 6335 0
2218 214 0
2218 297 0
2218 6818 0
2218 1723 0
2218 2228 0
2218 614 0
2218 6540 0
2218 5044 1
2218 1528 1
2218 580 0
2218 4366 0
2218 6822 0
2218 6187 0
2218 6577 0
2218 1748 0
2218 616 0
2218 3405 0
2218 3427 0
2218 2534 0
2218 5640 0
2218 4768 0
2218 2548 0
2218 656 0
2218 2901 0
2218 865 0
2218 5326 0
2218 1609 0
2218 5055 0
2218 3412 0
2218 4833 0
2218 625 0
2218 1266 0
2218 950 0
2218 5487 0
2218 3012 0
2218 1694 0
2218 1634 0
2218 1915 0
2218 13 0
2218 84 0
2218 3799 0
2218 4359 0
2218 93 0
2218 1724 1
2218 2561 0
2219 5228 1
2219 1680 1
2219 3560 1
2219 358 1
2219 3182 1
2219 3139 1
2219 4497 1
2219 4011 1
2219 2504 1
2219 1460 1
2219 2239 1
2219 1235 1
2219 6212 1
2219 5314 1
2219 5683 1
2219 5552 1
2219 6911 1
2219 2672 1
2219 734 1
2219 387 1
2219 2556 1
2219 2903 1
2219 5547 1
2219 3655 1
2219 755 1
2219 2044 1
2220 2321 1
2220 4558 1
2220 366 1
2220 3611 1
2220 4559 1
2220 2323 1
2220 3503 1
2220 762 1
2220 1480 1
2220 1088 1
2220 5154 1
2220 1717 1
2220 3608 1
2220 2328 1
2220 6946 1
2220 342 1
2220 3609 1
2220 2327 1
2220 2326 1
2220 99 1
2220 1085 1
2220 1716 1
2220 1584 1
2220 2263 1
2220 339 1
2220 3764 1
2221 1280 1
2221 4054 1
2221 194 1
2221 4478 1
2221 1064 1
2221 3047 1
2221 2174 1
2221 3854 1
2221 1611 1
2221 1282 1
2221 4707 1
2221 1512 1
2221 5086 1
2221 2565 1
2221 33 1
2221 1574 1
2221 6395 1
2221 6490 1
2221 6848 1
2221 3763 1
2221 5105 1
2222 2171 1
2222 2231 0
2222 2113 1
2222 4957 0
2222 6572 0
2222 1272 0
2222 6183 0
2222 6563 0
2222 6669 0
2222 3324 0
2222 6186 0
2222 2114 0
2222 6370 1
2222 4461 0
2223 6801 0
2223 6222 0
2223 6401 1
2223 6163 1
2223 4641 1
2223 3391 1
2223 6856 1
2223 2961 1
2223 1644 0
2223 5332 0
2223 4573 0
2223 2599 0
2223 5403 0
2224 3136 1
2224 2500 1
2224 2354 1
2224 2147 0
2224 5675 0
2224 2673 1
2224 2597 1
2224 95 1
2224 1182 1
2224 6449 1
2225 5434 1
2225 671 1
2225 6649 1
2225 1361 1
2225 5571 1
2225 5501 1
2225 4767 1
2225 1658 1
2225 5954 1
2225 4842 1
2226 6672 1
2226 6479 1
2226 6387 1
2226 418 1
2226 2860 1
2226 3756 1
2226 4804 0
2226 4822 1
2226 4906 1
2226 2249 0
2226 2363 1
2226 5912 1
2226 1149 1
2226 3649 1
2227 339 1
2227 1716 1
2227 6503 1
2227 574 0
2227 4358 0
2227 3503 1
2227 2321 1
2227 366 1
2227 3611 1
2227 367 1
2227 3609 1
2227 5571 0
2227 1361 0
2227 5575 0
2227 5501 0
2228 6638 1
2228 3888 1
2228 2957 0
2228 1658 0
2228 518 1
2228 3267 1
2228 5226 1
2228 522 1
2228 1745 0
2228 3400 0
2228 1671 0
2228 3343 0
2229 4308 1
2229 3240 1
2229 5853 1
2229 3252 0
2229 4721 0
2229 4718 0
2229 6026 0
2229 4899 1
2229 946 0
2229 1291 0
2229 6298 1
2230 4365 1
2230 3651 1
2230 3861 1
2230 4678 1
2230 3790 1
2230 3965 1
2230 1496 1
2230 209 0
2230 2326 1
2230 4130 1
2230 5496 1
2231 2321 1
2231 4558 1
2231 366 1
2231 762 0
2231 1480 0
2231 98 0
2231 5158 0
2231 1716 0
2231 4422 0
2231 368 0
2232 2323 1
2232 2328 1
2232 3608 1
2232 1717 1
2232 6836 0
2232 762 1
2232 1480 1
2232 3503 0
2232 6353 0
2232 99 1
2233 1718 1
2233 282 1
2233 1404 1
2233 4380 1
2233 5936 1
2233 1065 1
2233 344 1
2233 5881 1
2233 5432 0
2233 2249 1
2234 5167 1
2234 346 1
2234 1916 1
2234 2493 1
2234 2451 1
2234 6196 1
2234 4703 1
2234 3580 1
2234 5942 1
2234 1393 1
